factor,factor_bin,metric,method,prefix,n,mean,std,iqr,q05,q95,std_p90,unpredictable
sparsity,1.0,fnr_region_2,TwoStep (tuned),twostep_tuned,699,0.5436337625178826,0.4980924560445912,1.0,0.0,1.0,0.45836138377256924,True
sparsity,1.0,fnr_region_2,TwoStep (recall),twostep_recall,699,0.5436337625178826,0.4980924560445912,1.0,0.0,1.0,0.4763170750164102,True
sparsity,1.0,recall_region_2,TwoStep (tuned),twostep_tuned,699,0.4563662374821173,0.4980924560445912,1.0,0.0,1.0,0.45836138377256924,True
sparsity,1.0,recall_region_2,TwoStep (recall),twostep_recall,699,0.4563662374821173,0.4980924560445912,1.0,0.0,1.0,0.4763170750164102,True
noise,3.026549586817165,fnr_region_2,λ=0,divtree_lambda0,231,0.539240080006796,0.45615007293504795,0.988504371066287,0.0,1.0,0.44362600324610857,True
noise,3.026549586817165,recall_region_2,λ=0,divtree_lambda0,231,0.460759919993204,0.45615007293504795,0.988504371066287,0.0,1.0,0.4436260032461085,True
rareness,0.0222590323398234,precision_region_2,λ=0,divtree_lambda0,112,0.5528895337231743,0.45221254602441757,0.9668532134608134,0.0,1.0,0.3970608242769601,True
data_size,455561.95166088303,fnr_region_2,TwoStep (recall),twostep_recall,221,0.4715662331603035,0.45174117982000367,0.9818494835218888,0.0,1.0,0.44386155117282333,True
data_size,455561.95166088303,recall_region_2,TwoStep (recall),twostep_recall,221,0.5284337668396966,0.45174117982000367,0.9818494835218888,0.0,1.0,0.44386155117282333,True
intensity,0.8424210637824314,fnr_region_2,TwoStep (recall),twostep_recall,220,0.4414581771361417,0.4476597721845101,0.9623993691475632,0.0,1.0,0.44345663194007345,True
intensity,0.8424210637824314,recall_region_2,TwoStep (recall),twostep_recall,220,0.5585418228638583,0.4476597721845101,0.9623993691475632,0.0,1.0,0.44345663194007345,True
data_size,374641.26936243696,fnr_region_2,TwoStep (recall),twostep_recall,231,0.4155384930567764,0.44695964722040915,0.9564104338267818,0.0,1.0,0.44386155117282333,True
data_size,374641.26936243696,recall_region_2,TwoStep (recall),twostep_recall,231,0.5844615069432236,0.44695964722040915,0.9564104338267817,0.0,1.0,0.44386155117282333,True
intensity,0.5316095394193532,fnr_region_2,TwoStep (recall),twostep_recall,233,0.4373110947996622,0.44647415834924764,0.9618506493506493,0.0,1.0,0.44345663194007345,True
intensity,0.5316095394193532,recall_region_2,TwoStep (recall),twostep_recall,233,0.562688905200338,0.4464741583492476,0.9618506493506493,0.0,1.0,0.44345663194007345,True
noise,0.01704130491500777,fnr_region_2,TwoStep (recall),twostep_recall,224,0.42039447038813327,0.44485144738730586,0.9376256110439734,0.0,1.0,0.44234548550132946,True
noise,0.01704130491500777,recall_region_2,TwoStep (recall),twostep_recall,224,0.5796055296118668,0.44485144738730586,0.9376256110439734,0.0,1.0,0.44234548550132946,True
noise,4.274750681290067,fnr_region_2,λ=0,divtree_lambda0,224,0.5582600780195303,0.4444786844466183,0.9456058121129256,0.0,1.0,0.44362600324610857,True
noise,4.274750681290067,recall_region_2,λ=0,divtree_lambda0,224,0.44173992198046974,0.4444786844466183,0.9456058121129256,0.0,1.0,0.4436260032461085,True
noise,0.760494028068737,recall_region_2,TwoStep (recall),twostep_recall,245,0.541096651027384,0.4442759462664043,0.9723609394313968,0.0,1.0,0.44234548550132946,True
noise,0.760494028068737,fnr_region_2,TwoStep (recall),twostep_recall,245,0.4589033489726159,0.44427594626640426,0.9723609394313968,0.0,1.0,0.44234548550132946,True
data_size,208362.77391753628,fnr_region_2,λ=0,divtree_lambda0,212,0.4930694599447321,0.4407559086306351,0.9753315237987653,0.0,1.0,0.43810869570797073,True
data_size,208362.77391753628,recall_region_2,λ=0,divtree_lambda0,212,0.5069305400552678,0.4407559086306351,0.9753315237987653,0.0,1.0,0.43810869570797073,True
intensity,0.3763920367806187,fnr_region_2,λ=0,divtree_lambda0,221,0.518273167898766,0.44040409494150723,0.9472672001985235,0.0,1.0,0.43951193651279735,True
intensity,0.3763920367806187,recall_region_2,λ=0,divtree_lambda0,221,0.4817268321012339,0.44040409494150723,0.9472672001985235,0.0,1.0,0.43951193651279735,True
intensity,0.8424210637824314,fnr_region_2,λ=0,divtree_lambda0,220,0.4514496210581299,0.4398993124378977,0.9666744464528654,0.0,1.0,0.43951193651279735,True
intensity,0.8424210637824314,recall_region_2,λ=0,divtree_lambda0,220,0.54855037894187,0.4398993124378977,0.9666744464528654,0.0,1.0,0.43951193651279735,True
rareness,0.0222590323398234,precision_region_2,λ=2,divtree_lambda2_region2,140,0.44925844809028254,0.4394709169250624,0.9726560299006443,0.0,1.0,0.40591300028870575,True
data_size,64450.92564416891,fnr_region_2,λ=0,divtree_lambda0,213,0.500343235383568,0.43895528406134593,0.9883501259445844,0.0,1.0,0.43810869570797073,True
data_size,64450.92564416891,recall_region_2,λ=0,divtree_lambda0,213,0.49965676461643205,0.43895528406134593,0.9883501259445844,0.0,1.0,0.43810869570797073,True
sparsity,5.0,fnr_region_2,λ=0,divtree_lambda0,791,0.6220271663222177,0.43593539456327174,0.846780319451973,0.0,1.0,0.431952710435421,True
sparsity,5.0,recall_region_2,λ=0,divtree_lambda0,791,0.37797283367778234,0.43593539456327174,0.846780319451973,0.0,1.0,0.431952710435421,True
noise,3.026549586817165,fnr_region_2,λ=2,divtree_lambda2_region2,231,0.5406737475914605,0.43518678720140597,0.9866266031620969,0.0,1.0,0.4317190829016066,True
noise,3.026549586817165,recall_region_2,λ=2,divtree_lambda2_region2,231,0.4593262524085395,0.43518678720140597,0.9866266031620969,0.0,1.0,0.4317190829016066,True
noise,1.5171265228807906,fnr_region_2,λ=8,divtree_lambda8_region2,224,0.49450924865475826,0.43493120454370887,0.923531005369147,0.0,1.0,0.4287915401089431,True
noise,1.5171265228807906,recall_region_2,λ=8,divtree_lambda8_region2,224,0.5054907513452418,0.4349312045437088,0.923531005369147,0.0,1.0,0.4287915401089431,True
noise,1.5171265228807906,recall_region_2,λ=2,divtree_lambda2_region2,224,0.507602545519432,0.43459458729474354,0.9519635726470033,0.0,1.0,0.4317190829016066,True
noise,1.5171265228807906,fnr_region_2,λ=2,divtree_lambda2_region2,224,0.492397454480568,0.4345945872947435,0.9519635726470033,0.0,1.0,0.4317190829016066,True
data_size,208362.77391753628,fnr_region_2,λ=2,divtree_lambda2_region2,212,0.4915566489299542,0.4341939563846657,0.9600656070633319,0.0,1.0,0.4295319496672729,True
data_size,208362.77391753628,recall_region_2,λ=2,divtree_lambda2_region2,212,0.5084433510700459,0.4341939563846657,0.9600656070633319,0.0,1.0,0.42953194966727287,True
data_size,43587.85544382496,fnr_region_2,λ=4,divtree_lambda4_region2,211,0.5239975281179108,0.43351198117091033,0.9577447294394389,0.0,1.0,0.42839849637586885,True
data_size,43587.85544382496,recall_region_2,λ=4,divtree_lambda4_region2,211,0.4760024718820892,0.43351198117091033,0.9577447294394389,0.0,1.0,0.4283984963758689,True
intensity,0.21169951438065343,recall_region_2,λ=2,divtree_lambda2_region2,251,0.47388586956643747,0.4334047128515035,0.9495547942470351,0.0,1.0,0.4303739245509382,True
intensity,0.21169951438065343,fnr_region_2,λ=2,divtree_lambda2_region2,251,0.5261141304335626,0.43340471285150345,0.9495547942470351,0.0,1.0,0.4303739245509382,True
intensity,0.3763920367806187,fnr_region_2,λ=8,divtree_lambda8_region2,221,0.4864040446464256,0.43311149687065875,0.9342222222222222,0.0,1.0,0.4272765893305503,True
intensity,0.3763920367806187,recall_region_2,λ=8,divtree_lambda8_region2,221,0.5135959553535744,0.43311149687065875,0.9342222222222222,0.0,1.0,0.4272765893305503,True
intensity,0.3763920367806187,fnr_region_2,λ=2,divtree_lambda2_region2,221,0.49766058852035444,0.43306479732983827,0.9743589743589743,0.0,1.0,0.4303739245509382,True
intensity,0.3763920367806187,recall_region_2,λ=2,divtree_lambda2_region2,221,0.5023394114796456,0.43306479732983827,0.9743589743589743,0.0,1.0,0.4303739245509382,True
intensity,0.1498882271567853,fnr_region_2,λ=4,divtree_lambda4_region2,212,0.5005040461568679,0.4329000914682365,0.8927517092971669,0.0,1.0,0.42928680468731895,True
intensity,0.1498882271567853,recall_region_2,λ=4,divtree_lambda4_region2,212,0.499495953843132,0.4329000914682365,0.8927517092971669,0.0,1.0,0.42928680468731895,True
data_size,43587.85544382496,fnr_region_2,λ=8,divtree_lambda8_region2,211,0.520335621940583,0.4328758161056387,0.921606043973563,0.0,1.0,0.42836887778108407,True
data_size,43587.85544382496,recall_region_2,λ=8,divtree_lambda8_region2,211,0.479664378059417,0.4328758161056387,0.921606043973563,0.0,1.0,0.42836887778108407,True
intensity,0.3763920367806187,fnr_region_2,λ=4,divtree_lambda4_region2,221,0.4995404121770862,0.4323237334555282,0.9573313293253173,0.0,1.0,0.42928680468731895,True
intensity,0.3763920367806187,recall_region_2,λ=4,divtree_lambda4_region2,221,0.5004595878229138,0.4323237334555282,0.9573313293253173,0.0,1.0,0.42928680468731895,True
rareness,0.0222590323398234,precision_region_2,λ=8,divtree_lambda8_region2,154,0.4206519601920631,0.43183439325975903,0.9757748276131379,0.0,1.0,0.3933268879194818,True
data_size,64450.92564416891,recall_region_2,λ=8,divtree_lambda8_region2,213,0.5216599601576105,0.4316603158699436,0.925280567040756,0.0,1.0,0.42836887778108407,True
data_size,64450.92564416891,fnr_region_2,λ=8,divtree_lambda8_region2,213,0.47834003984238954,0.43166031586994347,0.925280567040756,0.0,1.0,0.42836887778108407,True
rareness,0.04674841824230089,precision_region_2,λ=0,divtree_lambda0,122,0.6288680838076546,0.43095220999707423,0.8857653496077993,0.0,1.0,0.3970608242769601,True
data_size,43587.85544382496,fnr_region_2,λ=2,divtree_lambda2_region2,211,0.5381923895017235,0.43067863174018217,0.9479403566355498,0.0,1.0,0.4295319496672729,True
data_size,43587.85544382496,recall_region_2,λ=2,divtree_lambda2_region2,211,0.4618076104982764,0.4306786317401821,0.9479403566355499,0.0,1.0,0.42953194966727287,True
rareness,0.04674841824230089,precision_region_2,λ=2,divtree_lambda2_region2,152,0.5099852706145903,0.43005140593024216,0.9359697977796883,0.0,1.0,0.40591300028870575,True
noise,0.5384344159537604,fnr_region_2,λ=8,divtree_lambda8_region2,220,0.46556554963445274,0.43003927353232957,0.8954519823479967,0.0,1.0,0.4287915401089431,True
noise,0.5384344159537604,recall_region_2,λ=8,divtree_lambda8_region2,220,0.5344344503655473,0.43003927353232957,0.8954519823479966,0.0,1.0,0.4287915401089431,True
data_size,208362.77391753628,recall_region_2,λ=4,divtree_lambda4_region2,212,0.5194268171805408,0.4297685277044808,0.9258250428540072,0.0,1.0,0.4283984963758689,True
data_size,208362.77391753628,fnr_region_2,λ=4,divtree_lambda4_region2,212,0.48057318281945904,0.4297685277044807,0.9258250428540072,0.0,1.0,0.42839849637586885,True
noise,1.5171265228807906,fnr_region_2,λ=4,divtree_lambda4_region2,224,0.48916628481147667,0.4294282331532061,0.909704609959568,0.0,1.0,0.4283403022218822,True
noise,1.5171265228807906,recall_region_2,λ=4,divtree_lambda4_region2,224,0.5108337151885233,0.4294282331532061,0.9097046099595681,0.0,1.0,0.4283403022218822,True
noise,0.01206534794533958,recall_region_2,λ=4,divtree_lambda4_region2,226,0.5770348299657767,0.4292330816635981,0.8992977256620063,0.0,1.0,0.4283403022218822,True
noise,0.01206534794533958,fnr_region_2,λ=4,divtree_lambda4_region2,226,0.4229651700342233,0.429233081663598,0.8992977256620063,0.0,1.0,0.4283403022218822,True
rareness,0.0222590323398234,precision_region_2,λ=4,divtree_lambda4_region2,156,0.4171692869198195,0.42870596210759637,0.9728862006691429,0.0,1.0,0.40481784666359927,True
intensity,0.8424210637824314,fnr_region_2,λ=8,divtree_lambda8_region2,220,0.4564804282462836,0.427839393389473,0.9423628075308306,0.0,1.0,0.4272765893305503,True
intensity,0.8424210637824314,recall_region_2,λ=8,divtree_lambda8_region2,220,0.5435195717537165,0.427839393389473,0.9423628075308305,0.0,1.0,0.4272765893305503,True
sparsity,5.0,fnr_region_2,λ=2,divtree_lambda2_region2,791,0.625234275661688,0.42744281841303616,0.8637984623858848,0.0,1.0,0.4262964165071911,True
sparsity,5.0,recall_region_2,λ=2,divtree_lambda2_region2,791,0.374765724338312,0.42744281841303616,0.8637984623858849,0.0,1.0,0.4262964165071911,True
sparsity,5.0,recall_region_2,λ=8,divtree_lambda8_region2,791,0.38535020710445816,0.4241997687028438,0.9485084460093208,0.0,1.0,0.42347527811960817,True
sparsity,5.0,fnr_region_2,λ=8,divtree_lambda8_region2,791,0.6146497928955418,0.42419976870284376,0.9485084460093208,0.0,1.0,0.42347527811960817,True
sparsity,6.0,fnr_region_2,λ=4,divtree_lambda4_region2,701,0.5904293326072685,0.4240747524744247,0.9624844977263332,0.0,1.0,0.4240016410553663,True
sparsity,6.0,recall_region_2,λ=4,divtree_lambda4_region2,701,0.40957066739273146,0.4240747524744247,0.9624844977263332,0.0,1.0,0.4240016410553663,True
data_size,140914.75612831092,fnr_region_2,TwoStep (tuned),twostep_tuned,222,0.46453680288886334,0.42056081476600193,0.965246460771194,0.0,1.0,0.4171199150521218,True
data_size,140914.75612831092,recall_region_2,TwoStep (tuned),twostep_tuned,222,0.5354631971111365,0.4205608147660019,0.9652464607711941,0.0,1.0,0.4171199150521218,True
intensity,0.21169951438065343,fnr_region_2,TwoStep (tuned),twostep_tuned,251,0.5297970093876604,0.4203070885413886,0.9249829072445905,0.0,1.0,0.41633648839459225,True
intensity,0.21169951438065343,recall_region_2,TwoStep (tuned),twostep_tuned,251,0.47020299061233956,0.4203070885413886,0.9249829072445906,0.0,1.0,0.41633648839459225,True
intensity,0.5316095394193532,recall_region_2,TwoStep (tuned),twostep_tuned,233,0.5261208359381037,0.41980928171671816,0.9391402347553808,0.0,1.0,0.41633648839459225,True
intensity,0.5316095394193532,fnr_region_2,TwoStep (tuned),twostep_tuned,233,0.47387916406189634,0.4198092817167181,0.9391402347553808,0.0,1.0,0.41633648839459225,True
noise,0.760494028068737,recall_region_2,TwoStep (tuned),twostep_tuned,245,0.5098486887587301,0.41861005479981744,0.9407724547460282,0.0,1.0,0.41432396846810765,True
noise,0.760494028068737,fnr_region_2,TwoStep (tuned),twostep_tuned,245,0.4901513112412698,0.4186100547998174,0.9407724547460282,0.0,1.0,0.41432396846810765,True
rareness,0.04674841824230089,precision_region_2,λ=4,divtree_lambda4_region2,165,0.47137233912107646,0.41857429207364105,0.9380116959064327,0.01499840489312784,1.0,0.40481784666359927,True
noise,1.0741348427807047,fnr_region_2,TwoStep (tuned),twostep_tuned,204,0.4548550900069162,0.41836888565928304,0.9415221528834028,0.0,1.0,0.41432396846810765,True
noise,1.0741348427807047,recall_region_2,TwoStep (tuned),twostep_tuned,204,0.5451449099930837,0.41836888565928304,0.9415221528834028,0.0,1.0,0.41432396846810765,True
data_size,455561.95166088303,recall_region_2,TwoStep (tuned),twostep_tuned,221,0.48781308218584357,0.418165559270886,0.97220792831589,0.0,1.0,0.4171199150521218,True
data_size,455561.95166088303,fnr_region_2,TwoStep (tuned),twostep_tuned,221,0.5121869178141564,0.41816555927088594,0.97220792831589,0.0,1.0,0.4171199150521218,True
rareness,0.04674841824230089,precision_region_2,λ=8,divtree_lambda8_region2,173,0.44064131421387925,0.4122884850557115,0.9384775808133472,0.0,1.0,0.3933268879194818,True
rareness,0.2671528913645983,recall_region_2,λ=0,divtree_lambda0,240,0.4980968721565134,0.4091858056354355,0.8436914594646358,0.0,1.0,0.3917487596737324,True
rareness,0.2671528913645983,fnr_region_2,λ=0,divtree_lambda0,240,0.5019031278434867,0.4091858056354354,0.8436914594646358,0.0,1.0,0.3917487596737324,True
rareness,0.2426635054621208,fnr_region_2,λ=0,divtree_lambda0,213,0.6117790125130604,0.40571863182210655,0.8514228043616578,0.0,1.0,0.3917487596737324,True
rareness,0.2426635054621208,recall_region_2,λ=0,divtree_lambda0,213,0.3882209874869395,0.40571863182210655,0.8514228043616577,0.0,1.0,0.3917487596737324,True
rareness,0.0222590323398234,fnr_region_2,λ=8,divtree_lambda8_region2,222,0.7045179920031927,0.3943308241892203,0.5630763312633951,0.0,1.0,0.375819346622807,True
rareness,0.0222590323398234,recall_region_2,λ=8,divtree_lambda8_region2,222,0.29548200799680746,0.3943308241892202,0.5630763312633951,0.0,1.0,0.375819346622807,True
rareness,0.0222590323398234,fnr_region_2,λ=4,divtree_lambda4_region2,222,0.7137729026595325,0.3923328647424192,0.5108695652173914,0.0,1.0,0.37789458136097254,True
rareness,0.0222590323398234,recall_region_2,λ=4,divtree_lambda4_region2,222,0.2862270973404674,0.39233286474241913,0.5108695652173912,0.0,1.0,0.37789458136097254,True
rareness,0.0222590323398234,recall_region_2,λ=2,divtree_lambda2_region2,222,0.2704231043061099,0.38958341990345197,0.5108695652173912,0.0,1.0,0.3798287770404419,True
rareness,0.0222590323398234,fnr_region_2,λ=2,divtree_lambda2_region2,222,0.7295768956938901,0.3895834199034519,0.5108695652173914,0.0,1.0,0.3798287770404419,True
rareness,0.09572719004725587,fnr_region_2,λ=4,divtree_lambda4_region2,235,0.6812031093673774,0.3891885715611925,0.6733626439631364,0.0,1.0,0.37789458136097254,True
rareness,0.09572719004725587,recall_region_2,λ=4,divtree_lambda4_region2,235,0.31879689063262256,0.3891885715611925,0.6733626439631364,0.0,1.0,0.37789458136097254,True
rareness,0.09572719004725587,fnr_region_2,λ=8,divtree_lambda8_region2,235,0.6733007050504493,0.3877786787641245,0.6467657266164438,0.0,1.0,0.375819346622807,True
rareness,0.09572719004725587,recall_region_2,λ=8,divtree_lambda8_region2,235,0.3266992949495508,0.3877786787641245,0.6467657266164437,0.0,1.0,0.375819346622807,True
rareness,0.0222590323398234,precision_region_2,TwoStep (recall),twostep_recall,113,0.5102321605594075,0.3859093013170762,0.9064327485380117,0.0,1.0,0.34299908832738524,True
rareness,0.2671528913645983,fnr_region_2,λ=2,divtree_lambda2_region2,240,0.5101674645993002,0.38484597936213744,0.7566190681330643,0.0,1.0,0.3798287770404419,True
rareness,0.2671528913645983,recall_region_2,λ=2,divtree_lambda2_region2,240,0.4898325354006998,0.38484597936213744,0.7566190681330643,0.0,1.0,0.3798287770404419,True
rareness,0.0222590323398234,precision_region_2,TwoStep (tuned),twostep_tuned,116,0.5150387736219336,0.38444598626024235,0.9065944729079336,0.0,1.0,0.34421405595942656,True
rareness,0.0222590323398234,f1_region_2,λ=2,divtree_lambda2_region2,222,0.2517760187166564,0.3841622869588172,0.43002104923796597,0.0,1.0,0.3766809924017986,True
rareness,0.0222590323398234,f1_region_2,λ=4,divtree_lambda4_region2,222,0.2623944316392355,0.3828416991729269,0.44232044006557775,0.0,1.0,0.37882363801075863,True
rareness,0.0222590323398234,f1_region_2,λ=8,divtree_lambda8_region2,222,0.26512223209230346,0.3825297858516182,0.44724989470440457,0.0,1.0,0.3737367058482066,True
rareness,0.09572719004725587,f1_region_2,λ=4,divtree_lambda4_region2,235,0.31600505412818247,0.38126819985886323,0.6634503001754444,0.0,1.0,0.37882363801075863,True
rareness,0.09572719004725587,f1_region_2,λ=8,divtree_lambda8_region2,235,0.32646184923231214,0.379054110745497,0.6366189049252731,0.0,1.0,0.3737367058482066,True
rareness,0.09572719004725587,f1_region_2,λ=2,divtree_lambda2_region2,235,0.3011492278362381,0.37676042711636376,0.5987804067841652,0.0,1.0,0.3766809924017986,True
rareness,0.09572719004725587,f1_region_2,λ=0,divtree_lambda0,235,0.272714491816227,0.3736378904145775,0.5140628425107987,0.0,1.0,0.3684886277994117,True
rareness,0.0222590323398234,f1_region_2,λ=0,divtree_lambda0,222,0.2273317315534972,0.3734591532148578,0.3104254109794,0.0,1.0,0.3684886277994117,True
noise,0.01206534794533958,f1_region_2,λ=0,divtree_lambda0,226,0.44176902898211917,0.36532946710906156,0.6504340601933735,0.0,1.0,0.3607976981338745,True
rareness,0.04674841824230089,precision_region_2,TwoStep (recall),twostep_recall,159,0.556695146877088,0.36377370433565254,0.7919994675186368,0.0,1.0,0.34299908832738524,True
intensity,0.1498882271567853,f1_region_2,λ=0,divtree_lambda0,212,0.39176611456407223,0.3632491681595991,0.632955089343014,0.0,1.0,0.3584740301274495,True
rareness,0.04674841824230089,precision_region_2,TwoStep (tuned),twostep_tuned,162,0.5686979373086565,0.3623446543511777,0.7331777445855115,0.0332886977446739,1.0,0.34421405595942656,True
noise,0.024069432106053914,f1_region_2,λ=0,divtree_lambda0,221,0.44906552924754445,0.36208616606384136,0.6424550734042543,0.0,1.0,0.3607976981338745,True
data_size,64450.92564416891,f1_region_2,λ=0,divtree_lambda0,213,0.398574900571041,0.3616590372727235,0.6429092087146675,0.0,1.0,0.3589606579052819,True
data_size,455561.95166088303,f1_region_2,λ=0,divtree_lambda0,221,0.46118237696173764,0.3603851672192489,0.6835313740796221,0.0,1.0,0.3589606579052819,True
rareness,0.04674841824230089,fnr_region_2,TwoStep (tuned),twostep_tuned,245,0.7836216676567413,0.35905312219629637,0.3016949152542373,0.0,1.0,0.3328522872156383,True
rareness,0.04674841824230089,recall_region_2,TwoStep (tuned),twostep_tuned,245,0.21637833234325857,0.35905312219629637,0.3016949152542373,0.0,1.0,0.33285228721563836,True
intensity,0.7508360294199752,f1_region_2,λ=0,divtree_lambda0,230,0.4476742682142343,0.359012431786716,0.6388175819409436,0.0,1.0,0.3584740301274495,True
rareness,0.04674841824230089,fnr_region_2,TwoStep (recall),twostep_recall,245,0.7837765889460573,0.35802188758600484,0.3016949152542373,0.0,1.0,0.3486937994511189,True
rareness,0.04674841824230089,recall_region_2,TwoStep (recall),twostep_recall,245,0.2162234110539428,0.35802188758600484,0.3016949152542373,0.0,1.0,0.3486937994511189,True
data_size,455561.95166088303,f1_region_2,λ=2,divtree_lambda2_region2,221,0.47418482633778714,0.3573335638983382,0.6443266948192882,0.0,1.0,0.35299894724784936,True
rareness,0.04674841824230089,f1_region_2,TwoStep (tuned),twostep_tuned,245,0.22427222387789625,0.3569201657111686,0.2659193523275728,0.0,1.0,0.33485917844274565,True
noise,0.01206534794533958,f1_region_2,λ=2,divtree_lambda2_region2,226,0.4634428076961201,0.35640213995057196,0.5829282957877614,0.0,1.0,0.3538171385063605,True
data_size,64450.92564416891,f1_region_2,λ=8,divtree_lambda8_region2,213,0.42721198495429447,0.35630901799996506,0.6100150154307908,0.0,1.0,0.3488068880111833,True
intensity,0.7508360294199752,f1_region_2,λ=2,divtree_lambda2_region2,230,0.46629095306619744,0.3558016701989383,0.6201739505136713,0.0,1.0,0.35124055724434083,True
rareness,0.04674841824230089,f1_region_2,TwoStep (recall),twostep_recall,245,0.222671459253112,0.3556971573398098,0.2659193523275728,0.0,1.0,0.3347925455448858,True
data_size,455561.95166088303,f1_region_2,λ=4,divtree_lambda4_region2,221,0.47544145268655297,0.3555064452341065,0.6108094812294701,0.0,1.0,0.35253465799871603,True
data_size,455561.95166088303,f1_region_2,λ=8,divtree_lambda8_region2,221,0.4821887993528446,0.35533934869811423,0.6063386710091753,0.0,1.0,0.3488068880111833,True
data_size,64450.92564416891,f1_region_2,λ=2,divtree_lambda2_region2,213,0.41624457167344264,0.3552141305015453,0.6195248330503929,0.0,1.0,0.35299894724784936,True
noise,0.13529471303661472,f1_region_2,λ=2,divtree_lambda2_region2,234,0.45420715445465415,0.35408858834242135,0.5996986304610348,0.0,1.0,0.3538171385063605,True
data_size,43587.85544382496,f1_region_2,λ=4,divtree_lambda4_region2,211,0.39559922186585156,0.35344795032557286,0.6004789791235309,0.0,1.0,0.35253465799871603,True
noise,0.01206534794533958,f1_region_2,λ=4,divtree_lambda4_region2,226,0.4768224115524596,0.35340776528215223,0.5937586952392229,0.0,1.0,0.34964159360563196,True
intensity,0.1498882271567853,f1_region_2,λ=2,divtree_lambda2_region2,212,0.4007434501838056,0.3533152114409687,0.5611079517595954,0.0,1.0,0.35124055724434083,True
intensity,0.1498882271567853,f1_region_2,λ=4,divtree_lambda4_region2,212,0.40764539361716867,0.3525037811374588,0.5366466787628958,0.0,1.0,0.3509695534361159,True
rareness,0.09572719004725587,f1_region_2,TwoStep (tuned),twostep_tuned,235,0.22569360477858472,0.35181601691342207,0.2855755911153571,0.0,1.0,0.33485917844274565,True
rareness,0.09572719004725587,f1_region_2,TwoStep (recall),twostep_recall,235,0.22531758920232342,0.3517484402842385,0.28609779651874323,0.0,1.0,0.3347925455448858,True
intensity,0.7508360294199752,f1_region_2,λ=4,divtree_lambda4_region2,230,0.47245488117046025,0.35136525500070875,0.5875663170365738,0.0,1.0,0.3509695534361159,True
rareness,0.09572719004725587,fnr_region_2,TwoStep (recall),twostep_recall,235,0.7859091661553306,0.35133671937980393,0.294919588820576,0.0,1.0,0.3486937994511189,True
rareness,0.09572719004725587,recall_region_2,TwoStep (recall),twostep_recall,235,0.2140908338446696,0.35133671937980393,0.2949195888205759,0.0,1.0,0.3486937994511189,True
rareness,0.09572719004725587,fnr_region_2,TwoStep (tuned),twostep_tuned,235,0.7870026918800109,0.3513071820312392,0.2858369087839978,0.0,1.0,0.3328522872156383,True
rareness,0.09572719004725587,recall_region_2,TwoStep (tuned),twostep_tuned,235,0.21299730811998913,0.3513071820312392,0.28583690878399776,0.0,1.0,0.33285228721563836,True
noise,0.5384344159537604,f1_region_2,λ=8,divtree_lambda8_region2,220,0.4444233900274956,0.3511589448104423,0.5906854016902204,0.0,1.0,0.3497675285395157,True
noise,0.024069432106053914,f1_region_2,λ=4,divtree_lambda4_region2,221,0.4669468986199747,0.3510173294432908,0.5776297549065045,0.0,1.0,0.34964159360563196,True
noise,0.024069432106053914,f1_region_2,λ=8,divtree_lambda8_region2,221,0.4734326357777946,0.35099626625590324,0.5823850924980308,0.0,1.0,0.3497675285395157,True
noise,0.03399607980711228,f1_region_2,TwoStep (tuned),twostep_tuned,202,0.525230817831221,0.3493420204759907,0.7262613694707032,0.0,1.0,0.34331462425450227,True
intensity,0.2664944002069672,f1_region_2,TwoStep (tuned),twostep_tuned,218,0.4176222493863631,0.34932973614637425,0.6101609386084544,0.0,1.0,0.3442966324839895,True
intensity,0.3763920367806187,f1_region_2,λ=8,divtree_lambda8_region2,221,0.4215328562422187,0.3492973644911368,0.569409365708436,0.0,1.0,0.3452925682792211,True
data_size,455561.95166088303,f1_region_2,TwoStep (tuned),twostep_tuned,221,0.41327033520029843,0.34762517170693213,0.5949142600060269,0.0,1.0,0.34179640817242274,True
intensity,0.7508360294199752,f1_region_2,λ=8,divtree_lambda8_region2,230,0.4760454228802814,0.34705367586341956,0.5758491740224683,0.0,1.0,0.3452925682792211,True
noise,0.03399607980711228,f1_region_2,TwoStep (recall),twostep_recall,202,0.5124852845532689,0.34523841593647125,0.5858707478691773,0.0,1.0,0.33541338825174577,True
noise,0.06781953893881253,f1_region_2,TwoStep (tuned),twostep_tuned,206,0.4821810855766231,0.3449354182926591,0.5538415653002107,0.0,1.0,0.34331462425450227,True
intensity,0.4223033626515117,f1_region_2,TwoStep (tuned),twostep_tuned,235,0.4640239141586665,0.34451928975617774,0.5897534900641944,0.0,1.0,0.3442966324839895,True
data_size,455561.95166088303,f1_region_2,TwoStep (recall),twostep_recall,221,0.40332836773903524,0.34367937566634815,0.5686184679211965,0.0,1.0,0.3333058759733296,True
data_size,78372.01043754505,f1_region_2,TwoStep (tuned),twostep_tuned,202,0.4536513589478721,0.3424527021650094,0.5234531276569437,0.0,1.0,0.34179640817242274,True
intensity,0.5316095394193532,f1_region_2,TwoStep (recall),twostep_recall,233,0.42003275391957995,0.3375261409473642,0.5546373468843903,0.0,1.0,0.33572519776697707,True
data_size,140914.75612831092,f1_region_2,TwoStep (recall),twostep_recall,222,0.4308500770649128,0.3370057281983909,0.5655427513229573,0.0,1.0,0.3333058759733296,True
intensity,0.4223033626515117,f1_region_2,TwoStep (recall),twostep_recall,235,0.45084333374058,0.3367642532936116,0.5557411252720854,0.0,1.0,0.33572519776697707,True
noise,0.760494028068737,f1_region_2,TwoStep (recall),twostep_recall,245,0.4146804629909946,0.3361233653950706,0.56732635270485,0.0,1.0,0.33541338825174577,True
data_size,64450.92564416891,precision_region_2,λ=4,divtree_lambda4_region2,184,0.5057939702038263,0.33250433376116423,0.6892956209363263,0.0809674759064067,1.0,0.31479061946893055,True
data_size,64450.92564416891,precision_region_2,λ=2,divtree_lambda2_region2,174,0.5182821892779181,0.33162726456809327,0.6880606966982024,0.08560639801707945,1.0,0.31860070487473857,True
data_size,64450.92564416891,precision_region_2,λ=0,divtree_lambda0,155,0.5563187840782684,0.3311948759849319,0.6959866397202759,0.10060303386078352,1.0,0.3150305157629184,True
intensity,0.10612438439422897,precision_region_2,λ=0,divtree_lambda0,148,0.5284553358410694,0.33026257897260464,0.7360044967091526,0.09445539604313978,1.0,0.3119724814877106,True
intensity,0.10612438439422897,precision_region_2,λ=2,divtree_lambda2_region2,180,0.4622260216821261,0.3286553814539007,0.4661934214938491,0.043588276027755404,1.0,0.31631647491202214,True
data_size,64450.92564416891,precision_region_2,λ=8,divtree_lambda8_region2,184,0.4991786789172688,0.328594379289979,0.616909165368203,0.07947642221170456,1.0,0.3133870241268255,True
intensity,0.3763920367806187,precision_region_2,λ=2,divtree_lambda2_region2,176,0.5429881791272799,0.3242191798757647,0.711087796280971,0.09969733059548254,1.0,0.31631647491202214,True
data_size,43587.85544382496,precision_region_2,λ=0,divtree_lambda0,153,0.5335797661079296,0.3238624668145582,0.693092888737666,0.09281412887556989,1.0,0.3150305157629184,True
data_size,43587.85544382496,precision_region_2,λ=2,divtree_lambda2_region2,169,0.5085632433618168,0.32339077886819595,0.5486735051288467,0.051329048742650804,1.0,0.31860070487473857,True
noise,0.024069432106053914,precision_region_2,λ=8,divtree_lambda8_region2,204,0.5410319116506777,0.32338806820284555,0.6957928776813965,0.10819390905393873,1.0,0.3100843316189223,True
intensity,0.3763920367806187,precision_region_2,λ=8,divtree_lambda8_region2,192,0.5144858162446141,0.3225104837407485,0.5459728962800556,0.08034223833627287,1.0,0.3150208548477112,True
sparsity,2.0,f1_region_2,TwoStep (tuned),twostep_tuned,740,0.8347869424036233,0.32234143135033555,0.08941733566893673,0.0,1.0,0.29951406461796964,True
sparsity,2.0,f1_region_2,TwoStep (recall),twostep_recall,740,0.815396531309606,0.32053228533211525,0.24098191952319525,0.0,1.0,0.2986094916088595,True
intensity,0.10612438439422897,precision_region_2,λ=4,divtree_lambda4_region2,199,0.4305964654020813,0.3205072839853691,0.3363941659360159,0.038928054610611496,1.0,0.3176570223321836,True
data_size,43587.85544382496,precision_region_2,λ=8,divtree_lambda8_region2,182,0.4911253486750845,0.32021496561077706,0.45036171892515237,0.06947406279089448,1.0,0.3133870241268255,True
intensity,0.10612438439422897,precision_region_2,λ=8,divtree_lambda8_region2,208,0.428058254966819,0.31988106755520396,0.3832240375147574,0.04558255004663844,1.0,0.3150208548477112,True
intensity,0.1498882271567853,precision_region_2,λ=0,divtree_lambda0,159,0.5222898352898326,0.3194301127433204,0.694774800269903,0.07859647001934236,1.0,0.3119724814877106,True
intensity,0.3763920367806187,precision_region_2,λ=4,divtree_lambda4_region2,182,0.5305465607480251,0.3191360458573879,0.5641931835358838,0.08168882144794393,1.0,0.3176570223321836,True
noise,0.024069432106053914,precision_region_2,λ=4,divtree_lambda4_region2,198,0.5393347435273858,0.31823155874016185,0.5519563929688557,0.0940809652110552,1.0,0.3105831590591568,True
noise,0.024069432106053914,precision_region_2,λ=2,divtree_lambda2_region2,191,0.5600199011006128,0.3180961502836354,0.7049662054838038,0.1288259284995939,1.0,0.31075443045813095,True
data_size,43587.85544382496,precision_region_2,λ=4,divtree_lambda4_region2,173,0.4994258555098739,0.31567749701744396,0.4975688321693881,0.07174522478030357,1.0,0.31479061946893055,True
noise,0.19109257923523043,precision_region_2,λ=2,divtree_lambda2_region2,184,0.554248657150532,0.31349875802041594,0.647601378630612,0.10630121071297542,1.0,0.31075443045813095,True
noise,0.19109257923523043,precision_region_2,λ=4,divtree_lambda4_region2,184,0.551569903528471,0.3126487692534218,0.6474230270049774,0.11616689682383112,1.0,0.3105831590591568,True
noise,0.01206534794533958,precision_region_2,λ=8,divtree_lambda8_region2,203,0.5488388135215743,0.3107374370486141,0.5948760072554642,0.13512956217312883,1.0,0.3100843316189223,True
noise,1.0741348427807047,precision_region_2,λ=0,divtree_lambda0,164,0.5792851970551925,0.3082398665586362,0.6139323099294518,0.10426735921268453,1.0,0.305302699174431,True
noise,0.024069432106053914,precision_region_2,λ=0,divtree_lambda0,176,0.580025476894811,0.3068340222225231,0.664845226338874,0.17400007707180745,1.0,0.305302699174431,True
noise,0.03399607980711228,precision_region_2,TwoStep (recall),twostep_recall,180,0.5838791257452248,0.28536733036094875,0.6579869713902329,0.27913163569662297,1.0,0.27202819206766726,True
intensity,0.2664944002069672,precision_region_2,TwoStep (tuned),twostep_tuned,176,0.5348815650287765,0.28385163774958855,0.30202524739901293,0.125,1.0,0.2697614724088035,True
data_size,19936.00746568184,precision_region_2,TwoStep (tuned),twostep_tuned,202,0.510686517257302,0.2806845117034302,0.28811191393315205,0.1726630273980709,1.0,0.27439081569502427,True
data_size,19936.00746568184,precision_region_2,TwoStep (recall),twostep_recall,202,0.4874736582054948,0.27999978337086096,0.25566826635396006,0.1708083535033824,1.0,0.2719922722140517,True
intensity,0.2664944002069672,precision_region_2,TwoStep (recall),twostep_recall,175,0.49962997508162316,0.27982148803538337,0.27860984261069627,0.125,1.0,0.26655417392710745,True
data_size,13482.627330113071,precision_region_2,TwoStep (tuned),twostep_tuned,205,0.47493039326052233,0.2783757120394055,0.2959162968293951,0.08621650984974277,1.0,0.27439081569502427,True
noise,0.760494028068737,precision_region_2,TwoStep (tuned),twostep_tuned,204,0.5142950155979601,0.27783732878976763,0.32224696537018005,0.15775193798449613,1.0,0.27258040516543924,True
intensity,0.5316095394193532,precision_region_2,TwoStep (recall),twostep_recall,196,0.5039143917176097,0.27507695533272525,0.30110952466760577,0.1914829268292683,1.0,0.26655417392710745,True
data_size,253368.11425203207,accuracy,λ=4,divtree_lambda4_region2,216,0.5105223422169856,0.2741530559589554,0.34958972182661574,0.250192551920091,1.0,0.2650731879885524,True
data_size,253368.11425203207,accuracy,λ=0,divtree_lambda0,216,0.5172333371096388,0.2738789216863237,0.3677624529816881,0.2508746728801857,1.0,0.26548798019147923,True
intensity,0.1498882271567853,accuracy,λ=4,divtree_lambda4_region2,212,0.44971737105393506,0.2738575551930863,0.23674850651838308,0.2353780720200508,1.0,0.26183838418660527,True
noise,0.760494028068737,precision_region_2,TwoStep (recall),twostep_recall,203,0.49251794868477333,0.2736543475253654,0.2519104567215412,0.18205741626794258,1.0,0.27202819206766726,True
intensity,0.1498882271567853,accuracy,λ=0,divtree_lambda0,212,0.4490846982388562,0.27354548435953935,0.2240827403615192,0.2273069155405889,1.0,0.2615880585486085,True
data_size,253368.11425203207,accuracy,λ=2,divtree_lambda2_region2,216,0.5147030388483314,0.27353560061939136,0.3586015543298157,0.2509529684329952,1.0,0.2637043300959525,True
noise,0.03399607980711228,precision_region_2,TwoStep (tuned),twostep_tuned,183,0.6160968828344371,0.27339957305864687,0.620728224921824,0.30733610566748487,1.0,0.27258040516543924,True
data_size,140914.75612831092,precision_region_2,TwoStep (recall),twostep_recall,184,0.5125495079326534,0.27331912844965844,0.2969090128107711,0.1786076850518895,1.0,0.2719922722140517,True
noise,0.03399607980711228,accuracy,TwoStep (recall),twostep_recall,202,0.5365544293032076,0.27290146872062293,0.31029780500369963,0.2839482214273605,1.0,0.25129338371074594,True
intensity,0.1498882271567853,accuracy,λ=8,divtree_lambda8_region2,212,0.44682216596892715,0.2728728804807683,0.23950904635943615,0.2337949051744471,1.0,0.2620327782747425,True
rareness,0.21817411955964328,accuracy,λ=4,divtree_lambda4_region2,220,0.420613277362617,0.2722743623269507,0.29369615806381333,0.24511218890998623,1.0,0.2696365511972895,True
intensity,0.1498882271567853,accuracy,λ=2,divtree_lambda2_region2,212,0.4471470690228151,0.27222652463237385,0.22636870041120666,0.23172828647825733,1.0,0.26071213132642695,True
data_size,253368.11425203207,accuracy,λ=8,divtree_lambda8_region2,216,0.509242597045719,0.2720294200216328,0.35145294452445874,0.25040371763246605,1.0,0.26345044784067795,True
noise,0.024069432106053914,accuracy,λ=4,divtree_lambda4_region2,221,0.49117248536863484,0.27175297906390977,0.36043022155286736,0.24554112554112553,1.0,0.2666562186726746,True
intensity,0.2990006969801944,precision_region_2,TwoStep (tuned),twostep_tuned,162,0.5340033875975819,0.2717408779488353,0.29727222672743053,0.14785442600276627,1.0,0.2697614724088035,True
noise,0.024069432106053914,accuracy,λ=8,divtree_lambda8_region2,221,0.4908165443731799,0.2713605406860874,0.36149520307602534,0.24554112554112553,1.0,0.26562571911739824,True
noise,0.024069432106053914,accuracy,λ=0,divtree_lambda0,221,0.49647765818510675,0.2712352027206136,0.36559569072993997,0.2484868863483524,1.0,0.26628083036352895,True
rareness,0.2426635054621208,accuracy,λ=0,divtree_lambda0,213,0.41983642444879843,0.2703853591389322,0.32924040960744355,0.24399261376757175,1.0,0.26760180831431135,True
rareness,0.21817411955964328,accuracy,λ=2,divtree_lambda2_region2,220,0.4192902581868753,0.27017702356934076,0.20123563274831707,0.24102749944356425,1.0,0.2698663723359985,True
noise,0.024069432106053914,accuracy,λ=2,divtree_lambda2_region2,221,0.4920920524154465,0.2701072271300022,0.36379995951796623,0.2455385019883656,1.0,0.2635194616214479,True
rareness,0.2426635054621208,accuracy,λ=2,divtree_lambda2_region2,213,0.41809088966739705,0.2700539955762975,0.2840861654673318,0.245657308477129,1.0,0.2698663723359985,True
rareness,0.21817411955964328,accuracy,λ=8,divtree_lambda8_region2,220,0.41867325698890956,0.26982526987539573,0.2631983164743348,0.24671094289406098,1.0,0.26768526260589653,True
rareness,0.2426635054621208,accuracy,λ=4,divtree_lambda4_region2,213,0.4153321124224893,0.2696944189872166,0.2173077431074002,0.24583643815201192,1.0,0.2696365511972895,True
rareness,0.21817411955964328,accuracy,λ=0,divtree_lambda0,220,0.4178466843441339,0.26873046883930396,0.17447605572160757,0.23776845137077596,1.0,0.26760180831431135,True
noise,0.01206534794533958,accuracy,λ=0,divtree_lambda0,226,0.4998559632935398,0.2687187084106394,0.35758286177342324,0.2533234736048058,1.0,0.26628083036352895,True
rareness,0.2426635054621208,accuracy,λ=8,divtree_lambda8_region2,213,0.41578972452314494,0.26844461950062376,0.24095671209255054,0.24691212767579748,1.0,0.26768526260589653,True
noise,0.04801664771977973,accuracy,λ=4,divtree_lambda4_region2,227,0.4934157093743588,0.2683189230293078,0.35157986797023916,0.24567324360514553,1.0,0.2666562186726746,True
noise,0.03399607980711228,accuracy,TwoStep (tuned),twostep_tuned,202,0.5629003735410619,0.2674120240724949,0.312235922750438,0.2998561292582638,1.0,0.2510324596675154,True
data_size,455561.95166088303,accuracy,λ=4,divtree_lambda4_region2,221,0.5131932026119486,0.2669553656245196,0.34890263160325813,0.258816881148699,1.0,0.2650731879885524,True
noise,0.04801664771977973,accuracy,λ=8,divtree_lambda8_region2,227,0.4916251025275873,0.2668700272950552,0.33913551888859994,0.24588390682259156,1.0,0.26562571911739824,True
data_size,455561.95166088303,accuracy,λ=2,divtree_lambda2_region2,221,0.5140333841345839,0.2667781195773051,0.35186358253991307,0.2645489920386781,1.0,0.2637043300959525,True
data_size,455561.95166088303,accuracy,λ=0,divtree_lambda0,221,0.5158750884471272,0.2663387770707361,0.3559163335408909,0.2613110973314622,1.0,0.26548798019147923,True
noise,0.04801664771977973,accuracy,λ=2,divtree_lambda2_region2,227,0.4931743768609268,0.2655764523533619,0.34511586166106945,0.24916681030683221,1.0,0.2635194616214479,True
data_size,455561.95166088303,accuracy,λ=8,divtree_lambda8_region2,221,0.5087103070496418,0.2642692203151673,0.333715726961091,0.26455520149293144,1.0,0.26345044784067795,True
intensity,0.7508360294199752,accuracy,λ=4,divtree_lambda4_region2,230,0.5040177229513094,0.2631228335340351,0.33776249801973307,0.2609666561260228,1.0,0.26183838418660527,True
intensity,0.7508360294199752,accuracy,λ=2,divtree_lambda2_region2,230,0.505909012992084,0.26293164169888267,0.3489059179393659,0.25994036723826663,1.0,0.26071213132642695,True
intensity,0.7508360294199752,accuracy,λ=0,divtree_lambda0,230,0.5079975482390027,0.26281602225387213,0.35803021520995665,0.2612227015739569,1.0,0.2615880585486085,True
intensity,0.7508360294199752,accuracy,λ=8,divtree_lambda8_region2,230,0.5009116612589644,0.26206302485717453,0.32465471280918373,0.26089974052220116,1.0,0.2620327782747425,True
sparsity,2.0,accuracy,TwoStep (recall),twostep_recall,740,0.8346737053449426,0.26189220596097457,0.2507497969624869,0.28414438360473815,1.0,0.19085951246497934,True
sparsity,2.0,accuracy,TwoStep (tuned),twostep_tuned,740,0.8582427095016598,0.2607524103059034,0.06556302790679691,0.28414438360473815,1.0,0.19353031025134115,True
sparsity,2.0,precision_region_2,λ=8,divtree_lambda8_region2,730,0.6442779153600728,0.2600923379212707,0.3860008372501625,0.14082052117063068,1.0,0.23819701112493474,True
sparsity,2.0,precision_region_2,λ=4,divtree_lambda4_region2,718,0.6424382350893153,0.25664780897970585,0.3545527359480847,0.16723336583214674,1.0,0.23217033308764162,True
sparsity,2.0,precision_region_2,λ=2,divtree_lambda2_region2,709,0.6568466862923954,0.2551082258957544,0.38109297855164515,0.20082214145932345,1.0,0.231901354944401,True
intensity,0.4223033626515117,accuracy,TwoStep (tuned),twostep_tuned,235,0.505916837344391,0.2547762870110859,0.268978171527936,0.2632871584393324,1.0,0.24666502510582755,True
sparsity,2.0,precision_region_2,λ=0,divtree_lambda0,670,0.669649026886564,0.25459315162995,0.4525795858471903,0.2525937630085798,1.0,0.21857312413984842,True
data_size,19936.00746568184,accuracy,TwoStep (tuned),twostep_tuned,244,0.4621285604043145,0.25452004540298506,0.17849996914235072,0.24649012924353317,1.0,0.24577795574155753,True
noise,0.26990244496021376,accuracy,TwoStep (tuned),twostep_tuned,230,0.5350598101279351,0.25391774079707174,0.2849425146200085,0.2781678555998426,1.0,0.2510324596675154,True
noise,0.26990244496021376,accuracy,TwoStep (recall),twostep_recall,230,0.503474485186307,0.2539168334450447,0.25782801607300976,0.27166675253127726,1.0,0.25129338371074594,True
sparsity,5.0,f1_region_2,λ=0,divtree_lambda0,791,0.23051182059692094,0.2520216175046083,0.501457812503489,0.0,0.6287429957158601,0.25191187092853257,True
intensity,0.4223033626515117,accuracy,TwoStep (recall),twostep_recall,235,0.4784577634784005,0.2513078539472396,0.18736030769079304,0.26269745864930033,1.0,0.23944292662723365,True
data_size,78372.01043754505,accuracy,TwoStep (tuned),twostep_tuned,202,0.5074496388822513,0.24983700420207144,0.2603453946526859,0.26803699458935415,1.0,0.24577795574155753,True
sparsity,2.0,f1_region_2,λ=8,divtree_lambda8_region2,740,0.5863876117167302,0.24959462776276628,0.2543039557198606,0.0830148006803262,0.876478606692074,0.24185015935756682,True
rareness,0.2671528913645983,accuracy,TwoStep (recall),twostep_recall,240,0.3827639812941783,0.2476395919243545,0.047386611274810864,0.24351639089413218,1.0,0.23642002383494726,True
intensity,0.2990006969801944,accuracy,TwoStep (tuned),twostep_tuned,196,0.4867256520711685,0.2473369042680735,0.2527053238396034,0.2561050598753301,1.0,0.24666502510582755,True
sparsity,2.0,f1_region_2,λ=4,divtree_lambda4_region2,740,0.564739748761717,0.24676650018359425,0.2539755996841133,0.051969963328590836,0.8214920452314547,0.2421201515656707,True
data_size,78372.01043754505,accuracy,TwoStep (recall),twostep_recall,202,0.4790130353760396,0.24655934853263334,0.17810654193011238,0.26681822168175395,1.0,0.24429338439632456,True
data_size,140914.75612831092,accuracy,TwoStep (recall),twostep_recall,222,0.47600802587067065,0.245559336461899,0.19040863788802026,0.2627341282477467,1.0,0.24429338439632456,True
rareness,0.09572719004725587,accuracy,TwoStep (tuned),twostep_tuned,235,0.4533064150012922,0.24495435891028752,0.17163222097992437,0.2886116199028523,1.0,0.24058999319368396,True
rareness,0.2671528913645983,accuracy,TwoStep (tuned),twostep_tuned,240,0.44011109825560335,0.24427812710600744,0.28135341238055417,0.24372555276811775,1.0,0.24058999319368396,True
intensity,0.5316095394193532,accuracy,TwoStep (recall),twostep_recall,233,0.46675464830251934,0.24397194623171323,0.17189227202701418,0.2582943536500342,1.0,0.23944292662723365,True
rareness,0.09572719004725587,accuracy,TwoStep (recall),twostep_recall,235,0.4511120037909658,0.24333483708213718,0.1673121830775735,0.289247326817197,1.0,0.23642002383494726,True
sparsity,6.0,f1_region_2,λ=2,divtree_lambda2_region2,701,0.2582880937224873,0.24313090180642205,0.5156636031228382,0.0,0.6407059274889699,0.24237299265523937,True
sparsity,2.0,precision_region_2,TwoStep (recall),twostep_recall,672,0.8796876646450129,0.2228188888028703,0.11075937905125666,0.3872735674355867,1.0,0.20491959721272143,True
sparsity,2.0,precision_region_2,TwoStep (tuned),twostep_tuned,672,0.9096888892942422,0.21053936001429377,0.0,0.4020232724488801,1.0,0.19423274253556727,True
sparsity,1.0,accuracy,λ=2,divtree_lambda2_region2,699,0.9275405335495491,0.19250734015554083,0.0,0.32997427453484085,1.0,0.17072577055806915,True
sparsity,1.0,accuracy,λ=8,divtree_lambda8_region2,699,0.9294294024484185,0.1904957695657674,0.0,0.32436189010886546,1.0,0.16704340357803174,True
sparsity,1.0,accuracy,λ=4,divtree_lambda4_region2,699,0.9328941497970467,0.18786093317778954,0.0,0.32395144325306524,1.0,0.16846445232480378,True
sparsity,1.0,accuracy,λ=0,divtree_lambda0,699,0.932595509382479,0.18431511892937852,0.0,0.3514873057613755,1.0,0.16959693451546642,True
sparsity,6.0,fnr_region_2,TwoStep (recall),twostep_recall,701,0.538373901918942,0.45454169398822925,0.9968315690933967,0.0,1.0,0.4763170750164102,False
sparsity,6.0,recall_region_2,TwoStep (recall),twostep_recall,701,0.4616260980810581,0.45454169398822925,0.9968315690933967,0.0,1.0,0.4763170750164102,False
noise,1.5171265228807906,fnr_region_2,λ=0,divtree_lambda0,224,0.49853616799773537,0.4435312608904964,0.9688205833414679,0.0,1.0,0.44362600324610857,False
noise,1.5171265228807906,recall_region_2,λ=0,divtree_lambda0,224,0.5014638320022646,0.4435312608904963,0.9688205833414679,0.0,1.0,0.4436260032461085,False
data_size,64450.92564416891,fnr_region_2,TwoStep (recall),twostep_recall,213,0.470193801340101,0.44351731827864715,0.9761040532365396,0.0,1.0,0.44386155117282333,False
data_size,64450.92564416891,recall_region_2,TwoStep (recall),twostep_recall,213,0.529806198659899,0.44351731827864715,0.9761040532365396,0.0,1.0,0.44386155117282333,False
intensity,0.2664944002069672,fnr_region_2,TwoStep (recall),twostep_recall,218,0.46259912420062677,0.443121351227943,0.9878338601795859,0.0,1.0,0.44345663194007345,False
intensity,0.2664944002069672,recall_region_2,TwoStep (recall),twostep_recall,218,0.5374008757993732,0.443121351227943,0.9878338601795859,0.0,1.0,0.44345663194007345,False
data_size,140914.75612831092,fnr_region_2,TwoStep (recall),twostep_recall,222,0.432266983238751,0.44288112511437133,0.9698839268588606,0.0,1.0,0.44386155117282333,False
data_size,140914.75612831092,recall_region_2,TwoStep (recall),twostep_recall,222,0.567733016761249,0.44288112511437133,0.9698839268588607,0.0,1.0,0.44386155117282333,False
noise,1.0741348427807047,fnr_region_2,TwoStep (recall),twostep_recall,204,0.417797495408813,0.4421309898607656,0.965664944535817,0.0,1.0,0.44234548550132946,False
noise,1.0741348427807047,recall_region_2,TwoStep (recall),twostep_recall,204,0.582202504591187,0.4421309898607656,0.965664944535817,0.0,1.0,0.44234548550132946,False
sparsity,5.0,fnr_region_2,TwoStep (recall),twostep_recall,791,0.5517404853622826,0.4414620721991761,0.9815489266581878,0.0,1.0,0.4763170750164102,False
sparsity,5.0,recall_region_2,TwoStep (recall),twostep_recall,791,0.4482595146377174,0.4414620721991761,0.9815489266581878,0.0,1.0,0.4763170750164102,False
intensity,0.3763920367806187,fnr_region_2,TwoStep (recall),twostep_recall,221,0.48390516221811997,0.44087057064767066,0.9805654949835122,0.0,1.0,0.44345663194007345,False
intensity,0.3763920367806187,recall_region_2,TwoStep (recall),twostep_recall,221,0.5160948377818801,0.4408705706476706,0.9805654949835122,0.0,1.0,0.44345663194007345,False
data_size,95299.98147634632,recall_region_2,TwoStep (recall),twostep_recall,199,0.5272548618146922,0.4406970450212491,0.9607391308480306,0.0,1.0,0.44386155117282333,False
data_size,95299.98147634632,fnr_region_2,TwoStep (recall),twostep_recall,199,0.4727451381853078,0.44069704502124907,0.9607391308480306,0.0,1.0,0.44386155117282333,False
noise,0.5384344159537604,fnr_region_2,TwoStep (recall),twostep_recall,220,0.43445973021389317,0.44017428947218457,0.9680420671388728,0.0,1.0,0.44234548550132946,False
noise,0.5384344159537604,recall_region_2,TwoStep (recall),twostep_recall,220,0.5655402697861068,0.44017428947218457,0.9680420671388728,0.0,1.0,0.44234548550132946,False
noise,0.06781953893881253,recall_region_2,TwoStep (recall),twostep_recall,206,0.6253249822518969,0.44004736203296246,0.9324273105013445,0.0,1.0,0.44234548550132946,False
noise,0.06781953893881253,fnr_region_2,TwoStep (recall),twostep_recall,206,0.374675017748103,0.4400473620329624,0.9324273105013445,0.0,1.0,0.44234548550132946,False
intensity,0.5964538942816824,fnr_region_2,TwoStep (recall),twostep_recall,217,0.44678235928903043,0.4399285390355851,0.9506385774711511,0.0,1.0,0.44345663194007345,False
intensity,0.5964538942816824,recall_region_2,TwoStep (recall),twostep_recall,217,0.5532176407109695,0.4399285390355851,0.9506385774711511,0.0,1.0,0.44345663194007345,False
intensity,0.21169951438065343,fnr_region_2,TwoStep (recall),twostep_recall,251,0.5112485172913483,0.43979173442171526,0.9817960826750473,0.0,1.0,0.44345663194007345,False
intensity,0.21169951438065343,recall_region_2,TwoStep (recall),twostep_recall,251,0.4887514827086515,0.43979173442171526,0.9817960826750473,0.0,1.0,0.44345663194007345,False
noise,0.01206534794533958,fnr_region_2,λ=0,divtree_lambda0,226,0.4675343503375464,0.4396571697668385,0.9784068203524185,0.0,1.0,0.44362600324610857,False
noise,0.01206534794533958,recall_region_2,λ=0,divtree_lambda0,226,0.5324656496624536,0.4396571697668385,0.9784068203524187,0.0,1.0,0.4436260032461085,False
intensity,0.5964538942816824,fnr_region_2,λ=0,divtree_lambda0,217,0.4855670614756094,0.4394688947433418,0.9796261241933991,0.0,1.0,0.43951193651279735,False
intensity,0.5964538942816824,recall_region_2,λ=0,divtree_lambda0,217,0.5144329385243905,0.4394688947433418,0.9796261241933991,0.0,1.0,0.43951193651279735,False
noise,0.024069432106053914,fnr_region_2,TwoStep (recall),twostep_recall,221,0.4169466711050225,0.43902223874276575,0.9592088998763906,0.0,1.0,0.44234548550132946,False
noise,0.024069432106053914,recall_region_2,TwoStep (recall),twostep_recall,221,0.5830533288949775,0.43902223874276575,0.9592088998763906,0.0,1.0,0.44234548550132946,False
intensity,0.6692077956169817,fnr_region_2,TwoStep (recall),twostep_recall,209,0.4213706418385573,0.4388718288722199,0.9363507779349364,0.0,1.0,0.44345663194007345,False
intensity,0.6692077956169817,recall_region_2,TwoStep (recall),twostep_recall,209,0.5786293581614427,0.4388718288722199,0.9363507779349364,0.0,1.0,0.44345663194007345,False
noise,0.13529471303661472,fnr_region_2,TwoStep (recall),twostep_recall,234,0.4050844321829889,0.4388332768132113,0.9304419847627355,0.0,1.0,0.44234548550132946,False
noise,0.13529471303661472,recall_region_2,TwoStep (recall),twostep_recall,234,0.5949155678170112,0.4388332768132113,0.9304419847627355,0.0,1.0,0.44234548550132946,False
intensity,0.1498882271567853,recall_region_2,λ=0,divtree_lambda0,212,0.48824668614842076,0.4384106634469747,0.9920644917495907,0.0,1.0,0.43951193651279735,False
intensity,0.1498882271567853,fnr_region_2,λ=0,divtree_lambda0,212,0.5117533138515793,0.43841066344697466,0.9920644917495907,0.0,1.0,0.43951193651279735,False
intensity,0.2990006969801944,fnr_region_2,TwoStep (recall),twostep_recall,196,0.45717303557848493,0.4382335930359957,0.9793322431458722,0.0,1.0,0.44345663194007345,False
intensity,0.2990006969801944,recall_region_2,TwoStep (recall),twostep_recall,196,0.542826964421515,0.4382335930359957,0.9793322431458722,0.0,1.0,0.44345663194007345,False
intensity,0.4223033626515117,fnr_region_2,TwoStep (recall),twostep_recall,235,0.3880224969571095,0.438219582366124,0.9582126213238847,0.0,1.0,0.44345663194007345,False
intensity,0.4223033626515117,recall_region_2,TwoStep (recall),twostep_recall,235,0.6119775030428906,0.438219582366124,0.9582126213238847,0.0,1.0,0.44345663194007345,False
noise,0.5384344159537604,fnr_region_2,λ=0,divtree_lambda0,220,0.48660118247004536,0.43819337422141286,0.9817504805073447,0.0,1.0,0.44362600324610857,False
noise,0.5384344159537604,recall_region_2,λ=0,divtree_lambda0,220,0.5133988175299546,0.43819337422141286,0.9817504805073446,0.0,1.0,0.4436260032461085,False
noise,2.142815589586332,fnr_region_2,λ=0,divtree_lambda0,205,0.5530769485650717,0.438089566444467,0.926895760097568,0.0,1.0,0.44362600324610857,False
noise,2.142815589586332,recall_region_2,λ=0,divtree_lambda0,205,0.4469230514349284,0.438089566444467,0.926895760097568,0.0,1.0,0.4436260032461085,False
data_size,43587.85544382496,fnr_region_2,λ=0,divtree_lambda0,211,0.5437132813264453,0.43801463033537347,0.9441105367582624,0.0,1.0,0.43810869570797073,False
data_size,43587.85544382496,recall_region_2,λ=0,divtree_lambda0,211,0.4562867186735547,0.43801463033537347,0.9441105367582625,0.0,1.0,0.43810869570797073,False
data_size,95299.98147634632,fnr_region_2,λ=0,divtree_lambda0,199,0.49652144675944204,0.4377095208646233,0.9820492407378574,0.0,1.0,0.43810869570797073,False
data_size,95299.98147634632,recall_region_2,λ=0,divtree_lambda0,199,0.5034785532405579,0.4377095208646233,0.9820492407378574,0.0,1.0,0.43810869570797073,False
data_size,455561.95166088303,fnr_region_2,λ=0,divtree_lambda0,221,0.4365155271208661,0.43705823949415756,0.9675416313858313,0.0,1.0,0.43810869570797073,False
data_size,455561.95166088303,recall_region_2,λ=0,divtree_lambda0,221,0.5634844728791338,0.43705823949415756,0.9675416313858312,0.0,1.0,0.43810869570797073,False
intensity,0.18868429297579686,fnr_region_2,λ=0,divtree_lambda0,239,0.5605331995591877,0.4366919451174765,0.9336336179968734,0.0,1.0,0.43951193651279735,False
intensity,0.18868429297579686,recall_region_2,λ=0,divtree_lambda0,239,0.4394668004408124,0.43669194511747644,0.9336336179968734,0.0,1.0,0.43951193651279735,False
intensity,0.47381483315153217,recall_region_2,TwoStep (recall),twostep_recall,230,0.560542927995519,0.436677739012949,0.9540970358323976,0.0,1.0,0.44345663194007345,False
intensity,0.47381483315153217,fnr_region_2,TwoStep (recall),twostep_recall,230,0.439457072004481,0.4366777390129489,0.9540970358323977,0.0,1.0,0.44345663194007345,False
intensity,0.7508360294199752,recall_region_2,λ=0,divtree_lambda0,230,0.5470938332656733,0.43665356852062764,0.9677545042891325,0.0,1.0,0.43951193651279735,False
intensity,0.7508360294199752,fnr_region_2,λ=0,divtree_lambda0,230,0.45290616673432654,0.4366535685206276,0.9677545042891325,0.0,1.0,0.43951193651279735,False
data_size,208362.77391753628,fnr_region_2,TwoStep (recall),twostep_recall,212,0.43787728232644796,0.43636801802944075,0.9469288209194752,0.0,1.0,0.44386155117282333,False
data_size,208362.77391753628,recall_region_2,TwoStep (recall),twostep_recall,212,0.5621227176735522,0.43636801802944075,0.9469288209194752,0.0,1.0,0.44386155117282333,False
data_size,53002.61908810494,fnr_region_2,λ=0,divtree_lambda0,231,0.48441294941018664,0.43636649718803433,0.9749372216223773,0.0,1.0,0.43810869570797073,False
data_size,53002.61908810494,recall_region_2,λ=0,divtree_lambda0,231,0.5155870505898134,0.43636649718803433,0.9749372216223773,0.0,1.0,0.43810869570797073,False
noise,0.38121485453303716,fnr_region_2,TwoStep (recall),twostep_recall,211,0.4051533382853459,0.43585898274703716,0.9185483062294657,0.0,1.0,0.44234548550132946,False
noise,0.38121485453303716,recall_region_2,TwoStep (recall),twostep_recall,211,0.5948466617146541,0.43585898274703716,0.9185483062294657,0.0,1.0,0.44234548550132946,False
data_size,19936.00746568184,fnr_region_2,TwoStep (recall),twostep_recall,244,0.48062789458523436,0.4358118507486598,0.9672303073856818,0.0,1.0,0.44386155117282333,False
data_size,19936.00746568184,recall_region_2,TwoStep (recall),twostep_recall,244,0.5193721054147655,0.4358118507486598,0.9672303073856817,0.0,1.0,0.44386155117282333,False
intensity,0.2375220728879286,fnr_region_2,λ=0,divtree_lambda0,226,0.4721459543206862,0.43565198125018534,0.9758193086637282,0.0,1.0,0.43951193651279735,False
intensity,0.2375220728879286,recall_region_2,λ=0,divtree_lambda0,226,0.5278540456793137,0.43565198125018534,0.9758193086637282,0.0,1.0,0.43951193651279735,False
noise,0.01206534794533958,fnr_region_2,TwoStep (recall),twostep_recall,226,0.3658866039125702,0.43562114321340745,0.9024754513963935,0.0,1.0,0.44234548550132946,False
noise,0.01206534794533958,recall_region_2,TwoStep (recall),twostep_recall,226,0.6341133960874298,0.43562114321340745,0.9024754513963935,0.0,1.0,0.44234548550132946,False
intensity,0.47381483315153217,recall_region_2,λ=0,divtree_lambda0,230,0.5482811225470021,0.43538613648345015,0.9621191911294549,0.0,1.0,0.43951193651279735,False
intensity,0.47381483315153217,fnr_region_2,λ=0,divtree_lambda0,230,0.45171887745299777,0.4353861364834501,0.962119191129455,0.0,1.0,0.43951193651279735,False
intensity,0.6692077956169817,fnr_region_2,λ=0,divtree_lambda0,209,0.4456022056517528,0.43530700607765227,0.9506316527348309,0.0,1.0,0.43951193651279735,False
intensity,0.6692077956169817,recall_region_2,λ=0,divtree_lambda0,209,0.5543977943482472,0.43530700607765227,0.9506316527348309,0.0,1.0,0.43951193651279735,False
intensity,0.1681712049266273,recall_region_2,λ=0,divtree_lambda0,211,0.48658488279065876,0.43528110505102996,0.9354289545206715,0.0,1.0,0.43951193651279735,False
intensity,0.1681712049266273,fnr_region_2,λ=0,divtree_lambda0,211,0.5134151172093413,0.4352811050510299,0.9354289545206715,0.0,1.0,0.43951193651279735,False
data_size,115884.31148680957,fnr_region_2,λ=0,divtree_lambda0,236,0.4531454587501817,0.4350362941377207,0.9809623695463916,0.0,1.0,0.43810869570797073,False
data_size,115884.31148680957,recall_region_2,λ=0,divtree_lambda0,236,0.5468545412498185,0.4350362941377207,0.9809623695463916,0.0,1.0,0.43810869570797073,False
data_size,43587.85544382496,fnr_region_2,TwoStep (recall),twostep_recall,211,0.5035293252290101,0.43501748947962504,0.9856681681681683,0.0,1.0,0.44386155117282333,False
data_size,43587.85544382496,recall_region_2,TwoStep (recall),twostep_recall,211,0.49647067477099,0.43501748947962504,0.9856681681681682,0.0,1.0,0.44386155117282333,False
intensity,0.21169951438065343,fnr_region_2,λ=0,divtree_lambda0,251,0.54249478739163,0.4348927007110673,0.9408823794098368,0.0,1.0,0.43951193651279735,False
intensity,0.21169951438065343,recall_region_2,λ=0,divtree_lambda0,251,0.45750521260837,0.4348927007110673,0.9408823794098367,0.0,1.0,0.43951193651279735,False
data_size,16394.80890739932,fnr_region_2,λ=0,divtree_lambda0,231,0.5797245935278825,0.4348768639262344,0.8879115328836156,0.0,1.0,0.43810869570797073,False
data_size,16394.80890739932,recall_region_2,λ=0,divtree_lambda0,231,0.42027540647211753,0.4348768639262344,0.8879115328836156,0.0,1.0,0.43810869570797073,False
data_size,35845.419997710356,fnr_region_2,λ=0,divtree_lambda0,189,0.5416920169618654,0.43458677981607574,0.9180651530108588,0.0,1.0,0.43810869570797073,False
data_size,35845.419997710356,recall_region_2,λ=0,divtree_lambda0,189,0.45830798303813464,0.4345867798160757,0.9180651530108588,0.0,1.0,0.43810869570797073,False
data_size,16394.80890739932,fnr_region_2,TwoStep (recall),twostep_recall,231,0.49001250577915495,0.4345609474012331,0.9769270535439307,0.0,1.0,0.44386155117282333,False
data_size,16394.80890739932,recall_region_2,TwoStep (recall),twostep_recall,231,0.509987494220845,0.434560947401233,0.9769270535439306,0.0,1.0,0.44386155117282333,False
noise,0.19109257923523043,fnr_region_2,λ=0,divtree_lambda0,207,0.4719611637221974,0.43447691607629363,0.9606843133725992,0.0,1.0,0.44362600324610857,False
noise,0.19109257923523043,recall_region_2,λ=0,divtree_lambda0,207,0.5280388362778026,0.43447691607629363,0.9606843133725991,0.0,1.0,0.4436260032461085,False
noise,0.760494028068737,fnr_region_2,λ=0,divtree_lambda0,245,0.4823423658990007,0.4344110208406703,0.9724093083747504,0.0,1.0,0.44362600324610857,False
noise,0.760494028068737,recall_region_2,λ=0,divtree_lambda0,245,0.5176576341009993,0.4344110208406703,0.9724093083747504,0.0,1.0,0.4436260032461085,False
data_size,35845.419997710356,fnr_region_2,TwoStep (recall),twostep_recall,189,0.4902351496187629,0.43423044513059567,0.9718574108818011,0.0,1.0,0.44386155117282333,False
data_size,35845.419997710356,recall_region_2,TwoStep (recall),twostep_recall,189,0.5097648503812372,0.4342304451305956,0.9718574108818011,0.0,1.0,0.44386155117282333,False
noise,0.09578948302920401,fnr_region_2,TwoStep (recall),twostep_recall,216,0.38295899977245906,0.4342143913465294,0.8816923483144987,0.0,1.0,0.44234548550132946,False
noise,0.09578948302920401,recall_region_2,TwoStep (recall),twostep_recall,216,0.6170410002275409,0.4342143913465294,0.8816923483144987,0.0,1.0,0.44234548550132946,False
intensity,0.7508360294199752,fnr_region_2,TwoStep (recall),twostep_recall,230,0.47178256670595353,0.43419560243433697,0.9678141413796107,0.0,1.0,0.44345663194007345,False
intensity,0.7508360294199752,recall_region_2,TwoStep (recall),twostep_recall,230,0.5282174332940465,0.43419560243433697,0.9678141413796107,0.0,1.0,0.44345663194007345,False
intensity,0.10612438439422897,fnr_region_2,λ=0,divtree_lambda0,226,0.5937762004996986,0.43404052786875263,0.9009715428121139,0.0,1.0,0.43951193651279735,False
intensity,0.10612438439422897,recall_region_2,λ=0,divtree_lambda0,226,0.40622379950030135,0.43404052786875263,0.9009715428121139,0.0,1.0,0.43951193651279735,False
intensity,0.1498882271567853,fnr_region_2,TwoStep (recall),twostep_recall,212,0.4785829101074938,0.4340047390698227,0.943783503691741,0.0,1.0,0.44345663194007345,False
intensity,0.1498882271567853,recall_region_2,TwoStep (recall),twostep_recall,212,0.5214170898925061,0.4340047390698227,0.943783503691741,0.0,1.0,0.44345663194007345,False
data_size,24242.087597150792,recall_region_2,λ=0,divtree_lambda0,233,0.477128940346878,0.43397637410850387,0.9325136612021858,0.0,1.0,0.43810869570797073,False
data_size,24242.087597150792,fnr_region_2,λ=0,divtree_lambda0,233,0.522871059653122,0.4339763741085038,0.9325136612021858,0.0,1.0,0.43810869570797073,False
noise,0.06781953893881253,fnr_region_2,λ=0,divtree_lambda0,206,0.47264685194203304,0.4337649976168843,0.9662667990922216,0.0,1.0,0.44362600324610857,False
noise,0.06781953893881253,recall_region_2,λ=0,divtree_lambda0,206,0.527353148057967,0.4337649976168843,0.9662667990922216,0.0,1.0,0.4436260032461085,False
intensity,0.2375220728879286,fnr_region_2,TwoStep (recall),twostep_recall,226,0.45424761693449994,0.43373689054785275,0.9710210874468246,0.0,1.0,0.44345663194007345,False
intensity,0.2375220728879286,recall_region_2,TwoStep (recall),twostep_recall,226,0.5457523830655,0.43373689054785275,0.9710210874468246,0.0,1.0,0.44345663194007345,False
data_size,53002.61908810494,fnr_region_2,TwoStep (recall),twostep_recall,231,0.4666620174494727,0.43365516668423465,0.9632566325948497,0.0,1.0,0.44386155117282333,False
data_size,53002.61908810494,recall_region_2,TwoStep (recall),twostep_recall,231,0.5333379825505272,0.43365516668423465,0.9632566325948496,0.0,1.0,0.44386155117282333,False
intensity,0.1681712049266273,fnr_region_2,TwoStep (recall),twostep_recall,211,0.47779602093378526,0.43362188139944446,0.9363302317311681,0.0,1.0,0.44345663194007345,False
intensity,0.1681712049266273,recall_region_2,TwoStep (recall),twostep_recall,211,0.5222039790662147,0.43362188139944446,0.9363302317311681,0.0,1.0,0.44345663194007345,False
data_size,29478.2599815721,recall_region_2,TwoStep (recall),twostep_recall,239,0.5384581680285402,0.43353430671419757,0.9641008917282842,0.0,1.0,0.44386155117282333,False
data_size,29478.2599815721,fnr_region_2,TwoStep (recall),twostep_recall,239,0.46154183197145987,0.4335343067141975,0.9641008917282842,0.0,1.0,0.44386155117282333,False
data_size,115884.31148680957,fnr_region_2,TwoStep (recall),twostep_recall,236,0.4415354669947801,0.4332553940258446,0.9476890491334977,0.0,1.0,0.44386155117282333,False
data_size,115884.31148680957,recall_region_2,TwoStep (recall),twostep_recall,236,0.5584645330052199,0.4332553940258446,0.9476890491334977,0.0,1.0,0.44386155117282333,False
data_size,78372.01043754505,fnr_region_2,TwoStep (recall),twostep_recall,202,0.4217503702191811,0.4328404979561421,0.9331706284571321,0.0,1.0,0.44386155117282333,False
data_size,78372.01043754505,recall_region_2,TwoStep (recall),twostep_recall,202,0.578249629780819,0.4328404979561421,0.9331706284571321,0.0,1.0,0.44386155117282333,False
noise,0.13529471303661472,fnr_region_2,λ=0,divtree_lambda0,234,0.4718200172108107,0.4328280363181024,0.9787897784898143,0.0,1.0,0.44362600324610857,False
noise,0.13529471303661472,recall_region_2,λ=0,divtree_lambda0,234,0.5281799827891893,0.4328280363181024,0.9787897784898142,0.0,1.0,0.4436260032461085,False
intensity,0.9451774034505906,recall_region_2,TwoStep (recall),twostep_recall,200,0.61118110238429,0.43151095569826475,0.9193840468690633,0.0,1.0,0.44345663194007345,False
intensity,0.9451774034505906,fnr_region_2,TwoStep (recall),twostep_recall,200,0.38881889761571004,0.4315109556982647,0.9193840468690633,0.0,1.0,0.44345663194007345,False
noise,2.142815589586332,fnr_region_2,λ=2,divtree_lambda2_region2,205,0.5463743004538175,0.43139958241348025,0.9390022505189233,0.0,1.0,0.4317190829016066,False
noise,2.142815589586332,recall_region_2,λ=2,divtree_lambda2_region2,205,0.45362569954618254,0.43139958241348025,0.9390022505189233,0.0,1.0,0.4317190829016066,False
intensity,0.4223033626515117,fnr_region_2,λ=0,divtree_lambda0,235,0.44304707868619325,0.4310711255125257,0.9957716038182891,0.0,1.0,0.43951193651279735,False
intensity,0.4223033626515117,recall_region_2,λ=0,divtree_lambda0,235,0.5569529213138067,0.4310711255125257,0.9957716038182891,0.0,1.0,0.43951193651279735,False
data_size,78372.01043754505,fnr_region_2,λ=0,divtree_lambda0,202,0.47104065207526513,0.431065550088547,0.966420006310797,0.0,1.0,0.43810869570797073,False
data_size,78372.01043754505,recall_region_2,λ=0,divtree_lambda0,202,0.5289593479247349,0.431065550088547,0.9664200063107972,0.0,1.0,0.43810869570797073,False
noise,0.024069432106053914,fnr_region_2,λ=0,divtree_lambda0,221,0.45110520162054757,0.4309407760717034,0.9709081378587341,0.0,1.0,0.44362600324610857,False
noise,0.024069432106053914,recall_region_2,λ=0,divtree_lambda0,221,0.5488947983794524,0.4309407760717034,0.9709081378587341,0.0,1.0,0.4436260032461085,False
noise,4.274750681290067,fnr_region_2,λ=2,divtree_lambda2_region2,224,0.5453670245583673,0.4307863951180698,0.9269769284605226,0.0,1.0,0.4317190829016066,False
noise,4.274750681290067,recall_region_2,λ=2,divtree_lambda2_region2,224,0.4546329754416328,0.4307863951180698,0.9269769284605226,0.0,1.0,0.4317190829016066,False
noise,0.01206534794533958,fnr_region_2,λ=2,divtree_lambda2_region2,226,0.4438815559808024,0.43078284719479776,0.9426535251916087,0.0,1.0,0.4317190829016066,False
noise,0.01206534794533958,recall_region_2,λ=2,divtree_lambda2_region2,226,0.5561184440191976,0.43078284719479776,0.9426535251916087,0.0,1.0,0.4317190829016066,False
data_size,253368.11425203207,fnr_region_2,TwoStep (recall),twostep_recall,216,0.40829487825709604,0.4307375933534341,0.9182030944638992,0.0,1.0,0.44386155117282333,False
data_size,253368.11425203207,recall_region_2,TwoStep (recall),twostep_recall,216,0.591705121742904,0.4307375933534341,0.9182030944638992,0.0,1.0,0.44386155117282333,False
data_size,29478.2599815721,fnr_region_2,λ=0,divtree_lambda0,239,0.548501867372525,0.4307322019118682,0.8959882102862562,0.0,1.0,0.43810869570797073,False
data_size,29478.2599815721,recall_region_2,λ=0,divtree_lambda0,239,0.45149813262747496,0.4307322019118682,0.8959882102862562,0.0,1.0,0.43810869570797073,False
noise,0.01704130491500777,fnr_region_2,λ=0,divtree_lambda0,224,0.5141379142018947,0.4306374821193896,0.9535290584278469,0.0,1.0,0.44362600324610857,False
noise,0.01704130491500777,recall_region_2,λ=0,divtree_lambda0,224,0.48586208579810525,0.4306374821193896,0.9535290584278469,0.0,1.0,0.4436260032461085,False
data_size,13482.627330113071,fnr_region_2,TwoStep (recall),twostep_recall,236,0.4835201214015826,0.4304670111817287,0.9714114346596353,0.0,1.0,0.44386155117282333,False
data_size,13482.627330113071,recall_region_2,TwoStep (recall),twostep_recall,236,0.5164798785984174,0.4304670111817287,0.9714114346596353,0.0,1.0,0.44386155117282333,False
noise,0.760494028068737,fnr_region_2,λ=2,divtree_lambda2_region2,245,0.47256023510135536,0.4301582701300383,0.9523817612053393,0.0,1.0,0.4317190829016066,False
noise,0.760494028068737,recall_region_2,λ=2,divtree_lambda2_region2,245,0.5274397648986446,0.4301582701300383,0.9523817612053393,0.0,1.0,0.4317190829016066,False
intensity,0.1498882271567853,fnr_region_2,λ=2,divtree_lambda2_region2,212,0.5107998533815115,0.43007493868661595,0.9339300937142269,0.0,1.0,0.4303739245509382,False
intensity,0.1498882271567853,recall_region_2,λ=2,divtree_lambda2_region2,212,0.48920014661848854,0.43007493868661595,0.9339300937142268,0.0,1.0,0.4303739245509382,False
noise,0.09578948302920401,fnr_region_2,λ=0,divtree_lambda0,216,0.43234653397284667,0.4299185062943837,0.9643018341154258,0.0,1.0,0.44362600324610857,False
noise,0.09578948302920401,recall_region_2,λ=0,divtree_lambda0,216,0.5676534660271533,0.4299185062943837,0.9643018341154258,0.0,1.0,0.4436260032461085,False
data_size,140914.75612831092,fnr_region_2,λ=0,divtree_lambda0,222,0.4738840008351604,0.4299160497208298,0.9752886380458224,0.0,1.0,0.43810869570797073,False
data_size,140914.75612831092,recall_region_2,λ=0,divtree_lambda0,222,0.5261159991648396,0.4299160497208298,0.9752886380458224,0.0,1.0,0.43810869570797073,False
intensity,0.5316095394193532,fnr_region_2,λ=0,divtree_lambda0,233,0.4363325002994209,0.42982692157336877,0.9769907753174139,0.0,1.0,0.43951193651279735,False
intensity,0.5316095394193532,recall_region_2,λ=0,divtree_lambda0,233,0.5636674997005792,0.42982692157336877,0.9769907753174139,0.0,1.0,0.43951193651279735,False
intensity,0.8424210637824314,fnr_region_2,λ=2,divtree_lambda2_region2,220,0.450545382094365,0.4296847076635425,0.931740884525845,0.0,1.0,0.4303739245509382,False
intensity,0.8424210637824314,recall_region_2,λ=2,divtree_lambda2_region2,220,0.5494546179056351,0.4296847076635425,0.931740884525845,0.0,1.0,0.4303739245509382,False
data_size,171351.654420983,fnr_region_2,TwoStep (recall),twostep_recall,203,0.3698810072321532,0.42967474221060087,0.9097192851405207,0.0,1.0,0.44386155117282333,False
data_size,171351.654420983,recall_region_2,TwoStep (recall),twostep_recall,203,0.6301189927678468,0.42967474221060087,0.9097192851405207,0.0,1.0,0.44386155117282333,False
intensity,0.5964538942816824,fnr_region_2,λ=2,divtree_lambda2_region2,217,0.49014469037521446,0.4295222968793407,0.9574590899071761,0.0,1.0,0.4303739245509382,False
intensity,0.5964538942816824,recall_region_2,λ=2,divtree_lambda2_region2,217,0.5098553096247855,0.4295222968793407,0.9574590899071761,0.0,1.0,0.4303739245509382,False
intensity,0.3354720276494002,recall_region_2,λ=0,divtree_lambda0,204,0.5390879717064522,0.42945660915002004,0.9722282667827222,0.0,1.0,0.43951193651279735,False
intensity,0.3354720276494002,fnr_region_2,λ=0,divtree_lambda0,204,0.4609120282935479,0.42945660915002,0.9722282667827222,0.0,1.0,0.43951193651279735,False
data_size,95299.98147634632,fnr_region_2,λ=2,divtree_lambda2_region2,199,0.48255606420859715,0.42940454054806076,0.9518042063209695,0.0,1.0,0.4295319496672729,False
data_size,95299.98147634632,recall_region_2,λ=2,divtree_lambda2_region2,199,0.5174439357914028,0.4294045405480607,0.9518042063209695,0.0,1.0,0.42953194966727287,False
intensity,0.11906916196297226,fnr_region_2,TwoStep (recall),twostep_recall,195,0.504690397991725,0.42908829099567103,0.9668735081113813,0.0,1.0,0.44345663194007345,False
intensity,0.11906916196297226,recall_region_2,TwoStep (recall),twostep_recall,195,0.49530960200827495,0.429088290995671,0.9668735081113813,0.0,1.0,0.44345663194007345,False
intensity,0.8424210637824314,fnr_region_2,λ=4,divtree_lambda4_region2,220,0.4521184210607032,0.4289493681575179,0.9440306778407065,0.0,1.0,0.42928680468731895,False
intensity,0.8424210637824314,recall_region_2,λ=4,divtree_lambda4_region2,220,0.5478815789392969,0.4289493681575179,0.9440306778407064,0.0,1.0,0.42928680468731895,False
data_size,11087.731534380375,fnr_region_2,λ=0,divtree_lambda0,220,0.5634696448966249,0.42881996489241836,0.8850567790414126,0.0,1.0,0.43810869570797073,False
data_size,11087.731534380375,recall_region_2,λ=0,divtree_lambda0,220,0.4365303551033751,0.42881996489241836,0.8850567790414126,0.0,1.0,0.43810869570797073,False
noise,1.5171265228807906,fnr_region_2,TwoStep (recall),twostep_recall,224,0.5287858251728375,0.4287957811883223,0.9955818403640837,0.0,1.0,0.44234548550132946,False
noise,1.5171265228807906,recall_region_2,TwoStep (recall),twostep_recall,224,0.47121417482716266,0.4287957811883223,0.9955818403640837,0.0,1.0,0.44234548550132946,False
noise,3.026549586817165,fnr_region_2,λ=8,divtree_lambda8_region2,231,0.5326248721470088,0.4286529030619002,0.892131554203607,0.0,1.0,0.4287915401089431,False
noise,3.026549586817165,recall_region_2,λ=8,divtree_lambda8_region2,231,0.4673751278529911,0.4286529030619002,0.892131554203607,0.0,1.0,0.4287915401089431,False
intensity,0.2375220728879286,fnr_region_2,λ=2,divtree_lambda2_region2,226,0.4586326471375783,0.42837330098671583,0.9210874124850565,0.0,1.0,0.4303739245509382,False
intensity,0.2375220728879286,recall_region_2,λ=2,divtree_lambda2_region2,226,0.5413673528624218,0.42837330098671583,0.9210874124850565,0.0,1.0,0.4303739245509382,False
data_size,64450.92564416891,recall_region_2,λ=2,divtree_lambda2_region2,213,0.5122244343242447,0.4283110087032518,0.9629451395572666,0.0,1.0,0.42953194966727287,False
data_size,64450.92564416891,fnr_region_2,λ=2,divtree_lambda2_region2,213,0.4877755656757552,0.4283110087032517,0.9629451395572666,0.0,1.0,0.4295319496672729,False
intensity,0.13359290997532036,fnr_region_2,TwoStep (recall),twostep_recall,226,0.45467994802722544,0.42830236562582613,0.9496754579127029,0.0,1.0,0.44345663194007345,False
intensity,0.13359290997532036,recall_region_2,TwoStep (recall),twostep_recall,226,0.5453200519727746,0.42830236562582613,0.9496754579127029,0.0,1.0,0.44345663194007345,False
noise,6.037731371322748,fnr_region_2,λ=0,divtree_lambda0,214,0.6142197086281098,0.42829838469158693,0.8855565782451325,0.0,1.0,0.44362600324610857,False
noise,6.037731371322748,recall_region_2,λ=0,divtree_lambda0,214,0.3857802913718901,0.42829838469158693,0.8855565782451323,0.0,1.0,0.4436260032461085,False
data_size,95299.98147634632,fnr_region_2,λ=4,divtree_lambda4_region2,199,0.47818520125293995,0.4282462706726898,0.9119066090486585,0.0,1.0,0.42839849637586885,False
data_size,95299.98147634632,recall_region_2,λ=4,divtree_lambda4_region2,199,0.5218147987470602,0.4282462706726898,0.9119066090486585,0.0,1.0,0.4283984963758689,False
noise,0.760494028068737,fnr_region_2,λ=4,divtree_lambda4_region2,245,0.48171541862440004,0.42824110450613595,0.9472077579979878,0.0,1.0,0.4283403022218822,False
noise,0.760494028068737,recall_region_2,λ=4,divtree_lambda4_region2,245,0.5182845813756,0.42824110450613595,0.9472077579979878,0.0,1.0,0.4283403022218822,False
data_size,455561.95166088303,fnr_region_2,λ=8,divtree_lambda8_region2,221,0.43413994555471125,0.42800316243787745,0.9204391194003423,0.0,1.0,0.42836887778108407,False
data_size,455561.95166088303,recall_region_2,λ=8,divtree_lambda8_region2,221,0.5658600544452888,0.42800316243787745,0.9204391194003423,0.0,1.0,0.42836887778108407,False
sparsity,4.0,fnr_region_2,λ=0,divtree_lambda0,717,0.6355399670113844,0.42797002630757025,0.8782826177573989,0.0,1.0,0.431952710435421,False
sparsity,4.0,recall_region_2,λ=0,divtree_lambda0,717,0.3644600329886157,0.42797002630757025,0.8782826177573989,0.0,1.0,0.431952710435421,False
data_size,115884.31148680957,recall_region_2,λ=4,divtree_lambda4_region2,236,0.5434714821740848,0.4279476534382843,0.9392073924406419,0.0,1.0,0.4283984963758689,False
data_size,115884.31148680957,fnr_region_2,λ=4,divtree_lambda4_region2,236,0.45652851782591525,0.4279476534382842,0.9392073924406419,0.0,1.0,0.42839849637586885,False
data_size,455561.95166088303,fnr_region_2,λ=2,divtree_lambda2_region2,221,0.4399625092610869,0.4279085456192424,0.9379943364905771,0.0,1.0,0.4295319496672729,False
data_size,455561.95166088303,recall_region_2,λ=2,divtree_lambda2_region2,221,0.5600374907389131,0.4279085456192424,0.9379943364905771,0.0,1.0,0.42953194966727287,False
data_size,11087.731534380375,recall_region_2,TwoStep (recall),twostep_recall,220,0.49860708270375376,0.4275431153785837,0.9388521172591846,0.0,1.0,0.44386155117282333,False
data_size,11087.731534380375,fnr_region_2,TwoStep (recall),twostep_recall,220,0.5013929172962462,0.42754311537858364,0.9388521172591846,0.0,1.0,0.44386155117282333,False
data_size,115884.31148680957,fnr_region_2,λ=2,divtree_lambda2_region2,236,0.4493695654199646,0.427515101670887,0.9386270098731971,0.0,1.0,0.4295319496672729,False
data_size,115884.31148680957,recall_region_2,λ=2,divtree_lambda2_region2,236,0.5506304345800354,0.42751510167088697,0.9386270098731971,0.0,1.0,0.42953194966727287,False
data_size,208362.77391753628,fnr_region_2,λ=8,divtree_lambda8_region2,212,0.4662886661033473,0.42750749420300277,0.9075557438794417,0.0,1.0,0.42836887778108407,False
data_size,208362.77391753628,recall_region_2,λ=8,divtree_lambda8_region2,212,0.5337113338966528,0.42750749420300277,0.9075557438794417,0.0,1.0,0.42836887778108407,False
data_size,19936.00746568184,fnr_region_2,λ=0,divtree_lambda0,244,0.5641015948515679,0.4274914385930154,0.9166638388664804,0.0,1.0,0.43810869570797073,False
data_size,19936.00746568184,recall_region_2,λ=0,divtree_lambda0,244,0.4358984051484321,0.4274914385930154,0.9166638388664804,0.0,1.0,0.43810869570797073,False
data_size,53002.61908810494,fnr_region_2,λ=2,divtree_lambda2_region2,231,0.4711284350142796,0.42730964242317687,0.9240275627358799,0.0,1.0,0.4295319496672729,False
data_size,53002.61908810494,recall_region_2,λ=2,divtree_lambda2_region2,231,0.5288715649857204,0.42730964242317687,0.9240275627358799,0.0,1.0,0.42953194966727287,False
noise,0.5384344159537604,fnr_region_2,λ=4,divtree_lambda4_region2,220,0.475753000044679,0.42730211713421073,0.9224605155932686,0.0,1.0,0.4283403022218822,False
noise,0.5384344159537604,recall_region_2,λ=4,divtree_lambda4_region2,220,0.5242469999553211,0.42730211713421073,0.9224605155932686,0.0,1.0,0.4283403022218822,False
noise,0.38121485453303716,fnr_region_2,λ=2,divtree_lambda2_region2,211,0.4348986420004076,0.4272974087908989,0.927622157822865,0.0,1.0,0.4317190829016066,False
noise,0.38121485453303716,recall_region_2,λ=2,divtree_lambda2_region2,211,0.5651013579995924,0.4272974087908989,0.927622157822865,0.0,1.0,0.4317190829016066,False
intensity,0.2375220728879286,fnr_region_2,λ=8,divtree_lambda8_region2,226,0.4577517961235947,0.42721405554622555,0.8763538772150303,0.0,1.0,0.4272765893305503,False
intensity,0.2375220728879286,recall_region_2,λ=8,divtree_lambda8_region2,226,0.5422482038764053,0.42721405554622555,0.8763538772150303,0.0,1.0,0.4272765893305503,False
intensity,0.13359290997532036,fnr_region_2,λ=0,divtree_lambda0,226,0.5749810789923955,0.42719953528863736,0.9019743215593583,0.0,1.0,0.43951193651279735,False
intensity,0.13359290997532036,recall_region_2,λ=0,divtree_lambda0,226,0.4250189210076044,0.42719953528863736,0.9019743215593583,0.0,1.0,0.43951193651279735,False
intensity,0.6692077956169817,fnr_region_2,λ=2,divtree_lambda2_region2,209,0.4476803302018441,0.4269438470691178,0.9331437013862878,0.0,1.0,0.4303739245509382,False
intensity,0.6692077956169817,recall_region_2,λ=2,divtree_lambda2_region2,209,0.5523196697981559,0.42694384706911775,0.9331437013862878,0.0,1.0,0.4303739245509382,False
noise,0.38121485453303716,fnr_region_2,λ=4,divtree_lambda4_region2,211,0.42442801516905315,0.42679268850318464,0.9091350946277457,0.0,1.0,0.4283403022218822,False
noise,0.38121485453303716,recall_region_2,λ=4,divtree_lambda4_region2,211,0.5755719848309468,0.42679268850318464,0.9091350946277457,0.0,1.0,0.4283403022218822,False
data_size,95299.98147634632,fnr_region_2,λ=8,divtree_lambda8_region2,199,0.4783123174390789,0.42671449388019345,0.8954540096677962,0.0,1.0,0.42836887778108407,False
data_size,95299.98147634632,recall_region_2,λ=8,divtree_lambda8_region2,199,0.521687682560921,0.42671449388019345,0.8954540096677962,0.0,1.0,0.42836887778108407,False
noise,0.38121485453303716,recall_region_2,λ=0,divtree_lambda0,211,0.5648396957924172,0.42661631424700064,0.947833269455233,0.0,1.0,0.4436260032461085,False
noise,0.38121485453303716,fnr_region_2,λ=0,divtree_lambda0,211,0.43516030420758284,0.4266163142470006,0.9478332694552332,0.0,1.0,0.44362600324610857,False
data_size,24242.087597150792,fnr_region_2,TwoStep (recall),twostep_recall,233,0.49575970975666994,0.426540962002761,0.977112676056338,0.0,1.0,0.44386155117282333,False
data_size,24242.087597150792,recall_region_2,TwoStep (recall),twostep_recall,233,0.5042402902433301,0.426540962002761,0.977112676056338,0.0,1.0,0.44386155117282333,False
data_size,455561.95166088303,fnr_region_2,λ=4,divtree_lambda4_region2,221,0.44178732827533046,0.4262940100502377,0.9253397043452292,0.0,1.0,0.42839849637586885,False
data_size,455561.95166088303,recall_region_2,λ=4,divtree_lambda4_region2,221,0.5582126717246696,0.4262940100502377,0.9253397043452292,0.0,1.0,0.4283984963758689,False
noise,3.026549586817165,fnr_region_2,λ=4,divtree_lambda4_region2,231,0.5407648799473206,0.42627242242004937,0.894991285358315,0.0,1.0,0.4283403022218822,False
noise,3.026549586817165,recall_region_2,λ=4,divtree_lambda4_region2,231,0.45923512005267936,0.4262724224200493,0.8949912853583148,0.0,1.0,0.4283403022218822,False
intensity,0.18868429297579686,fnr_region_2,TwoStep (recall),twostep_recall,239,0.4713871215691529,0.4260399488861076,0.9364200815832842,0.0,1.0,0.44345663194007345,False
intensity,0.18868429297579686,recall_region_2,TwoStep (recall),twostep_recall,239,0.528612878430847,0.4260399488861076,0.9364200815832842,0.0,1.0,0.44345663194007345,False
data_size,253368.11425203207,fnr_region_2,λ=0,divtree_lambda0,216,0.42289884962154184,0.4259863500491042,0.8947449873523474,0.0,1.0,0.43810869570797073,False
data_size,253368.11425203207,recall_region_2,λ=0,divtree_lambda0,216,0.5771011503784583,0.4259863500491042,0.8947449873523474,0.0,1.0,0.43810869570797073,False
noise,0.03399607980711228,fnr_region_2,TwoStep (recall),twostep_recall,202,0.34994247219825814,0.4259228670129168,0.8423069750093248,0.0,1.0,0.44234548550132946,False
noise,0.03399607980711228,recall_region_2,TwoStep (recall),twostep_recall,202,0.6500575278017419,0.4259228670129168,0.8423069750093248,0.0,1.0,0.44234548550132946,False
noise,0.5384344159537604,fnr_region_2,λ=2,divtree_lambda2_region2,220,0.4650382991802781,0.4258257612332559,0.9334716177065925,0.0,1.0,0.4317190829016066,False
noise,0.5384344159537604,recall_region_2,λ=2,divtree_lambda2_region2,220,0.5349617008197219,0.4258257612332559,0.9334716177065926,0.0,1.0,0.4317190829016066,False
data_size,374641.26936243696,fnr_region_2,λ=2,divtree_lambda2_region2,231,0.3760739529267658,0.4258048462646783,0.9049538504371598,0.0,1.0,0.4295319496672729,False
data_size,374641.26936243696,recall_region_2,λ=2,divtree_lambda2_region2,231,0.6239260470732343,0.4258048462646783,0.9049538504371598,0.0,1.0,0.42953194966727287,False
noise,0.13529471303661472,fnr_region_2,λ=2,divtree_lambda2_region2,234,0.4592495295094894,0.42571460823195756,0.9249486681326496,0.0,1.0,0.4317190829016066,False
noise,0.13529471303661472,recall_region_2,λ=2,divtree_lambda2_region2,234,0.5407504704905107,0.42571460823195756,0.9249486681326496,0.0,1.0,0.4317190829016066,False
data_size,35845.419997710356,fnr_region_2,λ=2,divtree_lambda2_region2,189,0.534195036939418,0.4256976870114789,0.9268412844004342,0.0,1.0,0.4295319496672729,False
data_size,35845.419997710356,recall_region_2,λ=2,divtree_lambda2_region2,189,0.4658049630605819,0.4256976870114789,0.9268412844004342,0.0,1.0,0.42953194966727287,False
noise,8.527795614328893,fnr_region_2,λ=0,divtree_lambda0,228,0.6400423933216302,0.4254675952323065,0.845344388382363,0.0,1.0,0.44362600324610857,False
noise,8.527795614328893,recall_region_2,λ=0,divtree_lambda0,228,0.3599576066783697,0.42546759523230643,0.845344388382363,0.0,1.0,0.4436260032461085,False
intensity,0.5964538942816824,fnr_region_2,λ=8,divtree_lambda8_region2,217,0.46885381586252695,0.42539794369022904,0.9243057262226592,0.0,1.0,0.4272765893305503,False
intensity,0.5964538942816824,recall_region_2,λ=8,divtree_lambda8_region2,217,0.531146184137473,0.42539794369022904,0.9243057262226592,0.0,1.0,0.4272765893305503,False
sparsity,6.0,fnr_region_2,λ=2,divtree_lambda2_region2,701,0.5892356756167819,0.42515001460134594,0.8467011642949547,0.0,1.0,0.4262964165071911,False
sparsity,6.0,recall_region_2,λ=2,divtree_lambda2_region2,701,0.41076432438321814,0.42515001460134594,0.8467011642949547,0.0,1.0,0.4262964165071911,False
intensity,0.47381483315153217,fnr_region_2,λ=4,divtree_lambda4_region2,230,0.44419643593185715,0.425147937842941,0.8990835130197727,0.0,1.0,0.42928680468731895,False
intensity,0.47381483315153217,recall_region_2,λ=4,divtree_lambda4_region2,230,0.5558035640681429,0.425147937842941,0.8990835130197727,0.0,1.0,0.42928680468731895,False
intensity,0.7508360294199752,fnr_region_2,λ=2,divtree_lambda2_region2,230,0.4469441761353292,0.42513383418434336,0.9283103004667681,0.0,1.0,0.4303739245509382,False
intensity,0.7508360294199752,recall_region_2,λ=2,divtree_lambda2_region2,230,0.5530558238646708,0.42513383418434336,0.9283103004667681,0.0,1.0,0.4303739245509382,False
data_size,374641.26936243696,fnr_region_2,λ=0,divtree_lambda0,231,0.3882841176815331,0.42510305020073347,0.9402112196229844,0.0,1.0,0.43810869570797073,False
data_size,374641.26936243696,recall_region_2,λ=0,divtree_lambda0,231,0.611715882318467,0.4251030502007334,0.9402112196229844,0.0,1.0,0.43810869570797073,False
data_size,53002.61908810494,fnr_region_2,λ=4,divtree_lambda4_region2,231,0.46077638523454767,0.42508366363175665,0.8955967633200985,0.0,1.0,0.42839849637586885,False
data_size,53002.61908810494,recall_region_2,λ=4,divtree_lambda4_region2,231,0.5392236147654523,0.42508366363175665,0.8955967633200985,0.0,1.0,0.4283984963758689,False
data_size,78372.01043754505,fnr_region_2,λ=2,divtree_lambda2_region2,202,0.46787645878453465,0.4250591418134526,0.9044491489736174,0.0,1.0,0.4295319496672729,False
data_size,78372.01043754505,recall_region_2,λ=2,divtree_lambda2_region2,202,0.5321235412154653,0.4250591418134526,0.9044491489736175,0.0,1.0,0.42953194966727287,False
intensity,0.9451774034505906,fnr_region_2,λ=0,divtree_lambda0,200,0.4207777078451679,0.42499778893858203,0.9102692634552715,0.0,1.0,0.43951193651279735,False
intensity,0.9451774034505906,recall_region_2,λ=0,divtree_lambda0,200,0.579222292154832,0.42499778893858203,0.9102692634552715,0.0,1.0,0.43951193651279735,False
data_size,64450.92564416891,fnr_region_2,λ=4,divtree_lambda4_region2,213,0.48067954129440726,0.4247864328850382,0.912051649928264,0.0,1.0,0.42839849637586885,False
data_size,64450.92564416891,recall_region_2,λ=4,divtree_lambda4_region2,213,0.5193204587055927,0.4247864328850382,0.912051649928264,0.0,1.0,0.4283984963758689,False
intensity,0.2375220728879286,fnr_region_2,λ=4,divtree_lambda4_region2,226,0.47237957250747875,0.42474129837982033,0.8926261555643493,0.0,1.0,0.42928680468731895,False
intensity,0.2375220728879286,recall_region_2,λ=4,divtree_lambda4_region2,226,0.5276204274925214,0.42474129837982033,0.8926261555643493,0.0,1.0,0.42928680468731895,False
intensity,0.47381483315153217,fnr_region_2,λ=8,divtree_lambda8_region2,230,0.4485660559388214,0.42465760181557743,0.8870056761736528,0.0,1.0,0.4272765893305503,False
intensity,0.47381483315153217,recall_region_2,λ=8,divtree_lambda8_region2,230,0.5514339440611787,0.42465760181557743,0.8870056761736528,0.0,1.0,0.4272765893305503,False
intensity,0.21169951438065343,fnr_region_2,λ=4,divtree_lambda4_region2,251,0.5298100180546597,0.42449913393908495,0.9139000963153505,0.0,1.0,0.42928680468731895,False
intensity,0.21169951438065343,recall_region_2,λ=4,divtree_lambda4_region2,251,0.47018998194534034,0.42449913393908495,0.9139000963153505,0.0,1.0,0.42928680468731895,False
intensity,0.2990006969801944,fnr_region_2,λ=0,divtree_lambda0,196,0.5179453927365284,0.4243943541460263,0.9281029840238537,0.0,1.0,0.43951193651279735,False
intensity,0.2990006969801944,recall_region_2,λ=0,divtree_lambda0,196,0.48205460726347155,0.4243943541460263,0.9281029840238537,0.0,1.0,0.43951193651279735,False
data_size,115884.31148680957,fnr_region_2,λ=8,divtree_lambda8_region2,236,0.44429743825657025,0.4241435735759588,0.8855365771837848,0.0,1.0,0.42836887778108407,False
data_size,115884.31148680957,recall_region_2,λ=8,divtree_lambda8_region2,236,0.5557025617434297,0.4241435735759588,0.8855365771837848,0.0,1.0,0.42836887778108407,False
noise,1.0741348427807047,fnr_region_2,λ=0,divtree_lambda0,204,0.47970156374575484,0.4241101743152264,0.9442650892319426,0.0,1.0,0.44362600324610857,False
noise,1.0741348427807047,recall_region_2,λ=0,divtree_lambda0,204,0.5202984362542452,0.4241101743152264,0.9442650892319427,0.0,1.0,0.4436260032461085,False
data_size,29478.2599815721,fnr_region_2,λ=2,divtree_lambda2_region2,239,0.5403416974781134,0.42406612455622583,0.9223275466950108,0.0,1.0,0.4295319496672729,False
data_size,29478.2599815721,recall_region_2,λ=2,divtree_lambda2_region2,239,0.4596583025218865,0.42406612455622583,0.9223275466950109,0.0,1.0,0.42953194966727287,False
noise,3.026549586817165,fnr_region_2,TwoStep (recall),twostep_recall,231,0.5852113064208377,0.4240604654421877,0.9500618461363497,0.0,1.0,0.44234548550132946,False
noise,3.026549586817165,recall_region_2,TwoStep (recall),twostep_recall,231,0.4147886935791624,0.4240604654421876,0.9500618461363498,0.0,1.0,0.44234548550132946,False
noise,0.13529471303661472,fnr_region_2,λ=8,divtree_lambda8_region2,234,0.4423502261500863,0.42398785347656565,0.8878895852514371,0.0,1.0,0.4287915401089431,False
noise,0.13529471303661472,recall_region_2,λ=8,divtree_lambda8_region2,234,0.5576497738499137,0.4239878534765656,0.8878895852514371,0.0,1.0,0.4287915401089431,False
noise,0.06781953893881253,fnr_region_2,λ=2,divtree_lambda2_region2,206,0.4716860414282328,0.4239697805667987,0.9236659320322972,0.0,1.0,0.4317190829016066,False
noise,0.06781953893881253,recall_region_2,λ=2,divtree_lambda2_region2,206,0.5283139585717672,0.4239697805667987,0.9236659320322972,0.0,1.0,0.4317190829016066,False
sparsity,5.0,fnr_region_2,λ=4,divtree_lambda4_region2,791,0.6210450338424586,0.42392852963630784,0.9375861335997866,0.0,1.0,0.4240016410553663,False
sparsity,5.0,recall_region_2,λ=4,divtree_lambda4_region2,791,0.3789549661575414,0.42392852963630784,0.9375861335997865,0.0,1.0,0.4240016410553663,False
sparsity,6.0,fnr_region_2,λ=0,divtree_lambda0,701,0.6140515691865596,0.42376783140884755,0.8079298418972332,0.0,1.0,0.431952710435421,False
sparsity,6.0,recall_region_2,λ=0,divtree_lambda0,701,0.38594843081344044,0.42376783140884755,0.8079298418972332,0.0,1.0,0.431952710435421,False
intensity,0.10612438439422897,fnr_region_2,TwoStep (recall),twostep_recall,226,0.5108833364030145,0.423484768346214,0.9808973589435774,0.0,1.0,0.44345663194007345,False
intensity,0.10612438439422897,recall_region_2,TwoStep (recall),twostep_recall,226,0.48911666359698547,0.423484768346214,0.9808973589435774,0.0,1.0,0.44345663194007345,False
intensity,0.2990006969801944,recall_region_2,λ=2,divtree_lambda2_region2,196,0.4908532646684743,0.4234145259774789,0.923819077284644,0.0,1.0,0.4303739245509382,False
intensity,0.2990006969801944,fnr_region_2,λ=2,divtree_lambda2_region2,196,0.5091467353315257,0.42341452597747886,0.923819077284644,0.0,1.0,0.4303739245509382,False
noise,0.19109257923523043,recall_region_2,TwoStep (recall),twostep_recall,207,0.6377201375232869,0.4234097675112164,0.853339194096962,0.0,1.0,0.44234548550132946,False
noise,0.19109257923523043,fnr_region_2,TwoStep (recall),twostep_recall,207,0.36227986247671295,0.42340976751121634,0.853339194096962,0.0,1.0,0.44234548550132946,False
noise,0.01206534794533958,fnr_region_2,λ=8,divtree_lambda8_region2,226,0.41472517924173397,0.4233633529033578,0.8845989330946429,0.0,1.0,0.4287915401089431,False
noise,0.01206534794533958,recall_region_2,λ=8,divtree_lambda8_region2,226,0.5852748207582661,0.4233633529033578,0.8845989330946429,0.0,1.0,0.4287915401089431,False
intensity,0.7508360294199752,fnr_region_2,λ=4,divtree_lambda4_region2,230,0.4407711683741415,0.4233165924598937,0.9043022238014351,0.0,1.0,0.42928680468731895,False
intensity,0.7508360294199752,recall_region_2,λ=4,divtree_lambda4_region2,230,0.5592288316258586,0.42331659245989367,0.9043022238014351,0.0,1.0,0.42928680468731895,False
intensity,0.2664944002069672,fnr_region_2,λ=0,divtree_lambda0,218,0.4800081761566149,0.4231439199925369,0.9724295086443213,0.0,1.0,0.43951193651279735,False
intensity,0.2664944002069672,recall_region_2,λ=0,divtree_lambda0,218,0.519991823843385,0.4231439199925369,0.9724295086443213,0.0,1.0,0.43951193651279735,False
noise,0.26990244496021376,fnr_region_2,TwoStep (recall),twostep_recall,230,0.3421681662268926,0.4231310974570983,0.8372451398767188,0.0,1.0,0.44234548550132946,False
noise,0.26990244496021376,recall_region_2,TwoStep (recall),twostep_recall,230,0.6578318337731074,0.4231310974570983,0.8372451398767189,0.0,1.0,0.44234548550132946,False
data_size,308094.3880361152,fnr_region_2,λ=0,divtree_lambda0,210,0.40394170699550386,0.4230162586632434,0.8940178114221659,0.0,1.0,0.43810869570797073,False
data_size,308094.3880361152,recall_region_2,λ=0,divtree_lambda0,210,0.5960582930044962,0.4230162586632433,0.8940178114221659,0.0,1.0,0.43810869570797073,False
intensity,0.13359290997532036,fnr_region_2,λ=2,divtree_lambda2_region2,226,0.5632846048383537,0.4229641114978087,0.882509330729924,0.0,1.0,0.4303739245509382,False
intensity,0.13359290997532036,recall_region_2,λ=2,divtree_lambda2_region2,226,0.43671539516164626,0.4229641114978087,0.8825093307299241,0.0,1.0,0.4303739245509382,False
intensity,0.18868429297579686,fnr_region_2,λ=2,divtree_lambda2_region2,239,0.5647974566661993,0.42289002886868277,0.9396642527719365,0.0,1.0,0.4303739245509382,False
intensity,0.18868429297579686,recall_region_2,λ=2,divtree_lambda2_region2,239,0.43520254333380065,0.42289002886868277,0.9396642527719365,0.0,1.0,0.4303739245509382,False
data_size,13482.627330113071,fnr_region_2,λ=0,divtree_lambda0,236,0.5930316028620033,0.4228570896875336,0.889664783179901,0.0,1.0,0.43810869570797073,False
data_size,13482.627330113071,recall_region_2,λ=0,divtree_lambda0,236,0.40696839713799676,0.4228570896875336,0.889664783179901,0.0,1.0,0.43810869570797073,False
data_size,29478.2599815721,fnr_region_2,λ=8,divtree_lambda8_region2,239,0.5118583624702574,0.42283359501781004,0.9051690270253144,0.0,1.0,0.42836887778108407,False
data_size,29478.2599815721,recall_region_2,λ=8,divtree_lambda8_region2,239,0.4881416375297425,0.42283359501781004,0.9051690270253144,0.0,1.0,0.42836887778108407,False
data_size,171351.654420983,fnr_region_2,λ=0,divtree_lambda0,203,0.4190487799779,0.4227944839635304,0.9323627468670839,0.0,1.0,0.43810869570797073,False
data_size,171351.654420983,recall_region_2,λ=0,divtree_lambda0,203,0.5809512200221,0.4227944839635304,0.9323627468670838,0.0,1.0,0.43810869570797073,False
sparsity,6.0,fnr_region_2,λ=8,divtree_lambda8_region2,701,0.5900139875396435,0.4227507875363725,0.9754800232983301,0.0,1.0,0.42347527811960817,False
sparsity,6.0,recall_region_2,λ=8,divtree_lambda8_region2,701,0.4099860124603565,0.4227507875363725,0.9754800232983301,0.0,1.0,0.42347527811960817,False
data_size,53002.61908810494,recall_region_2,λ=8,divtree_lambda8_region2,231,0.5310899888598598,0.42269253178263605,0.8936356411142692,0.0,1.0,0.42836887778108407,False
data_size,53002.61908810494,fnr_region_2,λ=8,divtree_lambda8_region2,231,0.46891001114014025,0.422692531782636,0.8936356411142692,0.0,1.0,0.42836887778108407,False
data_size,171351.654420983,fnr_region_2,λ=2,divtree_lambda2_region2,203,0.41064458898736267,0.4226802559089068,0.8879458488114496,0.0,1.0,0.4295319496672729,False
data_size,171351.654420983,recall_region_2,λ=2,divtree_lambda2_region2,203,0.5893554110126373,0.4226802559089068,0.8879458488114494,0.0,1.0,0.42953194966727287,False
noise,0.09578948302920401,fnr_region_2,λ=8,divtree_lambda8_region2,216,0.4326337433582889,0.4226197429591229,0.8986471512887034,0.0,1.0,0.4287915401089431,False
noise,0.09578948302920401,recall_region_2,λ=8,divtree_lambda8_region2,216,0.5673662566417111,0.4226197429591229,0.8986471512887034,0.0,1.0,0.4287915401089431,False
intensity,0.2990006969801944,fnr_region_2,λ=8,divtree_lambda8_region2,196,0.48648144584400016,0.42257850001606456,0.9042116637965592,0.0,1.0,0.4272765893305503,False
intensity,0.2990006969801944,recall_region_2,λ=8,divtree_lambda8_region2,196,0.5135185541559998,0.42257850001606456,0.9042116637965592,0.0,1.0,0.4272765893305503,False
noise,0.760494028068737,fnr_region_2,λ=8,divtree_lambda8_region2,245,0.4812870527654131,0.4225538036998366,0.9284055181860583,0.0,1.0,0.4287915401089431,False
noise,0.760494028068737,recall_region_2,λ=8,divtree_lambda8_region2,245,0.5187129472345869,0.4225538036998366,0.9284055181860583,0.0,1.0,0.4287915401089431,False
intensity,0.4223033626515117,recall_region_2,λ=2,divtree_lambda2_region2,235,0.5658087985794793,0.42254806628292213,0.9140775386980794,0.0,1.0,0.4303739245509382,False
intensity,0.4223033626515117,fnr_region_2,λ=2,divtree_lambda2_region2,235,0.43419120142052053,0.4225480662829221,0.9140775386980795,0.0,1.0,0.4303739245509382,False
intensity,0.2990006969801944,fnr_region_2,λ=4,divtree_lambda4_region2,196,0.4907660190422531,0.42239477782535756,0.9119606812730752,0.0,1.0,0.42928680468731895,False
intensity,0.2990006969801944,recall_region_2,λ=4,divtree_lambda4_region2,196,0.5092339809577469,0.42239477782535756,0.9119606812730752,0.0,1.0,0.42928680468731895,False
intensity,0.47381483315153217,fnr_region_2,λ=2,divtree_lambda2_region2,230,0.4414267315463818,0.42237994507131044,0.9026473924142298,0.0,1.0,0.4303739245509382,False
intensity,0.47381483315153217,recall_region_2,λ=2,divtree_lambda2_region2,230,0.5585732684536182,0.42237994507131044,0.9026473924142296,0.0,1.0,0.4303739245509382,False
noise,4.274750681290067,fnr_region_2,λ=4,divtree_lambda4_region2,224,0.5434848248417563,0.42237520505208764,0.8814798506810125,0.0,1.0,0.4283403022218822,False
noise,4.274750681290067,recall_region_2,λ=4,divtree_lambda4_region2,224,0.45651517515824364,0.42237520505208764,0.8814798506810125,0.0,1.0,0.4283403022218822,False
sparsity,4.0,fnr_region_2,λ=2,divtree_lambda2_region2,717,0.623787800418715,0.4222657723197522,0.8727338395672932,0.0,1.0,0.4262964165071911,False
sparsity,4.0,recall_region_2,λ=2,divtree_lambda2_region2,717,0.376212199581285,0.4222657723197522,0.8727338395672932,0.0,1.0,0.4262964165071911,False
data_size,29478.2599815721,fnr_region_2,λ=4,divtree_lambda4_region2,239,0.5366111843258495,0.42220129369340337,0.9027343148870994,0.0,1.0,0.42839849637586885,False
data_size,29478.2599815721,recall_region_2,λ=4,divtree_lambda4_region2,239,0.46338881567415047,0.42220129369340337,0.9027343148870994,0.0,1.0,0.4283984963758689,False
intensity,0.5316095394193532,fnr_region_2,λ=2,divtree_lambda2_region2,233,0.42356675162908425,0.42208832989213435,0.9266925398878827,0.0,1.0,0.4303739245509382,False
intensity,0.5316095394193532,recall_region_2,λ=2,divtree_lambda2_region2,233,0.5764332483709157,0.42208832989213435,0.9266925398878827,0.0,1.0,0.4303739245509382,False
noise,2.142815589586332,fnr_region_2,TwoStep (recall),twostep_recall,205,0.558455816442222,0.4219588132867135,0.9726103968697597,0.0,1.0,0.44234548550132946,False
noise,2.142815589586332,recall_region_2,TwoStep (recall),twostep_recall,205,0.4415441835577781,0.4219588132867135,0.9726103968697597,0.0,1.0,0.44234548550132946,False
noise,1.0741348427807047,fnr_region_2,λ=2,divtree_lambda2_region2,204,0.44380267572092813,0.4218555286846805,0.912229399403893,0.0,1.0,0.4317190829016066,False
noise,1.0741348427807047,recall_region_2,λ=2,divtree_lambda2_region2,204,0.5561973242790719,0.4218555286846805,0.912229399403893,0.0,1.0,0.4317190829016066,False
intensity,0.1498882271567853,fnr_region_2,λ=8,divtree_lambda8_region2,212,0.47954094836188,0.42182120752138796,0.8860910506306171,0.0,1.0,0.4272765893305503,False
intensity,0.1498882271567853,recall_region_2,λ=8,divtree_lambda8_region2,212,0.52045905163812,0.42182120752138796,0.8860910506306171,0.0,1.0,0.4272765893305503,False
intensity,0.6692077956169817,fnr_region_2,λ=4,divtree_lambda4_region2,209,0.4486056164772521,0.42178932619260057,0.9057044367841655,0.0,1.0,0.42928680468731895,False
intensity,0.6692077956169817,recall_region_2,λ=4,divtree_lambda4_region2,209,0.5513943835227478,0.4217893261926005,0.9057044367841655,0.0,1.0,0.42928680468731895,False
intensity,0.5964538942816824,fnr_region_2,λ=4,divtree_lambda4_region2,217,0.4768447788956073,0.4217741678085051,0.9200027867503697,0.0,1.0,0.42928680468731895,False
intensity,0.5964538942816824,recall_region_2,λ=4,divtree_lambda4_region2,217,0.5231552211043927,0.4217741678085051,0.9200027867503697,0.0,1.0,0.42928680468731895,False
data_size,16394.80890739932,fnr_region_2,λ=8,divtree_lambda8_region2,231,0.5242901685982116,0.42160476051919127,0.8971088649711391,0.0,1.0,0.42836887778108407,False
data_size,16394.80890739932,recall_region_2,λ=8,divtree_lambda8_region2,231,0.47570983140178824,0.42160476051919127,0.8971088649711391,0.0,1.0,0.42836887778108407,False
intensity,0.3354720276494002,fnr_region_2,λ=2,divtree_lambda2_region2,204,0.4528268533100575,0.4215977270216102,0.909762864698487,0.0,1.0,0.4303739245509382,False
intensity,0.3354720276494002,recall_region_2,λ=2,divtree_lambda2_region2,204,0.5471731466899424,0.4215977270216102,0.909762864698487,0.0,1.0,0.4303739245509382,False
noise,0.38121485453303716,fnr_region_2,λ=8,divtree_lambda8_region2,211,0.42973923493319616,0.4215551326404369,0.8904622338620368,0.0,1.0,0.4287915401089431,False
noise,0.38121485453303716,recall_region_2,λ=8,divtree_lambda8_region2,211,0.5702607650668039,0.4215551326404369,0.8904622338620368,0.0,1.0,0.4287915401089431,False
data_size,24242.087597150792,fnr_region_2,λ=2,divtree_lambda2_region2,233,0.5166248551903548,0.4213773321075007,0.8850297133224508,0.0,1.0,0.4295319496672729,False
data_size,24242.087597150792,recall_region_2,λ=2,divtree_lambda2_region2,233,0.4833751448096452,0.4213773321075007,0.8850297133224508,0.0,1.0,0.42953194966727287,False
data_size,140914.75612831092,fnr_region_2,λ=2,divtree_lambda2_region2,222,0.4694312173905239,0.4213384032678028,0.9117442382049749,0.0,1.0,0.4295319496672729,False
data_size,140914.75612831092,recall_region_2,λ=2,divtree_lambda2_region2,222,0.530568782609476,0.4213384032678028,0.9117442382049749,0.0,1.0,0.42953194966727287,False
data_size,374641.26936243696,fnr_region_2,λ=4,divtree_lambda4_region2,231,0.3704381485120574,0.42117716809328387,0.8866881331278982,0.0,1.0,0.42839849637586885,False
data_size,374641.26936243696,recall_region_2,λ=4,divtree_lambda4_region2,231,0.6295618514879426,0.42117716809328387,0.8866881331278981,0.0,1.0,0.4283984963758689,False
noise,2.142815589586332,fnr_region_2,λ=4,divtree_lambda4_region2,205,0.5484596585055511,0.4210311440495362,0.9045059945844915,0.0,1.0,0.4283403022218822,False
noise,2.142815589586332,recall_region_2,λ=4,divtree_lambda4_region2,205,0.45154034149444894,0.4210311440495361,0.9045059945844915,0.0,1.0,0.4283403022218822,False
intensity,0.6692077956169817,fnr_region_2,λ=8,divtree_lambda8_region2,209,0.4423172849005442,0.4207228159525683,0.9005664393693401,0.0,1.0,0.4272765893305503,False
intensity,0.6692077956169817,recall_region_2,λ=8,divtree_lambda8_region2,209,0.5576827150994558,0.4207228159525683,0.9005664393693401,0.0,1.0,0.4272765893305503,False
intensity,0.7508360294199752,fnr_region_2,λ=8,divtree_lambda8_region2,230,0.43605416710009937,0.42030883014195924,0.8895808490998359,0.0,1.0,0.4272765893305503,False
intensity,0.7508360294199752,recall_region_2,λ=8,divtree_lambda8_region2,230,0.5639458328999006,0.42030883014195924,0.8895808490998359,0.0,1.0,0.4272765893305503,False
noise,0.26990244496021376,fnr_region_2,λ=0,divtree_lambda0,230,0.42282756542991,0.4202936015450593,0.9435234722314724,0.0,1.0,0.44362600324610857,False
noise,0.26990244496021376,recall_region_2,λ=0,divtree_lambda0,230,0.57717243457009,0.4202936015450593,0.9435234722314724,0.0,1.0,0.4436260032461085,False
data_size,35845.419997710356,fnr_region_2,λ=4,divtree_lambda4_region2,189,0.5210666340247294,0.42018613584388587,0.907728816050893,0.0,1.0,0.42839849637586885,False
data_size,35845.419997710356,recall_region_2,λ=4,divtree_lambda4_region2,189,0.4789333659752706,0.42018613584388587,0.907728816050893,0.0,1.0,0.4283984963758689,False
noise,2.142815589586332,fnr_region_2,λ=8,divtree_lambda8_region2,205,0.5401247265698573,0.419810927548985,0.895763486741847,0.0,1.0,0.4287915401089431,False
noise,2.142815589586332,recall_region_2,λ=8,divtree_lambda8_region2,205,0.45987527343014273,0.419810927548985,0.895763486741847,0.0,1.0,0.4287915401089431,False
intensity,0.21169951438065343,fnr_region_2,λ=8,divtree_lambda8_region2,251,0.5212520727024793,0.4196873942510292,0.8979954407710125,0.0,1.0,0.4272765893305503,False
intensity,0.21169951438065343,recall_region_2,λ=8,divtree_lambda8_region2,251,0.47874792729752075,0.41968739425102913,0.8979954407710125,0.0,1.0,0.4272765893305503,False
intensity,0.1681712049266273,fnr_region_2,λ=2,divtree_lambda2_region2,211,0.4816575904491932,0.41950928201291476,0.8892177011678106,0.0,1.0,0.4303739245509382,False
intensity,0.1681712049266273,recall_region_2,λ=2,divtree_lambda2_region2,211,0.5183424095508068,0.41950928201291476,0.8892177011678107,0.0,1.0,0.4303739245509382,False
noise,0.04801664771977973,fnr_region_2,TwoStep (recall),twostep_recall,227,0.34719447920350094,0.4194538932701212,0.8307969310747825,0.0,1.0,0.44234548550132946,False
noise,0.04801664771977973,recall_region_2,TwoStep (recall),twostep_recall,227,0.6528055207964991,0.4194538932701212,0.8307969310747825,0.0,1.0,0.44234548550132946,False
intensity,0.11906916196297226,fnr_region_2,λ=0,divtree_lambda0,195,0.5820763026272069,0.41924857091256224,0.8609245561528978,0.0,1.0,0.43951193651279735,False
intensity,0.11906916196297226,recall_region_2,λ=0,divtree_lambda0,195,0.4179236973727931,0.41924857091256224,0.8609245561528978,0.0,1.0,0.43951193651279735,False
intensity,0.18868429297579686,fnr_region_2,λ=4,divtree_lambda4_region2,239,0.5487710082324854,0.4190537285283514,0.8945634666859753,0.0,1.0,0.42928680468731895,False
intensity,0.18868429297579686,recall_region_2,λ=4,divtree_lambda4_region2,239,0.45122899176751446,0.4190537285283514,0.8945634666859753,0.0,1.0,0.42928680468731895,False
intensity,0.5316095394193532,fnr_region_2,λ=8,divtree_lambda8_region2,233,0.4130080057061307,0.41900226032545074,0.8892857142857142,0.0,1.0,0.4272765893305503,False
intensity,0.5316095394193532,recall_region_2,λ=8,divtree_lambda8_region2,233,0.5869919942938693,0.4190022603254507,0.8892857142857142,0.0,1.0,0.4272765893305503,False
noise,0.09578948302920401,fnr_region_2,λ=4,divtree_lambda4_region2,216,0.4367031327834802,0.4189017788262245,0.9095284364904972,0.0,1.0,0.4283403022218822,False
noise,0.09578948302920401,recall_region_2,λ=4,divtree_lambda4_region2,216,0.5632968672165197,0.4189017788262245,0.9095284364904972,0.0,1.0,0.4283403022218822,False
noise,1.0741348427807047,fnr_region_2,λ=4,divtree_lambda4_region2,204,0.45002145602491367,0.41878247163019483,0.88496794642747,0.0,1.0,0.4283403022218822,False
noise,1.0741348427807047,recall_region_2,λ=4,divtree_lambda4_region2,204,0.5499785439750863,0.41878247163019483,0.88496794642747,0.0,1.0,0.4283403022218822,False
data_size,308094.3880361152,fnr_region_2,TwoStep (recall),twostep_recall,210,0.3626204948485569,0.4187416570105981,0.8234240724388018,0.0,1.0,0.44386155117282333,False
data_size,308094.3880361152,recall_region_2,TwoStep (recall),twostep_recall,210,0.637379505151443,0.4187416570105981,0.8234240724388018,0.0,1.0,0.44386155117282333,False
sparsity,6.0,fnr_region_2,TwoStep (tuned),twostep_tuned,701,0.5808950940985119,0.4186303115005473,0.90899784816917,0.0037553522543812444,1.0,0.45836138377256924,False
sparsity,6.0,recall_region_2,TwoStep (tuned),twostep_tuned,701,0.4191049059014881,0.4186303115005473,0.90899784816917,0.0,0.9962446477456187,0.45836138377256924,False
intensity,0.10612438439422897,fnr_region_2,λ=2,divtree_lambda2_region2,226,0.595357723350477,0.41845998489618663,0.9024472414683998,0.0,1.0,0.4303739245509382,False
intensity,0.10612438439422897,recall_region_2,λ=2,divtree_lambda2_region2,226,0.4046422766495232,0.41845998489618663,0.9024472414683998,0.0,1.0,0.4303739245509382,False
sparsity,4.0,fnr_region_2,λ=4,divtree_lambda4_region2,717,0.6217447699358819,0.41835505599556505,0.8601203028836796,0.0,1.0,0.4240016410553663,False
sparsity,4.0,recall_region_2,λ=4,divtree_lambda4_region2,717,0.3782552300641181,0.41835505599556505,0.8601203028836796,0.0,1.0,0.4240016410553663,False
intensity,0.3354720276494002,fnr_region_2,TwoStep (recall),twostep_recall,204,0.3742962601674603,0.4182895460701256,0.8269982977294014,0.0,1.0,0.44345663194007345,False
intensity,0.3354720276494002,recall_region_2,TwoStep (recall),twostep_recall,204,0.6257037398325397,0.4182895460701256,0.8269982977294013,0.0,1.0,0.44345663194007345,False
noise,4.274750681290067,fnr_region_2,λ=8,divtree_lambda8_region2,224,0.5499201885912331,0.41828223249619434,0.8972672501881147,0.0,1.0,0.4287915401089431,False
noise,4.274750681290067,recall_region_2,λ=8,divtree_lambda8_region2,224,0.45007981140876685,0.41828223249619434,0.8972672501881147,0.0,1.0,0.4287915401089431,False
data_size,171351.654420983,fnr_region_2,λ=4,divtree_lambda4_region2,203,0.402885769687642,0.4181293249766253,0.871959579673079,0.0,1.0,0.42839849637586885,False
data_size,171351.654420983,recall_region_2,λ=4,divtree_lambda4_region2,203,0.597114230312358,0.4181293249766253,0.871959579673079,0.0,1.0,0.4283984963758689,False
data_size,140914.75612831092,fnr_region_2,λ=8,divtree_lambda8_region2,222,0.475217127266138,0.4179686714251547,0.8974672235666804,0.0,1.0,0.42836887778108407,False
data_size,140914.75612831092,recall_region_2,λ=8,divtree_lambda8_region2,222,0.524782872733862,0.41796867142515465,0.8974672235666804,0.0,1.0,0.42836887778108407,False
data_size,374641.26936243696,fnr_region_2,λ=8,divtree_lambda8_region2,231,0.37397908140874186,0.4176985234801594,0.8807416295306763,0.0,1.0,0.42836887778108407,False
data_size,374641.26936243696,recall_region_2,λ=8,divtree_lambda8_region2,231,0.6260209185912581,0.4176985234801594,0.8807416295306763,0.0,1.0,0.42836887778108407,False
noise,0.01704130491500777,fnr_region_2,λ=2,divtree_lambda2_region2,224,0.5046190769187312,0.41755744313907817,0.8942076035719839,0.0,1.0,0.4317190829016066,False
noise,0.01704130491500777,recall_region_2,λ=2,divtree_lambda2_region2,224,0.49538092308126874,0.41755744313907817,0.894207603571984,0.0,1.0,0.4317190829016066,False
data_size,253368.11425203207,fnr_region_2,λ=2,divtree_lambda2_region2,216,0.4284828310511872,0.41709313508788043,0.8680609616810315,0.0,1.0,0.4295319496672729,False
data_size,253368.11425203207,recall_region_2,λ=2,divtree_lambda2_region2,216,0.5715171689488129,0.41709313508788043,0.8680609616810315,0.0,1.0,0.42953194966727287,False
noise,0.06781953893881253,recall_region_2,λ=8,divtree_lambda8_region2,206,0.5534906927496557,0.4170213505564014,0.8698156817342864,0.0,1.0,0.4287915401089431,False
noise,0.06781953893881253,fnr_region_2,λ=8,divtree_lambda8_region2,206,0.4465093072503444,0.4170213505564013,0.8698156817342864,0.0,1.0,0.4287915401089431,False
data_size,43587.85544382496,fnr_region_2,TwoStep (tuned),twostep_tuned,211,0.5245625386042623,0.417003732361148,0.9435907102345111,0.0,1.0,0.4171199150521218,False
data_size,43587.85544382496,recall_region_2,TwoStep (tuned),twostep_tuned,211,0.4754374613957377,0.417003732361148,0.9435907102345112,0.0,1.0,0.4171199150521218,False
noise,0.13529471303661472,fnr_region_2,λ=4,divtree_lambda4_region2,234,0.4545109420052481,0.41698574556019447,0.8936255945090195,0.0,1.0,0.4283403022218822,False
noise,0.13529471303661472,recall_region_2,λ=4,divtree_lambda4_region2,234,0.5454890579947519,0.41698574556019447,0.8936255945090195,0.0,1.0,0.4283403022218822,False
intensity,0.2664944002069672,fnr_region_2,λ=8,divtree_lambda8_region2,218,0.46587047253234054,0.41696143412291975,0.8948229771827902,0.0,1.0,0.4272765893305503,False
intensity,0.2664944002069672,recall_region_2,λ=8,divtree_lambda8_region2,218,0.5341295274676594,0.41696143412291975,0.8948229771827902,0.0,1.0,0.4272765893305503,False
noise,0.024069432106053914,recall_region_2,λ=4,divtree_lambda4_region2,221,0.5495398091439594,0.4169053408725598,0.8917213402113487,0.0,1.0,0.4283403022218822,False
noise,0.024069432106053914,fnr_region_2,λ=4,divtree_lambda4_region2,221,0.45046019085604067,0.4169053408725597,0.8917213402113487,0.0,1.0,0.4283403022218822,False
data_size,78372.01043754505,fnr_region_2,λ=4,divtree_lambda4_region2,202,0.471611442761355,0.4166650807720537,0.885645634500196,0.0,1.0,0.42839849637586885,False
data_size,78372.01043754505,recall_region_2,λ=4,divtree_lambda4_region2,202,0.528388557238645,0.4166650807720537,0.885645634500196,0.0,1.0,0.4283984963758689,False
intensity,0.4223033626515117,fnr_region_2,λ=4,divtree_lambda4_region2,235,0.43248461542177313,0.4165598833132862,0.8995124874784364,0.0,1.0,0.42928680468731895,False
intensity,0.4223033626515117,recall_region_2,λ=4,divtree_lambda4_region2,235,0.5675153845782268,0.4165598833132862,0.8995124874784364,0.0,1.0,0.42928680468731895,False
intensity,0.9451774034505906,fnr_region_2,λ=8,divtree_lambda8_region2,200,0.41151471048251465,0.41655637860285494,0.8823593140593079,0.0,1.0,0.4272765893305503,False
intensity,0.9451774034505906,recall_region_2,λ=8,divtree_lambda8_region2,200,0.5884852895174854,0.41655637860285494,0.8823593140593079,0.0,1.0,0.4272765893305503,False
data_size,308094.3880361152,fnr_region_2,λ=2,divtree_lambda2_region2,210,0.42311037399287815,0.41651760835551505,0.878653652321104,0.0,1.0,0.4295319496672729,False
data_size,308094.3880361152,recall_region_2,λ=2,divtree_lambda2_region2,210,0.5768896260071218,0.41651760835551505,0.878653652321104,0.0,1.0,0.42953194966727287,False
noise,0.024069432106053914,fnr_region_2,λ=2,divtree_lambda2_region2,221,0.456901269904589,0.4164625157519831,0.8985024958402662,0.0,1.0,0.4317190829016066,False
noise,0.024069432106053914,recall_region_2,λ=2,divtree_lambda2_region2,221,0.543098730095411,0.4164625157519831,0.8985024958402662,0.0,1.0,0.4317190829016066,False
data_size,35845.419997710356,fnr_region_2,λ=8,divtree_lambda8_region2,189,0.5231938333202925,0.4164505651263524,0.8996094492437294,0.0,1.0,0.42836887778108407,False
data_size,35845.419997710356,recall_region_2,λ=8,divtree_lambda8_region2,189,0.4768061666797076,0.4164505651263524,0.8996094492437294,0.0,1.0,0.42836887778108407,False
data_size,16394.80890739932,fnr_region_2,λ=4,divtree_lambda4_region2,231,0.5402896744858646,0.4161688479645581,0.8544218640769348,0.0,1.0,0.42839849637586885,False
data_size,16394.80890739932,recall_region_2,λ=4,divtree_lambda4_region2,231,0.45971032551413554,0.4161688479645581,0.8544218640769348,0.0,1.0,0.4283984963758689,False
sparsity,3.0,fnr_region_2,λ=0,divtree_lambda0,752,0.5835151527291864,0.4159777082645968,0.8916032842319515,0.007212935890801095,1.0,0.431952710435421,False
sparsity,3.0,recall_region_2,λ=0,divtree_lambda0,752,0.41648484727081353,0.4159777082645968,0.8916032842319516,0.0,0.9927870641091988,0.431952710435421,False
intensity,0.2664944002069672,fnr_region_2,TwoStep (tuned),twostep_tuned,218,0.5000912952214084,0.4159506224699116,0.9462209529562648,0.0,1.0,0.41633648839459225,False
intensity,0.2664944002069672,recall_region_2,TwoStep (tuned),twostep_tuned,218,0.4999087047785916,0.4159506224699116,0.9462209529562647,0.0,1.0,0.41633648839459225,False
data_size,13482.627330113071,fnr_region_2,λ=2,divtree_lambda2_region2,236,0.5635042784732206,0.41594457583904476,0.8874691755382993,0.0,1.0,0.4295319496672729,False
data_size,13482.627330113071,recall_region_2,λ=2,divtree_lambda2_region2,236,0.43649572152677946,0.41594457583904476,0.8874691755382993,0.0,1.0,0.42953194966727287,False
data_size,24242.087597150792,fnr_region_2,λ=4,divtree_lambda4_region2,233,0.5153088181682756,0.41589682629072955,0.8824997838377583,0.0,1.0,0.42839849637586885,False
data_size,24242.087597150792,recall_region_2,λ=4,divtree_lambda4_region2,233,0.48469118183172444,0.41589682629072955,0.8824997838377584,0.0,1.0,0.4283984963758689,False
intensity,0.5316095394193532,fnr_region_2,λ=4,divtree_lambda4_region2,233,0.4181234163798002,0.4156143525287494,0.8951911220715166,0.0,1.0,0.42928680468731895,False
intensity,0.5316095394193532,recall_region_2,λ=4,divtree_lambda4_region2,233,0.5818765836201998,0.4156143525287494,0.8951911220715166,0.0,1.0,0.42928680468731895,False
noise,1.0741348427807047,fnr_region_2,λ=8,divtree_lambda8_region2,204,0.4467264716586195,0.4156097225237627,0.8817005287967997,0.0,1.0,0.4287915401089431,False
noise,1.0741348427807047,recall_region_2,λ=8,divtree_lambda8_region2,204,0.5532735283413805,0.4156097225237627,0.8817005287967996,0.0,1.0,0.4287915401089431,False
data_size,140914.75612831092,fnr_region_2,λ=4,divtree_lambda4_region2,222,0.4744277888854068,0.4155007038124011,0.8950471930648715,0.0,1.0,0.42839849637586885,False
data_size,140914.75612831092,recall_region_2,λ=4,divtree_lambda4_region2,222,0.5255722111145931,0.41550070381240106,0.8950471930648715,0.0,1.0,0.4283984963758689,False
noise,0.09578948302920401,fnr_region_2,λ=2,divtree_lambda2_region2,216,0.43531553810064394,0.41547125364100823,0.8964974396826129,0.0,1.0,0.4317190829016066,False
noise,0.09578948302920401,recall_region_2,λ=2,divtree_lambda2_region2,216,0.564684461899356,0.41547125364100823,0.8964974396826129,0.0,1.0,0.4317190829016066,False
data_size,78372.01043754505,fnr_region_2,λ=8,divtree_lambda8_region2,202,0.4758750951661612,0.4154407061182032,0.8898126212178614,0.0,1.0,0.42836887778108407,False
data_size,78372.01043754505,recall_region_2,λ=8,divtree_lambda8_region2,202,0.5241249048338388,0.4154407061182032,0.8898126212178614,0.0,1.0,0.42836887778108407,False
intensity,0.2990006969801944,fnr_region_2,TwoStep (tuned),twostep_tuned,196,0.493317806794875,0.41528055755449245,0.9695776912133006,0.0,1.0,0.41633648839459225,False
intensity,0.2990006969801944,recall_region_2,TwoStep (tuned),twostep_tuned,196,0.506682193205125,0.41528055755449245,0.9695776912133006,0.0,1.0,0.41633648839459225,False
data_size,374641.26936243696,fnr_region_2,TwoStep (tuned),twostep_tuned,231,0.4615628161194646,0.41527772070777125,0.9214189015127823,0.0,1.0,0.4171199150521218,False
data_size,374641.26936243696,recall_region_2,TwoStep (tuned),twostep_tuned,231,0.5384371838805354,0.41527772070777125,0.9214189015127823,0.0,1.0,0.4171199150521218,False
intensity,0.1681712049266273,fnr_region_2,λ=8,divtree_lambda8_region2,211,0.5003583484999532,0.41505144793145904,0.8759160273910344,0.0,1.0,0.4272765893305503,False
intensity,0.1681712049266273,recall_region_2,λ=8,divtree_lambda8_region2,211,0.49964165150004675,0.41505144793145904,0.8759160273910344,0.0,1.0,0.4272765893305503,False
noise,0.06781953893881253,fnr_region_2,λ=4,divtree_lambda4_region2,206,0.45045167884013804,0.4149252616938428,0.8785311586433584,0.0,1.0,0.4283403022218822,False
noise,0.06781953893881253,recall_region_2,λ=4,divtree_lambda4_region2,206,0.5495483211598619,0.4149252616938428,0.8785311586433584,0.0,1.0,0.4283403022218822,False
sparsity,4.0,fnr_region_2,λ=8,divtree_lambda8_region2,717,0.6233589854944863,0.4148508088193585,0.8620051003994381,0.0,1.0,0.42347527811960817,False
sparsity,4.0,recall_region_2,λ=8,divtree_lambda8_region2,717,0.37664101450551374,0.4148508088193585,0.8620051003994381,0.0,1.0,0.42347527811960817,False
intensity,0.9451774034505906,fnr_region_2,λ=4,divtree_lambda4_region2,200,0.41883020773470186,0.414801683185778,0.8823593140593079,0.0,1.0,0.42928680468731895,False
intensity,0.9451774034505906,recall_region_2,λ=4,divtree_lambda4_region2,200,0.5811697922652982,0.4148016831857779,0.8823593140593079,0.0,1.0,0.42928680468731895,False
data_size,308094.3880361152,fnr_region_2,λ=4,divtree_lambda4_region2,210,0.42047957427481175,0.41477745564447743,0.8808696905053015,0.0,1.0,0.42839849637586885,False
data_size,308094.3880361152,recall_region_2,λ=4,divtree_lambda4_region2,210,0.5795204257251882,0.41477745564447743,0.8808696905053015,0.0,1.0,0.4283984963758689,False
data_size,24242.087597150792,fnr_region_2,λ=8,divtree_lambda8_region2,233,0.5214534079403819,0.41475698614105594,0.8853016142735769,0.0,1.0,0.42836887778108407,False
data_size,24242.087597150792,recall_region_2,λ=8,divtree_lambda8_region2,233,0.47854659205961825,0.41475698614105594,0.8853016142735769,0.0,1.0,0.42836887778108407,False
noise,0.024069432106053914,fnr_region_2,λ=8,divtree_lambda8_region2,221,0.4543979881345501,0.41462932307617256,0.8749348619072433,0.0,1.0,0.4287915401089431,False
noise,0.024069432106053914,recall_region_2,λ=8,divtree_lambda8_region2,221,0.5456020118654499,0.41462932307617256,0.8749348619072433,0.0,1.0,0.4287915401089431,False
intensity,0.1681712049266273,fnr_region_2,λ=4,divtree_lambda4_region2,211,0.49090011520405324,0.41451728469931964,0.8864976861641001,0.0,1.0,0.42928680468731895,False
intensity,0.1681712049266273,recall_region_2,λ=4,divtree_lambda4_region2,211,0.5090998847959467,0.41451728469931964,0.8864976861641001,0.0,1.0,0.42928680468731895,False
data_size,16394.80890739932,fnr_region_2,λ=2,divtree_lambda2_region2,231,0.5480118828294105,0.4144020415786736,0.8363508604948995,0.0,1.0,0.4295319496672729,False
data_size,16394.80890739932,recall_region_2,λ=2,divtree_lambda2_region2,231,0.45198811717058957,0.4144020415786736,0.8363508604948996,0.0,1.0,0.42953194966727287,False
noise,0.13529471303661472,fnr_region_2,TwoStep (tuned),twostep_tuned,234,0.44160008244046167,0.41387453322464374,0.9241559012580234,0.0,1.0,0.41432396846810765,False
noise,0.13529471303661472,recall_region_2,TwoStep (tuned),twostep_tuned,234,0.5583999175595383,0.41387453322464374,0.9241559012580235,0.0,1.0,0.41432396846810765,False
noise,0.01704130491500777,fnr_region_2,λ=4,divtree_lambda4_region2,224,0.5135863139690537,0.41384430300595504,0.8753380798318621,0.0,1.0,0.4283403022218822,False
noise,0.01704130491500777,recall_region_2,λ=4,divtree_lambda4_region2,224,0.4864136860309462,0.41384430300595504,0.8753380798318622,0.0,1.0,0.4283403022218822,False
noise,0.04801664771977973,fnr_region_2,λ=2,divtree_lambda2_region2,227,0.4306292682195118,0.41367922709223093,0.879598815160875,0.0,1.0,0.4317190829016066,False
noise,0.04801664771977973,recall_region_2,λ=2,divtree_lambda2_region2,227,0.5693707317804882,0.41367922709223093,0.879598815160875,0.0,1.0,0.4317190829016066,False
noise,0.04801664771977973,fnr_region_2,λ=0,divtree_lambda0,227,0.4495515530954536,0.4136696229519056,0.8789763105021025,0.0,1.0,0.44362600324610857,False
noise,0.04801664771977973,recall_region_2,λ=0,divtree_lambda0,227,0.5504484469045464,0.4136696229519056,0.8789763105021025,0.0,1.0,0.4436260032461085,False
data_size,95299.98147634632,fnr_region_2,TwoStep (tuned),twostep_tuned,199,0.5040301482112641,0.41354294357349713,0.9283081018294786,0.0,1.0,0.4171199150521218,False
data_size,95299.98147634632,recall_region_2,TwoStep (tuned),twostep_tuned,199,0.4959698517887359,0.41354294357349713,0.9283081018294786,0.0,1.0,0.4171199150521218,False
noise,0.19109257923523043,fnr_region_2,λ=2,divtree_lambda2_region2,207,0.4524209827260894,0.41353498998736943,0.8817072855554361,0.0,1.0,0.4317190829016066,False
noise,0.19109257923523043,recall_region_2,λ=2,divtree_lambda2_region2,207,0.5475790172739107,0.41353498998736943,0.8817072855554362,0.0,1.0,0.4317190829016066,False
intensity,0.3354720276494002,fnr_region_2,λ=4,divtree_lambda4_region2,204,0.4399785584232055,0.4134171572631964,0.8816894534338686,0.0,1.0,0.42928680468731895,False
intensity,0.3354720276494002,recall_region_2,λ=4,divtree_lambda4_region2,204,0.5600214415767946,0.4134171572631964,0.8816894534338687,0.0,1.0,0.42928680468731895,False
noise,6.037731371322748,fnr_region_2,λ=2,divtree_lambda2_region2,214,0.626339045165926,0.41333783976450633,0.8807961287284607,0.0,1.0,0.4317190829016066,False
noise,6.037731371322748,recall_region_2,λ=2,divtree_lambda2_region2,214,0.3736609548340741,0.41333783976450633,0.8807961287284607,0.0,1.0,0.4317190829016066,False
intensity,0.13359290997532036,fnr_region_2,λ=4,divtree_lambda4_region2,226,0.5617325592147123,0.41315642313716694,0.8378636653471008,0.0,1.0,0.42928680468731895,False
intensity,0.13359290997532036,recall_region_2,λ=4,divtree_lambda4_region2,226,0.4382674407852876,0.41315642313716694,0.8378636653471008,0.0,1.0,0.42928680468731895,False
data_size,308094.3880361152,fnr_region_2,λ=8,divtree_lambda8_region2,210,0.41131420708202854,0.41297329125821586,0.8844155971775173,0.0,1.0,0.42836887778108407,False
data_size,308094.3880361152,recall_region_2,λ=8,divtree_lambda8_region2,210,0.5886857929179714,0.41297329125821586,0.8844155971775173,0.0,1.0,0.42836887778108407,False
data_size,19936.00746568184,fnr_region_2,λ=2,divtree_lambda2_region2,244,0.5498356786430411,0.412784905603698,0.8772692506536014,0.0,1.0,0.4295319496672729,False
data_size,19936.00746568184,recall_region_2,λ=2,divtree_lambda2_region2,244,0.4501643213569591,0.412784905603698,0.8772692506536015,0.0,1.0,0.42953194966727287,False
noise,0.01704130491500777,recall_region_2,λ=8,divtree_lambda8_region2,224,0.4993670945779754,0.41272213873446617,0.8832314383312013,0.0,1.0,0.4287915401089431,False
noise,0.01704130491500777,fnr_region_2,λ=8,divtree_lambda8_region2,224,0.5006329054220245,0.4127221387344661,0.8832314383312013,0.0,1.0,0.4287915401089431,False
noise,0.06781953893881253,fnr_region_2,TwoStep (tuned),twostep_tuned,206,0.4239078410347946,0.4126681223927381,0.9324273105013445,0.0,1.0,0.41432396846810765,False
noise,0.06781953893881253,recall_region_2,TwoStep (tuned),twostep_tuned,206,0.5760921589652054,0.4126681223927381,0.9324273105013445,0.0,1.0,0.41432396846810765,False
intensity,0.13359290997532036,fnr_region_2,λ=8,divtree_lambda8_region2,226,0.5470847642902251,0.41254698377992194,0.8864581479867867,0.0,1.0,0.4272765893305503,False
intensity,0.13359290997532036,recall_region_2,λ=8,divtree_lambda8_region2,226,0.4529152357097748,0.41254698377992194,0.8864581479867867,0.0,1.0,0.4272765893305503,False
intensity,0.7508360294199752,fnr_region_2,TwoStep (tuned),twostep_tuned,230,0.49664706453032526,0.4124098941553122,0.9472219663952491,0.0,1.0,0.41633648839459225,False
intensity,0.7508360294199752,recall_region_2,TwoStep (tuned),twostep_tuned,230,0.5033529354696747,0.4124098941553122,0.9472219663952491,0.0,1.0,0.41633648839459225,False
data_size,171351.654420983,fnr_region_2,λ=8,divtree_lambda8_region2,203,0.40232786276899024,0.41231537306274224,0.8538050144638611,0.0,1.0,0.42836887778108407,False
data_size,171351.654420983,recall_region_2,λ=8,divtree_lambda8_region2,203,0.5976721372310098,0.41231537306274224,0.8538050144638611,0.0,1.0,0.42836887778108407,False
intensity,0.5964538942816824,fnr_region_2,TwoStep (tuned),twostep_tuned,217,0.48833238620395625,0.41224969585570326,0.9152464886439478,0.0,1.0,0.41633648839459225,False
intensity,0.5964538942816824,recall_region_2,TwoStep (tuned),twostep_tuned,217,0.5116676137960438,0.41224969585570326,0.9152464886439478,0.0,1.0,0.41633648839459225,False
data_size,64450.92564416891,fnr_region_2,TwoStep (tuned),twostep_tuned,213,0.5144251163895869,0.41223474544527045,0.959238422113602,0.0,1.0,0.4171199150521218,False
data_size,64450.92564416891,recall_region_2,TwoStep (tuned),twostep_tuned,213,0.4855748836104131,0.41223474544527045,0.959238422113602,0.0,1.0,0.4171199150521218,False
intensity,0.8424210637824314,fnr_region_2,TwoStep (tuned),twostep_tuned,220,0.49305249079285807,0.41217816435024346,0.9259396791557462,0.0,1.0,0.41633648839459225,False
intensity,0.8424210637824314,recall_region_2,TwoStep (tuned),twostep_tuned,220,0.5069475092071419,0.41217816435024346,0.9259396791557463,0.0,1.0,0.41633648839459225,False
noise,0.01206534794533958,fnr_region_2,TwoStep (tuned),twostep_tuned,226,0.4046726670448593,0.4121130320711404,0.9012633899872291,0.0,1.0,0.41432396846810765,False
noise,0.01206534794533958,recall_region_2,TwoStep (tuned),twostep_tuned,226,0.5953273329551406,0.4121130320711404,0.9012633899872291,0.0,1.0,0.41432396846810765,False
noise,0.03399607980711228,fnr_region_2,λ=0,divtree_lambda0,202,0.47636804570380253,0.4118323995473851,0.9218989076697609,0.0,1.0,0.44362600324610857,False
noise,0.03399607980711228,recall_region_2,λ=0,divtree_lambda0,202,0.5236319542961975,0.4118323995473851,0.9218989076697608,0.0,1.0,0.4436260032461085,False
noise,0.26990244496021376,fnr_region_2,λ=2,divtree_lambda2_region2,230,0.4249457134959881,0.41143785229992413,0.8948337007771432,0.0,1.0,0.4317190829016066,False
noise,0.26990244496021376,recall_region_2,λ=2,divtree_lambda2_region2,230,0.575054286504012,0.41143785229992413,0.8948337007771432,0.0,1.0,0.4317190829016066,False
intensity,0.18868429297579686,fnr_region_2,λ=8,divtree_lambda8_region2,239,0.5450832975426011,0.41129735898227066,0.8859587163649524,0.0,1.0,0.4272765893305503,False
intensity,0.18868429297579686,recall_region_2,λ=8,divtree_lambda8_region2,239,0.45491670245739885,0.41129735898227066,0.8859587163649524,0.0,1.0,0.4272765893305503,False
intensity,0.9451774034505906,fnr_region_2,λ=2,divtree_lambda2_region2,200,0.4219236926068597,0.41096076652544467,0.8784080972947192,0.0,1.0,0.4303739245509382,False
intensity,0.9451774034505906,recall_region_2,λ=2,divtree_lambda2_region2,200,0.5780763073931403,0.41096076652544467,0.8784080972947192,0.0,1.0,0.4303739245509382,False
intensity,0.4223033626515117,fnr_region_2,λ=8,divtree_lambda8_region2,235,0.4303846047351095,0.4107604377468784,0.8725139763681066,0.0,1.0,0.4272765893305503,False
intensity,0.4223033626515117,recall_region_2,λ=8,divtree_lambda8_region2,235,0.5696153952648905,0.4107604377468784,0.8725139763681066,0.0,1.0,0.4272765893305503,False
intensity,0.10612438439422897,fnr_region_2,λ=4,divtree_lambda4_region2,226,0.5830143260159535,0.4107472180633632,0.8586805457084887,0.0,1.0,0.42928680468731895,False
intensity,0.10612438439422897,recall_region_2,λ=4,divtree_lambda4_region2,226,0.41698567398404646,0.4107472180633631,0.8586805457084887,0.0,1.0,0.42928680468731895,False
noise,0.19109257923523043,fnr_region_2,λ=4,divtree_lambda4_region2,207,0.44174479954209145,0.41074669485154214,0.8766522589439294,0.0,1.0,0.4283403022218822,False
noise,0.19109257923523043,recall_region_2,λ=4,divtree_lambda4_region2,207,0.5582552004579086,0.41074669485154214,0.8766522589439293,0.0,1.0,0.4283403022218822,False
intensity,0.2664944002069672,fnr_region_2,λ=4,divtree_lambda4_region2,218,0.4757215904861163,0.41057556460796674,0.8836069891360779,0.0,1.0,0.42928680468731895,False
intensity,0.2664944002069672,recall_region_2,λ=4,divtree_lambda4_region2,218,0.5242784095138836,0.4105755646079667,0.8836069891360779,0.0,1.0,0.42928680468731895,False
intensity,0.3354720276494002,fnr_region_2,λ=8,divtree_lambda8_region2,204,0.4363858074946446,0.41045425805294156,0.8674671345525806,0.0,1.0,0.4272765893305503,False
intensity,0.3354720276494002,recall_region_2,λ=8,divtree_lambda8_region2,204,0.5636141925053554,0.41045425805294156,0.8674671345525806,0.0,1.0,0.4272765893305503,False
noise,0.024069432106053914,fnr_region_2,TwoStep (tuned),twostep_tuned,221,0.46073502644353,0.4102911636779302,0.9358313404013564,0.0,1.0,0.41432396846810765,False
noise,0.024069432106053914,recall_region_2,TwoStep (tuned),twostep_tuned,221,0.5392649735564701,0.4102911636779302,0.9358313404013564,0.0,1.0,0.41432396846810765,False
intensity,0.1681712049266273,fnr_region_2,TwoStep (tuned),twostep_tuned,211,0.5085189716805856,0.41003233779549486,0.9044244306187001,0.0,1.0,0.41633648839459225,False
intensity,0.1681712049266273,recall_region_2,TwoStep (tuned),twostep_tuned,211,0.49148102831941437,0.41003233779549486,0.9044244306187003,0.0,1.0,0.41633648839459225,False
intensity,0.3763920367806187,fnr_region_2,TwoStep (tuned),twostep_tuned,221,0.5249365563512249,0.4097517822248535,0.9114746042373256,0.0,1.0,0.41633648839459225,False
intensity,0.3763920367806187,recall_region_2,TwoStep (tuned),twostep_tuned,221,0.475063443648775,0.4097517822248535,0.9114746042373256,0.0,1.0,0.41633648839459225,False
noise,6.037731371322748,fnr_region_2,λ=4,divtree_lambda4_region2,214,0.6245769363290782,0.40937617048168434,0.839401860110292,0.0,1.0,0.4283403022218822,False
noise,6.037731371322748,recall_region_2,λ=4,divtree_lambda4_region2,214,0.37542306367092193,0.40937617048168434,0.839401860110292,0.0,1.0,0.4283403022218822,False
data_size,19936.00746568184,fnr_region_2,TwoStep (tuned),twostep_tuned,244,0.5176197653494106,0.40905113306271823,0.9163339563780513,0.0,1.0,0.4171199150521218,False
data_size,19936.00746568184,recall_region_2,TwoStep (tuned),twostep_tuned,244,0.48238023465058943,0.40905113306271823,0.9163339563780512,0.0,1.0,0.4171199150521218,False
intensity,0.10612438439422897,fnr_region_2,λ=8,divtree_lambda8_region2,226,0.5768207511578102,0.4089872199728414,0.867690288537187,0.0,1.0,0.4272765893305503,False
intensity,0.10612438439422897,recall_region_2,λ=8,divtree_lambda8_region2,226,0.4231792488421898,0.4089872199728414,0.867690288537187,0.0,1.0,0.4272765893305503,False
noise,0.26990244496021376,recall_region_2,λ=4,divtree_lambda4_region2,230,0.5884205760231629,0.4089474993598721,0.8783473914311953,0.0,1.0,0.4283403022218822,False
noise,0.26990244496021376,fnr_region_2,λ=4,divtree_lambda4_region2,230,0.41157942397683706,0.40894749935987207,0.8783473914311953,0.0,1.0,0.4283403022218822,False
data_size,253368.11425203207,fnr_region_2,λ=8,divtree_lambda8_region2,216,0.4165022974675508,0.4089022747031161,0.8578867523775315,0.0,1.0,0.42836887778108407,False
data_size,253368.11425203207,recall_region_2,λ=8,divtree_lambda8_region2,216,0.5834977025324493,0.4089022747031161,0.8578867523775315,0.0,1.0,0.42836887778108407,False
data_size,16394.80890739932,fnr_region_2,TwoStep (tuned),twostep_tuned,231,0.5224230954724078,0.40853668149240285,0.9243293721901591,0.0,1.0,0.4171199150521218,False
data_size,16394.80890739932,recall_region_2,TwoStep (tuned),twostep_tuned,231,0.47757690452759216,0.40853668149240285,0.9243293721901592,0.0,1.0,0.4171199150521218,False
data_size,53002.61908810494,fnr_region_2,TwoStep (tuned),twostep_tuned,231,0.49671581065584314,0.4085083995572236,0.9317459660089455,0.0,1.0,0.4171199150521218,False
data_size,53002.61908810494,recall_region_2,TwoStep (tuned),twostep_tuned,231,0.5032841893441568,0.4085083995572236,0.9317459660089454,0.0,1.0,0.4171199150521218,False
data_size,11087.731534380375,fnr_region_2,λ=2,divtree_lambda2_region2,220,0.5646632637727831,0.40808183080546456,0.8007813799803067,0.0,1.0,0.4295319496672729,False
data_size,11087.731534380375,recall_region_2,λ=2,divtree_lambda2_region2,220,0.435336736227217,0.40808183080546456,0.8007813799803069,0.0,1.0,0.42953194966727287,False
noise,0.04801664771977973,fnr_region_2,λ=8,divtree_lambda8_region2,227,0.43175987014197914,0.40797383567132367,0.8708460574105474,0.0,1.0,0.4287915401089431,False
noise,0.04801664771977973,recall_region_2,λ=8,divtree_lambda8_region2,227,0.5682401298580207,0.40797383567132367,0.8708460574105474,0.0,1.0,0.4287915401089431,False
noise,0.01704130491500777,recall_region_2,TwoStep (tuned),twostep_tuned,224,0.5240251247532169,0.40790591198593085,0.9015011925086309,0.0,1.0,0.41432396846810765,False
noise,0.01704130491500777,fnr_region_2,TwoStep (tuned),twostep_tuned,224,0.4759748752467831,0.40790591198593074,0.9015011925086309,0.0,1.0,0.41432396846810765,False
data_size,29478.2599815721,fnr_region_2,TwoStep (tuned),twostep_tuned,239,0.5000904387388853,0.4077950213379519,0.9334809551503455,0.0,1.0,0.4171199150521218,False
data_size,29478.2599815721,recall_region_2,TwoStep (tuned),twostep_tuned,239,0.49990956126111474,0.4077950213379519,0.9334809551503455,0.0,1.0,0.4171199150521218,False
intensity,0.1498882271567853,fnr_region_2,TwoStep (tuned),twostep_tuned,212,0.5110499884398314,0.4076272280793431,0.9004241653339634,0.0,1.0,0.41633648839459225,False
intensity,0.1498882271567853,recall_region_2,TwoStep (tuned),twostep_tuned,212,0.4889500115601686,0.4076272280793431,0.9004241653339635,0.0,1.0,0.41633648839459225,False
data_size,208362.77391753628,fnr_region_2,TwoStep (tuned),twostep_tuned,212,0.48329471798248097,0.407529960210326,0.9026963028428676,0.0,1.0,0.4171199150521218,False
data_size,208362.77391753628,recall_region_2,TwoStep (tuned),twostep_tuned,212,0.5167052820175191,0.407529960210326,0.9026963028428676,0.0,1.0,0.4171199150521218,False
intensity,0.2664944002069672,fnr_region_2,λ=2,divtree_lambda2_region2,218,0.47382147100742755,0.4073016854793593,0.8701898329351833,0.0,1.0,0.4303739245509382,False
intensity,0.2664944002069672,recall_region_2,λ=2,divtree_lambda2_region2,218,0.5261785289925724,0.4073016854793593,0.8701898329351833,0.0,1.0,0.4303739245509382,False
intensity,0.6692077956169817,fnr_region_2,TwoStep (tuned),twostep_tuned,209,0.4620320178474638,0.4071864692301689,0.9141401716587261,0.0,1.0,0.41633648839459225,False
intensity,0.6692077956169817,recall_region_2,TwoStep (tuned),twostep_tuned,209,0.5379679821525362,0.4071864692301689,0.9141401716587261,0.0,1.0,0.41633648839459225,False
noise,0.04801664771977973,fnr_region_2,λ=4,divtree_lambda4_region2,227,0.4347267286078654,0.4070667063973544,0.8693970052570752,0.0,1.0,0.4283403022218822,False
noise,0.04801664771977973,recall_region_2,λ=4,divtree_lambda4_region2,227,0.5652732713921346,0.40706670639735437,0.8693970052570751,0.0,1.0,0.4283403022218822,False
data_size,13482.627330113071,fnr_region_2,TwoStep (tuned),twostep_tuned,236,0.5210940673006689,0.4064850055896288,0.9274832765731336,0.0,1.0,0.4171199150521218,False
data_size,13482.627330113071,recall_region_2,TwoStep (tuned),twostep_tuned,236,0.4789059326993311,0.4064850055896288,0.9274832765731335,0.0,1.0,0.4171199150521218,False
data_size,13482.627330113071,fnr_region_2,λ=4,divtree_lambda4_region2,236,0.5746830304000545,0.40600952544326047,0.8381991029710724,0.0,1.0,0.42839849637586885,False
data_size,13482.627330113071,recall_region_2,λ=4,divtree_lambda4_region2,236,0.42531696959994547,0.40600952544326047,0.8381991029710723,0.0,1.0,0.4283984963758689,False
noise,0.19109257923523043,fnr_region_2,λ=8,divtree_lambda8_region2,207,0.43211934700311216,0.4059794845949529,0.8539274185941235,0.0,1.0,0.4287915401089431,False
noise,0.19109257923523043,recall_region_2,λ=8,divtree_lambda8_region2,207,0.5678806529968877,0.4059794845949529,0.8539274185941234,0.0,1.0,0.4287915401089431,False
data_size,78372.01043754505,fnr_region_2,TwoStep (tuned),twostep_tuned,202,0.4662265041675982,0.4056360742705888,0.9239682097860265,0.0,1.0,0.4171199150521218,False
data_size,78372.01043754505,recall_region_2,TwoStep (tuned),twostep_tuned,202,0.5337734958324019,0.4056360742705888,0.9239682097860265,0.0,1.0,0.4171199150521218,False
intensity,0.4223033626515117,fnr_region_2,TwoStep (tuned),twostep_tuned,235,0.44400458143381005,0.40540634582675233,0.944550559942142,0.0,1.0,0.41633648839459225,False
intensity,0.4223033626515117,recall_region_2,TwoStep (tuned),twostep_tuned,235,0.5559954185661901,0.4054063458267523,0.944550559942142,0.0,1.0,0.41633648839459225,False
noise,6.037731371322748,recall_region_2,λ=8,divtree_lambda8_region2,214,0.38899775210876536,0.40536276850753455,0.8686444067640976,0.0,1.0,0.4287915401089431,False
noise,6.037731371322748,fnr_region_2,λ=8,divtree_lambda8_region2,214,0.6110022478912348,0.4053627685075345,0.8686444067640976,0.0,1.0,0.4287915401089431,False
noise,0.5384344159537604,recall_region_2,TwoStep (tuned),twostep_tuned,220,0.5082354658690271,0.4053259902738713,0.916479863787766,0.0,1.0,0.41432396846810765,False
noise,0.5384344159537604,fnr_region_2,TwoStep (tuned),twostep_tuned,220,0.4917645341309729,0.40532599027387123,0.9164798637877659,0.0,1.0,0.41432396846810765,False
data_size,19936.00746568184,recall_region_2,λ=4,divtree_lambda4_region2,244,0.45103153307739846,0.4052723284261498,0.8155936571436404,0.0,1.0,0.4283984963758689,False
data_size,19936.00746568184,fnr_region_2,λ=4,divtree_lambda4_region2,244,0.5489684669226016,0.40527232842614974,0.8155936571436403,0.0,1.0,0.42839849637586885,False
data_size,19936.00746568184,fnr_region_2,λ=8,divtree_lambda8_region2,244,0.5180322962826817,0.4050940154408905,0.8675206464901563,0.0,1.0,0.42836887778108407,False
data_size,19936.00746568184,recall_region_2,λ=8,divtree_lambda8_region2,244,0.48196770371731834,0.4050940154408905,0.8675206464901563,0.0,1.0,0.42836887778108407,False
data_size,11087.731534380375,fnr_region_2,λ=4,divtree_lambda4_region2,220,0.5589639695356875,0.404944654712841,0.8059565637535652,0.0,1.0,0.42839849637586885,False
data_size,11087.731534380375,recall_region_2,λ=4,divtree_lambda4_region2,220,0.44103603046431256,0.40494465471284097,0.8059565637535652,0.0,1.0,0.4283984963758689,False
noise,8.527795614328893,fnr_region_2,λ=2,divtree_lambda2_region2,228,0.659199276553545,0.40443224392218174,0.8397979797979798,0.0,1.0,0.4317190829016066,False
noise,8.527795614328893,recall_region_2,λ=2,divtree_lambda2_region2,228,0.34080072344645507,0.40443224392218174,0.8397979797979798,0.0,1.0,0.4317190829016066,False
data_size,253368.11425203207,recall_region_2,λ=4,divtree_lambda4_region2,216,0.5744089971933017,0.4042016020136459,0.8455488955545704,0.0,1.0,0.4283984963758689,False
data_size,253368.11425203207,fnr_region_2,λ=4,divtree_lambda4_region2,216,0.4255910028066982,0.40420160201364586,0.8455488955545704,0.0,1.0,0.42839849637586885,False
noise,0.09578948302920401,fnr_region_2,TwoStep (tuned),twostep_tuned,216,0.43122056354689736,0.4039029570220974,0.8656074739563122,0.0,1.0,0.41432396846810765,False
noise,0.09578948302920401,recall_region_2,TwoStep (tuned),twostep_tuned,216,0.5687794364531026,0.4039029570220974,0.8656074739563122,0.0,1.0,0.41432396846810765,False
intensity,0.2375220728879286,fnr_region_2,TwoStep (tuned),twostep_tuned,226,0.49336709970852716,0.4037815263753449,0.892007083186664,0.0,1.0,0.41633648839459225,False
intensity,0.2375220728879286,recall_region_2,TwoStep (tuned),twostep_tuned,226,0.5066329002914729,0.4037815263753449,0.892007083186664,0.0,1.0,0.41633648839459225,False
intensity,0.47381483315153217,fnr_region_2,TwoStep (tuned),twostep_tuned,230,0.47967416552584846,0.4037324682873917,0.882065519777714,0.0,1.0,0.41633648839459225,False
intensity,0.47381483315153217,recall_region_2,TwoStep (tuned),twostep_tuned,230,0.5203258344741515,0.4037324682873917,0.8820655197777141,0.0,1.0,0.41633648839459225,False
intensity,0.11906916196297226,fnr_region_2,TwoStep (tuned),twostep_tuned,195,0.5399935843261315,0.40337500279004834,0.9069006452320506,0.0,1.0,0.41633648839459225,False
intensity,0.11906916196297226,recall_region_2,TwoStep (tuned),twostep_tuned,195,0.46000641567386846,0.40337500279004834,0.9069006452320506,0.0,1.0,0.41633648839459225,False
rareness,0.07123780414477837,precision_region_2,λ=4,divtree_lambda4_region2,137,0.4492173477189725,0.4032893527291502,0.9192533101801607,0.05162700245709783,1.0,0.40481784666359927,False
rareness,0.07123780414477837,precision_region_2,λ=2,divtree_lambda2_region2,120,0.5044066217456591,0.40323095521742386,0.9122848780683379,0.04968876160929141,1.0,0.40591300028870575,False
intensity,0.11906916196297226,fnr_region_2,λ=2,divtree_lambda2_region2,195,0.5746013760473785,0.40319072504756304,0.7941313800037151,0.0,1.0,0.4303739245509382,False
intensity,0.11906916196297226,recall_region_2,λ=2,divtree_lambda2_region2,195,0.4253986239526215,0.40319072504756304,0.7941313800037151,0.0,1.0,0.4303739245509382,False
data_size,253368.11425203207,recall_region_2,TwoStep (tuned),twostep_tuned,216,0.5445862408020539,0.4025875134884204,0.8916973756021329,0.0,1.0,0.4171199150521218,False
data_size,253368.11425203207,fnr_region_2,TwoStep (tuned),twostep_tuned,216,0.45541375919794613,0.40258751348842037,0.8916973756021329,0.0,1.0,0.4171199150521218,False
sparsity,3.0,fnr_region_2,λ=2,divtree_lambda2_region2,752,0.586900808800553,0.40186725919128086,0.82444773209031,0.0,1.0,0.4262964165071911,False
sparsity,3.0,recall_region_2,λ=2,divtree_lambda2_region2,752,0.413099191199447,0.40186725919128086,0.82444773209031,0.0,1.0,0.4262964165071911,False
noise,0.19109257923523043,fnr_region_2,TwoStep (tuned),twostep_tuned,207,0.40339696291188787,0.40166973721340843,0.851962727081766,0.0,1.0,0.41432396846810765,False
noise,0.19109257923523043,recall_region_2,TwoStep (tuned),twostep_tuned,207,0.5966030370881121,0.40166973721340843,0.851962727081766,0.0,1.0,0.41432396846810765,False
noise,0.26990244496021376,fnr_region_2,λ=8,divtree_lambda8_region2,230,0.40233566384935293,0.4011951278743837,0.8419460120962368,0.0,1.0,0.4287915401089431,False
noise,0.26990244496021376,recall_region_2,λ=8,divtree_lambda8_region2,230,0.597664336150647,0.4011951278743837,0.8419460120962368,0.0,1.0,0.4287915401089431,False
data_size,115884.31148680957,fnr_region_2,TwoStep (tuned),twostep_tuned,236,0.48497855011516033,0.40099446204188194,0.8885845837703954,0.0,1.0,0.4171199150521218,False
data_size,115884.31148680957,recall_region_2,TwoStep (tuned),twostep_tuned,236,0.5150214498848397,0.40099446204188194,0.8885845837703954,0.0,1.0,0.4171199150521218,False
noise,0.38121485453303716,fnr_region_2,TwoStep (tuned),twostep_tuned,211,0.4617197461055566,0.40056309580622884,0.8616149257495093,0.0,1.0,0.41432396846810765,False
noise,0.38121485453303716,recall_region_2,TwoStep (tuned),twostep_tuned,211,0.5382802538944435,0.40056309580622884,0.8616149257495092,0.0,1.0,0.41432396846810765,False
noise,0.03399607980711228,fnr_region_2,λ=2,divtree_lambda2_region2,202,0.46153952010887606,0.4003402666894026,0.8577566864577514,0.0,1.0,0.4317190829016066,False
noise,0.03399607980711228,recall_region_2,λ=2,divtree_lambda2_region2,202,0.538460479891124,0.4003402666894026,0.8577566864577514,0.0,1.0,0.4317190829016066,False
data_size,11087.731534380375,fnr_region_2,TwoStep (tuned),twostep_tuned,220,0.5317046472381474,0.40003128368487645,0.8520037524003008,0.0,1.0,0.4171199150521218,False
data_size,11087.731534380375,recall_region_2,TwoStep (tuned),twostep_tuned,220,0.46829535276185263,0.40003128368487645,0.8520037524003008,0.0,1.0,0.4171199150521218,False
sparsity,4.0,fnr_region_2,TwoStep (recall),twostep_recall,717,0.5367862904064563,0.3997357955855698,0.8894070440975947,0.0,0.9871758449537072,0.4763170750164102,False
sparsity,4.0,recall_region_2,TwoStep (recall),twostep_recall,717,0.46321370959354374,0.39973579558556976,0.8894070440975947,0.012824155046292734,1.0,0.4763170750164102,False
noise,0.03399607980711228,fnr_region_2,λ=4,divtree_lambda4_region2,202,0.44717548646922495,0.39943699805851357,0.8620492665358304,0.0,1.0,0.4283403022218822,False
noise,0.03399607980711228,recall_region_2,λ=4,divtree_lambda4_region2,202,0.5528245135307751,0.39943699805851357,0.8620492665358304,0.0,1.0,0.4283403022218822,False
intensity,0.9451774034505906,fnr_region_2,TwoStep (tuned),twostep_tuned,200,0.4482528002578269,0.3993319418048829,0.8994013092355632,0.0,1.0,0.41633648839459225,False
intensity,0.9451774034505906,recall_region_2,TwoStep (tuned),twostep_tuned,200,0.5517471997421731,0.39933194180488285,0.8994013092355633,0.0,1.0,0.41633648839459225,False
noise,0.03399607980711228,fnr_region_2,TwoStep (tuned),twostep_tuned,202,0.400877562087004,0.3990622568666274,0.8423069750093248,0.0,1.0,0.41432396846810765,False
noise,0.03399607980711228,recall_region_2,TwoStep (tuned),twostep_tuned,202,0.599122437912996,0.3990622568666274,0.8423069750093248,0.0,1.0,0.41432396846810765,False
data_size,35845.419997710356,fnr_region_2,TwoStep (tuned),twostep_tuned,189,0.5325134090081332,0.3986759773312979,0.846793341173959,0.0,1.0,0.4171199150521218,False
data_size,35845.419997710356,recall_region_2,TwoStep (tuned),twostep_tuned,189,0.46748659099186685,0.3986759773312979,0.846793341173959,0.0,1.0,0.4171199150521218,False
noise,0.26990244496021376,fnr_region_2,TwoStep (tuned),twostep_tuned,230,0.3873533260587411,0.3982082862567248,0.8184097888145836,0.0,1.0,0.41432396846810765,False
noise,0.26990244496021376,recall_region_2,TwoStep (tuned),twostep_tuned,230,0.6126466739412589,0.3982082862567248,0.8184097888145836,0.0,1.0,0.41432396846810765,False
intensity,0.13359290997532036,fnr_region_2,TwoStep (tuned),twostep_tuned,226,0.49495686196924066,0.3979490986585592,0.8532717334816843,0.0,1.0,0.41633648839459225,False
intensity,0.13359290997532036,recall_region_2,TwoStep (tuned),twostep_tuned,226,0.5050431380307593,0.3979490986585592,0.8532717334816842,0.0,1.0,0.41633648839459225,False
data_size,13482.627330113071,fnr_region_2,λ=8,divtree_lambda8_region2,236,0.5743789013953968,0.3974237898311847,0.820291857965883,0.0,1.0,0.42836887778108407,False
data_size,13482.627330113071,recall_region_2,λ=8,divtree_lambda8_region2,236,0.42562109860460323,0.3974237898311847,0.820291857965883,0.0,1.0,0.42836887778108407,False
data_size,11087.731534380375,fnr_region_2,λ=8,divtree_lambda8_region2,220,0.5620582160845986,0.39726407687819154,0.8210819489484075,0.0,1.0,0.42836887778108407,False
data_size,11087.731534380375,recall_region_2,λ=8,divtree_lambda8_region2,220,0.4379417839154014,0.39726407687819154,0.8210819489484075,0.0,1.0,0.42836887778108407,False
noise,1.5171265228807906,recall_region_2,TwoStep (tuned),twostep_tuned,224,0.43444329687788674,0.39622727168031513,0.8365292550795421,0.0,1.0,0.41432396846810765,False
noise,1.5171265228807906,fnr_region_2,TwoStep (tuned),twostep_tuned,224,0.5655567031221131,0.3962272716803151,0.8365292550795421,0.0,1.0,0.41432396846810765,False
noise,3.026549586817165,fnr_region_2,TwoStep (tuned),twostep_tuned,231,0.6092028396288551,0.3962073920481937,0.8180765734078947,0.0,1.0,0.41432396846810765,False
noise,3.026549586817165,recall_region_2,TwoStep (tuned),twostep_tuned,231,0.3907971603711449,0.3962073920481937,0.8180765734078946,0.0,1.0,0.41432396846810765,False
intensity,0.11906916196297226,fnr_region_2,λ=4,divtree_lambda4_region2,195,0.5735301659307948,0.39616771012345553,0.7771558950872313,0.0,1.0,0.42928680468731895,False
intensity,0.11906916196297226,recall_region_2,λ=4,divtree_lambda4_region2,195,0.42646983406920524,0.39616771012345553,0.7771558950872313,0.0,1.0,0.42928680468731895,False
data_size,171351.654420983,fnr_region_2,TwoStep (tuned),twostep_tuned,203,0.43244432039687536,0.39570833931750865,0.872273767706637,0.0,1.0,0.4171199150521218,False
data_size,171351.654420983,recall_region_2,TwoStep (tuned),twostep_tuned,203,0.5675556796031247,0.39570833931750865,0.8722737677066369,0.0,1.0,0.4171199150521218,False
intensity,0.18868429297579686,fnr_region_2,TwoStep (tuned),twostep_tuned,239,0.5124645505352796,0.39501883454108067,0.8434028373634421,0.0,1.0,0.41633648839459225,False
intensity,0.18868429297579686,recall_region_2,TwoStep (tuned),twostep_tuned,239,0.4875354494647205,0.39501883454108067,0.8434028373634421,0.0,1.0,0.41633648839459225,False
intensity,0.3354720276494002,fnr_region_2,TwoStep (tuned),twostep_tuned,204,0.4169596141249239,0.39498255433024426,0.8252601852958741,0.0,1.0,0.41633648839459225,False
intensity,0.3354720276494002,recall_region_2,TwoStep (tuned),twostep_tuned,204,0.5830403858750761,0.39498255433024426,0.8252601852958741,0.0,1.0,0.41633648839459225,False
data_size,308094.3880361152,fnr_region_2,TwoStep (tuned),twostep_tuned,210,0.4050600397562493,0.39455729205503526,0.7999835305667424,0.0,1.0,0.4171199150521218,False
data_size,308094.3880361152,recall_region_2,TwoStep (tuned),twostep_tuned,210,0.5949399602437506,0.39455729205503526,0.7999835305667424,0.0,1.0,0.4171199150521218,False
noise,0.03399607980711228,fnr_region_2,λ=8,divtree_lambda8_region2,202,0.42043295215622467,0.39426175178068806,0.836669000577836,0.0,1.0,0.4287915401089431,False
noise,0.03399607980711228,recall_region_2,λ=8,divtree_lambda8_region2,202,0.5795670478437753,0.39426175178068806,0.836669000577836,0.0,1.0,0.4287915401089431,False
rareness,0.09572719004725587,precision_region_2,λ=2,divtree_lambda2_region2,164,0.5663223845740577,0.3942529354268396,0.8690495926487306,0.0831695283256929,1.0,0.40591300028870575,False
intensity,0.10612438439422897,fnr_region_2,TwoStep (tuned),twostep_tuned,226,0.5547865148169878,0.39410898748013834,0.8628125086383942,0.0,1.0,0.41633648839459225,False
intensity,0.10612438439422897,recall_region_2,TwoStep (tuned),twostep_tuned,226,0.44521348518301224,0.39410898748013834,0.8628125086383942,0.0,1.0,0.41633648839459225,False
rareness,0.07123780414477837,precision_region_2,λ=0,divtree_lambda0,92,0.6283521892888728,0.3932951147525029,0.7350396737932554,0.05594016659894352,1.0,0.3970608242769601,False
noise,2.142815589586332,fnr_region_2,TwoStep (tuned),twostep_tuned,205,0.5906186549155962,0.3929739246913604,0.8055315471045807,0.0,1.0,0.41432396846810765,False
noise,2.142815589586332,recall_region_2,TwoStep (tuned),twostep_tuned,205,0.4093813450844038,0.3929739246913604,0.8055315471045809,0.0,1.0,0.41432396846810765,False
intensity,0.11906916196297226,fnr_region_2,λ=8,divtree_lambda8_region2,195,0.5817269494006694,0.3927428087216613,0.7743686799481266,0.0,1.0,0.4272765893305503,False
intensity,0.11906916196297226,recall_region_2,λ=8,divtree_lambda8_region2,195,0.4182730505993306,0.3927428087216613,0.7743686799481266,0.0,1.0,0.4272765893305503,False
data_size,24242.087597150792,fnr_region_2,TwoStep (tuned),twostep_tuned,233,0.5356901253926263,0.39272640843589385,0.8524590163934426,0.0,1.0,0.4171199150521218,False
data_size,24242.087597150792,recall_region_2,TwoStep (tuned),twostep_tuned,233,0.4643098746073736,0.39272640843589385,0.8524590163934426,0.0,1.0,0.4171199150521218,False
noise,8.527795614328893,recall_region_2,λ=4,divtree_lambda4_region2,228,0.342369545010955,0.39175843333812926,0.7935742712101962,0.0,1.0,0.4283403022218822,False
noise,8.527795614328893,fnr_region_2,λ=4,divtree_lambda4_region2,228,0.6576304549890448,0.3917584333381292,0.7935742712101962,0.0,1.0,0.4283403022218822,False
rareness,0.09572719004725587,precision_region_2,λ=4,divtree_lambda4_region2,173,0.5089759771616674,0.39160159101317954,0.8928914505283382,0.07907626733745589,1.0,0.40481784666359927,False
rareness,0.09572719004725587,precision_region_2,λ=8,divtree_lambda8_region2,188,0.4936274142350461,0.391220043793234,0.8937675761837479,0.07751347429519072,1.0,0.3933268879194818,False
noise,0.04801664771977973,recall_region_2,TwoStep (tuned),twostep_tuned,227,0.6015551416946922,0.39090020175709234,0.8301013624526559,0.0,1.0,0.41432396846810765,False
noise,0.04801664771977973,fnr_region_2,TwoStep (tuned),twostep_tuned,227,0.39844485830530796,0.3909002017570923,0.8301013624526559,0.0,1.0,0.41432396846810765,False
rareness,0.21817411955964328,fnr_region_2,λ=0,divtree_lambda0,220,0.6731474419154392,0.39019655165724637,0.6879886765168547,0.0,1.0,0.3917487596737324,False
rareness,0.21817411955964328,recall_region_2,λ=0,divtree_lambda0,220,0.326852558084561,0.39019655165724637,0.6879886765168547,0.0,1.0,0.3917487596737324,False
rareness,0.09572719004725587,precision_region_2,λ=0,divtree_lambda0,139,0.6264278147507395,0.39002942372059113,0.8325398791526761,0.0938577065160629,1.0,0.3970608242769601,False
sparsity,3.0,fnr_region_2,λ=4,divtree_lambda4_region2,752,0.5936373197690762,0.38779551405603596,0.7886881328910046,0.0,1.0,0.4240016410553663,False
sparsity,3.0,recall_region_2,λ=4,divtree_lambda4_region2,752,0.40636268023092376,0.38779551405603596,0.7886881328910046,0.0,1.0,0.4240016410553663,False
sparsity,3.0,fnr_region_2,λ=8,divtree_lambda8_region2,752,0.5897173147477727,0.3871097249309943,0.7956232149343416,0.0,1.0,0.42347527811960817,False
sparsity,3.0,recall_region_2,λ=8,divtree_lambda8_region2,752,0.4102826852522273,0.3871097249309943,0.7956232149343417,0.0,1.0,0.42347527811960817,False
noise,8.527795614328893,fnr_region_2,λ=8,divtree_lambda8_region2,228,0.6600060482445522,0.38668045607708396,0.7189784649643745,0.0,1.0,0.4287915401089431,False
noise,8.527795614328893,recall_region_2,λ=8,divtree_lambda8_region2,228,0.3399939517554478,0.38668045607708396,0.7189784649643746,0.0,1.0,0.4287915401089431,False
noise,4.274750681290067,fnr_region_2,TwoStep (recall),twostep_recall,224,0.6250752607394011,0.3866529272304734,0.7760180447032843,0.0,1.0,0.44234548550132946,False
noise,4.274750681290067,recall_region_2,TwoStep (recall),twostep_recall,224,0.37492473926059894,0.3866529272304734,0.7760180447032843,0.0,1.0,0.44234548550132946,False
rareness,0.07123780414477837,precision_region_2,λ=8,divtree_lambda8_region2,146,0.434664587168607,0.384567920030043,0.9194684999588333,0.05306064073226544,1.0,0.3933268879194818,False
sparsity,5.0,fnr_region_2,TwoStep (tuned),twostep_tuned,791,0.6107157697484833,0.38401142347065975,0.7934828187790298,0.021323374666108223,1.0,0.45836138377256924,False
sparsity,5.0,recall_region_2,TwoStep (tuned),twostep_tuned,791,0.3892842302515167,0.38401142347065975,0.7934828187790298,0.0,0.9786766253338918,0.45836138377256924,False
rareness,0.29164227726707576,fnr_region_2,λ=0,divtree_lambda0,222,0.38049884903290454,0.3798634798562183,0.7648510154027164,0.0,1.0,0.3917487596737324,False
rareness,0.29164227726707576,recall_region_2,λ=0,divtree_lambda0,222,0.6195011509670955,0.3798634798562183,0.7648510154027163,0.0,1.0,0.3917487596737324,False
rareness,0.2426635054621208,fnr_region_2,λ=2,divtree_lambda2_region2,213,0.6243215205954523,0.37927131011580906,0.7408501982114365,0.0,1.0,0.3798287770404419,False
rareness,0.2426635054621208,recall_region_2,λ=2,divtree_lambda2_region2,213,0.37567847940454774,0.37927131011580906,0.7408501982114365,0.0,1.0,0.3798287770404419,False
rareness,0.04674841824230089,f1_region_2,λ=4,divtree_lambda4_region2,245,0.2725958708297159,0.3785520200276359,0.5569095151672284,0.0,1.0,0.37882363801075863,False
rareness,0.09572719004725587,fnr_region_2,λ=0,divtree_lambda0,235,0.7319914343825903,0.3779662603408499,0.4782483607654222,0.0,1.0,0.3917487596737324,False
rareness,0.09572719004725587,recall_region_2,λ=0,divtree_lambda0,235,0.26800856561740977,0.3779662603408499,0.4782483607654222,0.0,1.0,0.3917487596737324,False
rareness,0.14470596185221085,precision_region_2,λ=0,divtree_lambda0,120,0.561958419134136,0.3776775412610971,0.841521559435958,0.1319642857142857,1.0,0.3970608242769601,False
rareness,0.09572719004725587,fnr_region_2,λ=2,divtree_lambda2_region2,235,0.7060850327007255,0.37762558735734225,0.5781060280128113,0.0,1.0,0.3798287770404419,False
rareness,0.09572719004725587,recall_region_2,λ=2,divtree_lambda2_region2,235,0.2939149672992743,0.37762558735734225,0.5781060280128113,0.0,1.0,0.3798287770404419,False
rareness,0.04674841824230089,f1_region_2,λ=2,divtree_lambda2_region2,245,0.2557660777028997,0.37667216632240247,0.4862333770368983,0.0,1.0,0.3766809924017986,False
rareness,0.2671528913645983,fnr_region_2,λ=4,divtree_lambda4_region2,240,0.5391130422744738,0.37663969356094806,0.7203172826246922,0.0,1.0,0.37789458136097254,False
rareness,0.2671528913645983,recall_region_2,λ=4,divtree_lambda4_region2,240,0.4608869577255261,0.37663969356094806,0.7203172826246922,0.0,1.0,0.37789458136097254,False
rareness,0.29164227726707576,fnr_region_2,λ=4,divtree_lambda4_region2,222,0.4047013946601517,0.37547275914578987,0.8147351106463671,0.0,0.972826569423183,0.37789458136097254,False
rareness,0.29164227726707576,recall_region_2,λ=4,divtree_lambda4_region2,222,0.5952986053398482,0.37547275914578987,0.8147351106463671,0.02717343057681689,1.0,0.37789458136097254,False
rareness,0.2671528913645983,fnr_region_2,λ=8,divtree_lambda8_region2,240,0.5415280416203937,0.3744905319404384,0.7449249960408715,0.0,0.9606172961838428,0.375819346622807,False
rareness,0.2671528913645983,recall_region_2,λ=8,divtree_lambda8_region2,240,0.4584719583796063,0.3744905319404384,0.7449249960408715,0.03938270381615706,1.0,0.375819346622807,False
rareness,0.12021657594973335,precision_region_2,λ=4,divtree_lambda4_region2,165,0.5044861267433565,0.37432771975391077,0.8636988655895497,0.1069685735143023,1.0,0.40481784666359927,False
rareness,0.04674841824230089,recall_region_2,λ=8,divtree_lambda8_region2,245,0.27636110079015075,0.3742726152080251,0.5380331603594481,0.0,1.0,0.375819346622807,False
rareness,0.04674841824230089,fnr_region_2,λ=8,divtree_lambda8_region2,245,0.7236388992098491,0.374272615208025,0.5380331603594481,0.0,1.0,0.375819346622807,False
rareness,0.04674841824230089,recall_region_2,λ=4,divtree_lambda4_region2,245,0.27355109138965555,0.3737972415614438,0.5410737386804657,0.0,1.0,0.37789458136097254,False
rareness,0.04674841824230089,fnr_region_2,λ=4,divtree_lambda4_region2,245,0.7264489086103444,0.3737972415614437,0.5410737386804657,0.0,1.0,0.37789458136097254,False
rareness,0.0222590323398234,fnr_region_2,λ=0,divtree_lambda0,222,0.7706997774615273,0.373542335345048,0.32647727272727267,0.0,1.0,0.3917487596737324,False
rareness,0.0222590323398234,recall_region_2,λ=0,divtree_lambda0,222,0.2293002225384726,0.373542335345048,0.3264772727272727,0.0,1.0,0.3917487596737324,False
rareness,0.12021657594973335,precision_region_2,λ=0,divtree_lambda0,122,0.5938605545178494,0.3732049503362705,0.7981565160629576,0.1044967476522788,1.0,0.3970608242769601,False
rareness,0.04674841824230089,f1_region_2,λ=8,divtree_lambda8_region2,245,0.26884700071844464,0.373145883081841,0.5175097276264592,0.0,1.0,0.3737367058482066,False
rareness,0.12021657594973335,precision_region_2,λ=2,divtree_lambda2_region2,151,0.52637375270108,0.3719682937494752,0.8473414660653155,0.099079754601227,1.0,0.40591300028870575,False
noise,8.527795614328893,fnr_region_2,TwoStep (recall),twostep_recall,228,0.6342095544341528,0.3719650170561007,0.7077195599267739,0.0,1.0,0.44234548550132946,False
noise,8.527795614328893,recall_region_2,TwoStep (recall),twostep_recall,228,0.365790445565847,0.3719650170561007,0.7077195599267739,0.0,1.0,0.44234548550132946,False
rareness,0.29164227726707576,fnr_region_2,λ=8,divtree_lambda8_region2,222,0.4010648631363674,0.3711886341568334,0.8294016413555453,0.0,0.8952787880032659,0.375819346622807,False
rareness,0.29164227726707576,recall_region_2,λ=8,divtree_lambda8_region2,222,0.5989351368636325,0.3711886341568334,0.8294016413555452,0.10472121199673416,1.0,0.375819346622807,False
rareness,0.21817411955964328,fnr_region_2,λ=2,divtree_lambda2_region2,220,0.6598228298611903,0.37060987166158194,0.532015864561846,0.0,1.0,0.3798287770404419,False
rareness,0.21817411955964328,recall_region_2,λ=2,divtree_lambda2_region2,220,0.34017717013880977,0.37060987166158194,0.532015864561846,0.0,1.0,0.3798287770404419,False
noise,4.274750681290067,fnr_region_2,TwoStep (tuned),twostep_tuned,224,0.6410642026054644,0.37054506629659006,0.7075965989591819,0.0,1.0,0.41432396846810765,False
noise,4.274750681290067,recall_region_2,TwoStep (tuned),twostep_tuned,224,0.35893579739453557,0.37054506629659006,0.7075965989591819,0.0,1.0,0.41432396846810765,False
rareness,0.04674841824230089,fnr_region_2,λ=2,divtree_lambda2_region2,245,0.7478098038860491,0.36973482236346605,0.47811059907834097,0.0,1.0,0.3798287770404419,False
rareness,0.04674841824230089,recall_region_2,λ=2,divtree_lambda2_region2,245,0.25219019611395094,0.36973482236346605,0.478110599078341,0.0,1.0,0.3798287770404419,False
rareness,0.14470596185221085,precision_region_2,λ=8,divtree_lambda8_region2,179,0.45677739861548833,0.36895403075774685,0.7582034015596228,0.12203493080228495,1.0,0.3933268879194818,False
rareness,0.04674841824230089,f1_region_2,λ=0,divtree_lambda0,245,0.23585738790805416,0.36793634719769547,0.48438772739614444,0.0,1.0,0.3684886277994117,False
rareness,0.29164227726707576,fnr_region_2,λ=2,divtree_lambda2_region2,222,0.388804682121583,0.36708546395769975,0.7643372730825589,0.0,1.0,0.3798287770404419,False
rareness,0.29164227726707576,recall_region_2,λ=2,divtree_lambda2_region2,222,0.611195317878417,0.36708546395769975,0.7643372730825588,0.0,1.0,0.3798287770404419,False
rareness,0.14470596185221085,precision_region_2,λ=2,divtree_lambda2_region2,148,0.5017675158218301,0.36698320342730206,0.8465893783255877,0.12525501297475822,1.0,0.40591300028870575,False
rareness,0.12021657594973335,precision_region_2,λ=8,divtree_lambda8_region2,171,0.49683319689879546,0.36495512750220077,0.7783981521544698,0.11032095057100891,1.0,0.3933268879194818,False
rareness,0.07123780414477837,fnr_region_2,λ=4,divtree_lambda4_region2,198,0.7424197957882233,0.363983419438394,0.33997983397024056,0.0,1.0,0.37789458136097254,False
rareness,0.07123780414477837,recall_region_2,λ=4,divtree_lambda4_region2,198,0.25758020421177674,0.363983419438394,0.33997983397024056,0.0,1.0,0.37789458136097254,False
rareness,0.07123780414477837,fnr_region_2,λ=8,divtree_lambda8_region2,198,0.7392561300170504,0.36396615480724315,0.34784372980575506,0.0,1.0,0.375819346622807,False
rareness,0.07123780414477837,recall_region_2,λ=8,divtree_lambda8_region2,198,0.2607438699829495,0.3639661548072431,0.3478437298057551,0.0,1.0,0.375819346622807,False
rareness,0.12021657594973335,fnr_region_2,λ=8,divtree_lambda8_region2,232,0.7269597823811038,0.36283081002337986,0.4959347794867186,0.0,1.0,0.375819346622807,False
rareness,0.12021657594973335,recall_region_2,λ=8,divtree_lambda8_region2,232,0.27304021761889613,0.36283081002337986,0.4959347794867186,0.0,1.0,0.375819346622807,False
rareness,0.14470596185221085,precision_region_2,λ=4,divtree_lambda4_region2,166,0.4673221994618836,0.3625466083765719,0.7400930596153077,0.13135217524652176,1.0,0.40481784666359927,False
rareness,0.12021657594973335,f1_region_2,λ=8,divtree_lambda8_region2,232,0.28422581437540656,0.36213317139640855,0.5225137728361158,0.0,1.0,0.3737367058482066,False
rareness,0.2426635054621208,fnr_region_2,λ=4,divtree_lambda4_region2,213,0.6386943118106916,0.3617459089143508,0.5526808749602345,0.0,1.0,0.37789458136097254,False
rareness,0.2426635054621208,recall_region_2,λ=4,divtree_lambda4_region2,213,0.3613056881893084,0.3617459089143508,0.5526808749602345,0.0,1.0,0.37789458136097254,False
rareness,0.07123780414477837,f1_region_2,λ=4,divtree_lambda4_region2,198,0.2561077701062801,0.36119367748240977,0.37122122669049684,0.0,1.0,0.37882363801075863,False
noise,6.037731371322748,fnr_region_2,TwoStep (recall),twostep_recall,214,0.6593529267048912,0.36111296931283937,0.6289801982274781,0.0,1.0,0.44234548550132946,False
noise,6.037731371322748,recall_region_2,TwoStep (recall),twostep_recall,214,0.3406470732951087,0.36111296931283937,0.6289801982274781,0.0,1.0,0.44234548550132946,False
noise,0.19109257923523043,f1_region_2,λ=0,divtree_lambda0,207,0.4420432402332895,0.3606545350305449,0.6268679192638629,0.0,1.0,0.3607976981338745,False
rareness,0.07123780414477837,fnr_region_2,λ=2,divtree_lambda2_region2,198,0.7606785413851379,0.3602720307499741,0.33997983397024056,0.0,1.0,0.3798287770404419,False
rareness,0.07123780414477837,recall_region_2,λ=2,divtree_lambda2_region2,198,0.23932145861486206,0.36027203074997405,0.33997983397024056,0.0,1.0,0.3798287770404419,False
rareness,0.21817411955964328,fnr_region_2,λ=4,divtree_lambda4_region2,220,0.661106140257261,0.3602195102189473,0.5091320401209299,0.0,1.0,0.37789458136097254,False
rareness,0.21817411955964328,recall_region_2,λ=4,divtree_lambda4_region2,220,0.338893859742739,0.3602195102189473,0.5091320401209299,0.0,1.0,0.37789458136097254,False
rareness,0.12021657594973335,f1_region_2,λ=4,divtree_lambda4_region2,232,0.2754584494965611,0.3602193991126695,0.5078766370677895,0.0,1.0,0.37882363801075863,False
noise,0.13529471303661472,f1_region_2,λ=0,divtree_lambda0,234,0.4386046259784986,0.35960043723758445,0.6302865035690789,0.0,1.0,0.3607976981338745,False
rareness,0.07123780414477837,f1_region_2,λ=2,divtree_lambda2_region2,198,0.24463358762456486,0.35956832763651964,0.47583707895032157,0.0,1.0,0.3766809924017986,False
rareness,0.07123780414477837,f1_region_2,λ=8,divtree_lambda8_region2,198,0.25949922191061253,0.35902401070672507,0.3921616662646814,0.0,1.0,0.3737367058482066,False
rareness,0.12021657594973335,fnr_region_2,λ=4,divtree_lambda4_region2,232,0.737926440289663,0.35880723483009164,0.4493183645183645,0.0,1.0,0.37789458136097254,False
rareness,0.12021657594973335,recall_region_2,λ=4,divtree_lambda4_region2,232,0.26207355971033697,0.35880723483009164,0.44931836451836454,0.0,1.0,0.37789458136097254,False
data_size,43587.85544382496,f1_region_2,λ=0,divtree_lambda0,211,0.3710865651936744,0.3588023790926189,0.6158697460360227,0.0,1.0,0.3589606579052819,False
intensity,0.10612438439422897,f1_region_2,λ=0,divtree_lambda0,226,0.3294656152513101,0.35841420772086435,0.5724435611157452,0.0,1.0,0.3584740301274495,False
data_size,53002.61908810494,f1_region_2,λ=0,divtree_lambda0,231,0.4176082105536092,0.3582062433693922,0.630286642740695,0.0,1.0,0.3589606579052819,False
rareness,0.07123780414477837,fnr_region_2,λ=0,divtree_lambda0,198,0.787013418245357,0.3581603953515113,0.199016651429767,0.0,1.0,0.3917487596737324,False
rareness,0.07123780414477837,recall_region_2,λ=0,divtree_lambda0,198,0.2129865817546432,0.35816039535151123,0.199016651429767,0.0,1.0,0.3917487596737324,False
noise,0.5384344159537604,f1_region_2,λ=0,divtree_lambda0,220,0.41586656027156615,0.35780004077634175,0.6466908581606174,0.0,1.0,0.3607976981338745,False
rareness,0.07123780414477837,f1_region_2,λ=0,divtree_lambda0,198,0.2210896152390901,0.3574057565296286,0.27909339960889407,0.0,1.0,0.3684886277994117,False
intensity,0.3763920367806187,f1_region_2,λ=0,divtree_lambda0,221,0.38715061936249107,0.3573960226541096,0.6443808532778356,0.0,1.0,0.3584740301274495,False
intensity,0.21169951438065343,f1_region_2,λ=0,divtree_lambda0,251,0.37135147778114747,0.357317357686069,0.6279029430818768,0.0,1.0,0.3584740301274495,False
noise,8.527795614328893,fnr_region_2,TwoStep (tuned),twostep_tuned,228,0.6511973689691594,0.35668117067995003,0.6839166678826673,0.0,1.0,0.41432396846810765,False
noise,8.527795614328893,recall_region_2,TwoStep (tuned),twostep_tuned,228,0.34880263103084064,0.35668117067995003,0.6839166678826673,0.0,1.0,0.41432396846810765,False
rareness,0.14470596185221085,fnr_region_2,λ=0,divtree_lambda0,219,0.7717571746676851,0.3564966644590234,0.23868851070665864,0.0,1.0,0.3917487596737324,False
rareness,0.14470596185221085,recall_region_2,λ=0,divtree_lambda0,219,0.22824282533231494,0.35649666445902334,0.2386885107066587,0.0,1.0,0.3917487596737324,False
rareness,0.12021657594973335,f1_region_2,λ=0,divtree_lambda0,232,0.22963928682890947,0.35602963598473686,0.2970809149812531,0.0,1.0,0.3684886277994117,False
rareness,0.12021657594973335,fnr_region_2,λ=0,divtree_lambda0,232,0.7786786034497222,0.35599636622751946,0.40909756981111767,0.0,1.0,0.3917487596737324,False
rareness,0.12021657594973335,recall_region_2,λ=0,divtree_lambda0,232,0.22132139655027788,0.35599636622751946,0.40909756981111767,0.0,1.0,0.3917487596737324,False
rareness,0.21817411955964328,recall_region_2,λ=8,divtree_lambda8_region2,220,0.3456684815234506,0.3559606463010162,0.4796689135954053,0.0,1.0,0.375819346622807,False
rareness,0.21817411955964328,fnr_region_2,λ=8,divtree_lambda8_region2,220,0.6543315184765494,0.35596064630101615,0.4796689135954053,0.0,1.0,0.375819346622807,False
rareness,0.14470596185221085,fnr_region_2,λ=8,divtree_lambda8_region2,219,0.7220350613308021,0.35554732679196865,0.2260027242239152,0.0,1.0,0.375819346622807,False
rareness,0.14470596185221085,recall_region_2,λ=8,divtree_lambda8_region2,219,0.27796493866919797,0.35554732679196865,0.22600272422391512,0.0,1.0,0.375819346622807,False
noise,1.5171265228807906,f1_region_2,λ=0,divtree_lambda0,224,0.3843804878531193,0.35464639022083916,0.6312478848414781,0.0,1.0,0.3607976981338745,False
rareness,0.14470596185221085,f1_region_2,λ=8,divtree_lambda8_region2,219,0.2916061978349066,0.3543726410793126,0.2997410297157207,0.0,1.0,0.3737367058482066,False
rareness,0.3161316631695532,fnr_region_2,λ=2,divtree_lambda2_region2,234,0.2850448758886695,0.3543002827455415,0.4879379760565039,0.0,0.9562169120604542,0.3798287770404419,False
rareness,0.3161316631695532,recall_region_2,λ=2,divtree_lambda2_region2,234,0.7149551241113307,0.3543002827455415,0.4879379760565039,0.04378308793954569,1.0,0.3798287770404419,False
rareness,0.2426635054621208,fnr_region_2,λ=8,divtree_lambda8_region2,213,0.635334243274311,0.3540950261209348,0.5611805915603384,0.0,0.96998583318224,0.375819346622807,False
rareness,0.2426635054621208,recall_region_2,λ=8,divtree_lambda8_region2,213,0.36466575672568885,0.3540950261209348,0.5611805915603384,0.03001416681775996,1.0,0.375819346622807,False
rareness,0.12021657594973335,f1_region_2,λ=2,divtree_lambda2_region2,232,0.2594294161423407,0.3540455976416912,0.4526024142478883,0.0,1.0,0.3766809924017986,False
noise,0.024069432106053914,f1_region_2,λ=2,divtree_lambda2_region2,221,0.45983522931344184,0.3537869774134648,0.5790559051994035,0.0,1.0,0.3538171385063605,False
data_size,208362.77391753628,f1_region_2,λ=0,divtree_lambda0,212,0.4077489973500427,0.35368091415314296,0.6462504033610851,0.0,1.0,0.3589606579052819,False
data_size,253368.11425203207,f1_region_2,λ=0,divtree_lambda0,216,0.4783364922887985,0.3536179485862167,0.5526150360031145,0.0,1.0,0.3589606579052819,False
data_size,43587.85544382496,f1_region_2,λ=2,divtree_lambda2_region2,211,0.3841051335301441,0.3527528157752165,0.6031900272209867,0.0,1.0,0.35299894724784936,False
rareness,0.3406210490720307,fnr_region_2,λ=0,divtree_lambda0,192,0.25929768597685277,0.35257669006759296,0.31219903741465677,0.0,1.0,0.3917487596737324,False
rareness,0.3406210490720307,recall_region_2,λ=0,divtree_lambda0,192,0.7407023140231471,0.35257669006759296,0.3121990374146567,0.0,1.0,0.3917487596737324,False
noise,3.026549586817165,f1_region_2,λ=0,divtree_lambda0,231,0.34203938061312067,0.3524672029509387,0.6040512052328629,0.0,1.0,0.3607976981338745,False
data_size,64450.92564416891,f1_region_2,λ=4,divtree_lambda4_region2,213,0.4268960809967932,0.3524331810735097,0.5964802766414571,0.0,1.0,0.35253465799871603,False
rareness,0.04674841824230089,fnr_region_2,λ=0,divtree_lambda0,245,0.7842683818002347,0.3524161118860905,0.3325714285714285,0.0,1.0,0.3917487596737324,False
rareness,0.04674841824230089,recall_region_2,λ=0,divtree_lambda0,245,0.21573161819976525,0.3524161118860905,0.3325714285714286,0.0,1.0,0.3917487596737324,False
rareness,0.1691953477546883,precision_region_2,λ=2,divtree_lambda2_region2,163,0.5417084926317539,0.3523096530032966,0.8078955526745956,0.15418362216911105,1.0,0.40591300028870575,False
rareness,0.12021657594973335,recall_region_2,λ=2,divtree_lambda2_region2,232,0.2454982886884634,0.35172167491111433,0.40510955422577827,0.0,1.0,0.3798287770404419,False
rareness,0.12021657594973335,fnr_region_2,λ=2,divtree_lambda2_region2,232,0.7545017113115368,0.3517216749111143,0.4051095542257783,0.0,1.0,0.3798287770404419,False
data_size,19936.00746568184,f1_region_2,λ=0,divtree_lambda0,244,0.35111275354786947,0.3513870527058516,0.6189735515133516,0.0,1.0,0.3589606579052819,False
intensity,0.2990006969801944,f1_region_2,λ=0,divtree_lambda0,196,0.39535110979002824,0.3512261287048676,0.6352840992628969,0.0,1.0,0.3584740301274495,False
rareness,0.3161316631695532,fnr_region_2,λ=8,divtree_lambda8_region2,234,0.29550582512295137,0.3512090275258799,0.6330100799029212,0.0,0.8997799174271232,0.375819346622807,False
rareness,0.3161316631695532,recall_region_2,λ=8,divtree_lambda8_region2,234,0.7044941748770488,0.3512090275258799,0.6330100799029214,0.1002200825728768,1.0,0.375819346622807,False
rareness,0.14470596185221085,fnr_region_2,λ=2,divtree_lambda2_region2,219,0.7464603645941329,0.35109436398309896,0.25064165891833257,0.0,1.0,0.3798287770404419,False
rareness,0.14470596185221085,recall_region_2,λ=2,divtree_lambda2_region2,219,0.25353963540586705,0.35109436398309896,0.25064165891833257,0.0,1.0,0.3798287770404419,False
intensity,0.3763920367806187,f1_region_2,λ=2,divtree_lambda2_region2,221,0.4072258508875922,0.35101004011138215,0.6096249688962246,0.0,1.0,0.35124055724434083,False
intensity,0.3763920367806187,f1_region_2,λ=4,divtree_lambda4_region2,221,0.4140706247841828,0.3509255865956056,0.5903636118759398,0.0,1.0,0.3509695534361159,False
noise,0.06781953893881253,f1_region_2,λ=0,divtree_lambda0,206,0.4201445827055891,0.3509009699876695,0.6262085117663351,0.0,1.0,0.3607976981338745,False
intensity,0.5316095394193532,f1_region_2,λ=0,divtree_lambda0,233,0.4588565619768281,0.3508365737990246,0.6356893530908417,0.0,1.0,0.3584740301274495,False
rareness,0.21817411955964328,f1_region_2,λ=0,divtree_lambda0,220,0.3004283081428924,0.35043883092691164,0.4165150974608458,0.0,1.0,0.3684886277994117,False
rareness,0.3161316631695532,fnr_region_2,λ=4,divtree_lambda4_region2,234,0.30174461933583796,0.3502187621463617,0.6052403218793699,0.0,0.9037070468357634,0.37789458136097254,False
rareness,0.3161316631695532,recall_region_2,λ=4,divtree_lambda4_region2,234,0.698255380664162,0.3502187621463617,0.6052403218793698,0.09629295316423658,1.0,0.37789458136097254,False
rareness,0.1691953477546883,fnr_region_2,λ=8,divtree_lambda8_region2,228,0.7158160915388652,0.3501764799281752,0.5017733397592798,0.0,1.0,0.375819346622807,False
rareness,0.1691953477546883,recall_region_2,λ=8,divtree_lambda8_region2,228,0.28418390846113484,0.3501764799281752,0.5017733397592798,0.0,1.0,0.375819346622807,False
noise,0.09578948302920401,f1_region_2,λ=0,divtree_lambda0,216,0.44339779277638125,0.35008437333993336,0.6085333338487839,0.0,1.0,0.3607976981338745,False
noise,0.01206534794533958,f1_region_2,λ=8,divtree_lambda8_region2,226,0.48722383285384546,0.34963100212658377,0.5784858972976591,0.0,1.0,0.3497675285395157,False
noise,0.760494028068737,f1_region_2,λ=4,divtree_lambda4_region2,245,0.42629851018223724,0.3494887340681143,0.6140257231590411,0.0,1.0,0.34964159360563196,False
data_size,374641.26936243696,f1_region_2,λ=0,divtree_lambda0,231,0.4885377307475978,0.3494593433679472,0.6115131763010071,0.0,1.0,0.3589606579052819,False
rareness,0.14470596185221085,f1_region_2,λ=0,divtree_lambda0,219,0.23302596073836743,0.3494028515517908,0.2550965955521155,0.0,1.0,0.3684886277994117,False
rareness,0.1691953477546883,f1_region_2,λ=8,divtree_lambda8_region2,228,0.30662312711792533,0.34924745151752823,0.395452666754136,0.0,1.0,0.3737367058482066,False
intensity,0.2990006969801944,f1_region_2,λ=2,divtree_lambda2_region2,196,0.41053763072173977,0.3490978980125799,0.6139042172873524,0.0,1.0,0.35124055724434083,False
data_size,53002.61908810494,f1_region_2,λ=2,divtree_lambda2_region2,231,0.43385569985482697,0.3490218733358625,0.5634065644403475,0.0,1.0,0.35299894724784936,False
data_size,95299.98147634632,f1_region_2,λ=0,divtree_lambda0,199,0.40247361393616,0.3488699614446633,0.6417469487171995,0.0,1.0,0.3589606579052819,False
rareness,0.1691953477546883,precision_region_2,λ=0,divtree_lambda0,143,0.5860530010452265,0.3487591896085831,0.7600408337396392,0.1610640379101938,1.0,0.3970608242769601,False
intensity,0.21169951438065343,f1_region_2,λ=2,divtree_lambda2_region2,251,0.3835092943466328,0.34873544430138353,0.5614210161203178,0.0,1.0,0.35124055724434083,False
noise,0.5384344159537604,f1_region_2,λ=4,divtree_lambda4_region2,220,0.4345883058496218,0.3484097811436938,0.5835950866724039,0.0,1.0,0.34964159360563196,False
rareness,0.2671528913645983,fnr_region_2,TwoStep (recall),twostep_recall,240,0.31468118093353564,0.348400141681265,0.6351686040072765,0.0,1.0,0.3486937994511189,False
rareness,0.2671528913645983,recall_region_2,TwoStep (recall),twostep_recall,240,0.6853188190664644,0.348400141681265,0.6351686040072765,0.0,1.0,0.3486937994511189,False
data_size,253368.11425203207,f1_region_2,λ=2,divtree_lambda2_region2,216,0.4858902694163504,0.3483548147335941,0.5533960071043825,0.0,1.0,0.35299894724784936,False
intensity,0.18868429297579686,f1_region_2,λ=0,divtree_lambda0,239,0.35245923543059654,0.34831499127559773,0.6001071321417764,0.0,1.0,0.3584740301274495,False
rareness,0.1691953477546883,precision_region_2,λ=8,divtree_lambda8_region2,192,0.506956823276192,0.3482500917587698,0.7548921235380583,0.1441491503484325,1.0,0.3933268879194818,False
data_size,208362.77391753628,f1_region_2,λ=2,divtree_lambda2_region2,212,0.419392256420948,0.34819067954541627,0.5853241682831634,0.0,1.0,0.35299894724784936,False
rareness,0.14470596185221085,f1_region_2,λ=2,divtree_lambda2_region2,219,0.2609108726985637,0.3481750469424463,0.2819807264118232,0.0,1.0,0.3766809924017986,False
data_size,43587.85544382496,f1_region_2,λ=8,divtree_lambda8_region2,211,0.3997658166449689,0.34808105904596875,0.5771879624887463,0.0,1.0,0.3488068880111833,False
noise,0.760494028068737,f1_region_2,λ=0,divtree_lambda0,245,0.40867308703663,0.3478690463717862,0.6500827184794291,0.0,1.0,0.3607976981338745,False
noise,0.13529471303661472,f1_region_2,λ=4,divtree_lambda4_region2,234,0.46252237155380416,0.3477361736819689,0.5863166393733199,0.0,1.0,0.34964159360563196,False
intensity,0.6692077956169817,f1_region_2,λ=0,divtree_lambda0,209,0.4449005116660311,0.347544131115687,0.5874966029839389,0.0,1.0,0.3584740301274495,False
rareness,0.19368473365716582,fnr_region_2,λ=0,divtree_lambda0,248,0.7612714377780565,0.3472253829481044,0.3629204192914547,0.0,1.0,0.3917487596737324,False
rareness,0.19368473365716582,recall_region_2,λ=0,divtree_lambda0,248,0.2387285622219435,0.3472253829481044,0.3629204192914548,0.0,1.0,0.3917487596737324,False
noise,0.13529471303661472,f1_region_2,λ=8,divtree_lambda8_region2,234,0.46928022701741007,0.3470385036532585,0.58467463539406,0.0,1.0,0.3497675285395157,False
data_size,35845.419997710356,f1_region_2,λ=0,divtree_lambda0,189,0.3584960072010678,0.3468078593130147,0.594023760950438,0.0,1.0,0.3589606579052819,False
noise,0.760494028068737,f1_region_2,λ=8,divtree_lambda8_region2,245,0.4318482838006527,0.3467611676647718,0.6321719598178074,0.0,1.0,0.3497675285395157,False
data_size,140914.75612831092,f1_region_2,λ=0,divtree_lambda0,222,0.4307989195792449,0.3467608197266885,0.6449179785853262,0.0,1.0,0.3589606579052819,False
intensity,0.10612438439422897,f1_region_2,λ=2,divtree_lambda2_region2,226,0.34325052792475486,0.34675127511841336,0.5344750203074058,0.0,1.0,0.35124055724434083,False
noise,0.5384344159537604,f1_region_2,λ=2,divtree_lambda2_region2,220,0.43728224021227347,0.34660060844003215,0.5685953960919572,0.0,1.0,0.3538171385063605,False
noise,2.142815589586332,f1_region_2,λ=0,divtree_lambda0,205,0.353688169554798,0.34658279556706995,0.5913693288374926,0.0,1.0,0.3607976981338745,False
rareness,0.14470596185221085,fnr_region_2,λ=4,divtree_lambda4_region2,219,0.731404411154819,0.34648593442823195,0.26410307745699657,0.0,1.0,0.37789458136097254,False
rareness,0.14470596185221085,recall_region_2,λ=4,divtree_lambda4_region2,219,0.26859558884518103,0.34648593442823195,0.26410307745699657,0.0,1.0,0.37789458136097254,False
noise,0.06781953893881253,f1_region_2,λ=2,divtree_lambda2_region2,206,0.43273091546443737,0.3462708724289221,0.5715486130735156,0.0,1.0,0.3538171385063605,False
rareness,0.14470596185221085,f1_region_2,λ=4,divtree_lambda4_region2,219,0.27995126343824694,0.3461064130574406,0.33534634925445317,0.0,1.0,0.37882363801075863,False
noise,0.760494028068737,f1_region_2,λ=2,divtree_lambda2_region2,245,0.4249822157099374,0.346058832873144,0.6162221313224782,0.0,1.0,0.3538171385063605,False
data_size,374641.26936243696,f1_region_2,λ=2,divtree_lambda2_region2,231,0.4970190916528726,0.3460387834981463,0.6063117402214697,0.0,1.0,0.35299894724784936,False
intensity,0.2664944002069672,f1_region_2,λ=0,divtree_lambda0,218,0.4198953457461995,0.3459475577846143,0.6407092279927358,0.0,1.0,0.3584740301274495,False
noise,0.19109257923523043,f1_region_2,λ=2,divtree_lambda2_region2,207,0.4667906163907767,0.3458654417873595,0.5667508459985733,0.0,1.0,0.3538171385063605,False
noise,0.09578948302920401,f1_region_2,λ=4,divtree_lambda4_region2,216,0.4616017620095987,0.34580448117841117,0.5785410714099227,0.0,1.0,0.34964159360563196,False
intensity,0.5316095394193532,f1_region_2,λ=2,divtree_lambda2_region2,233,0.47041729062744264,0.34577790542529535,0.5929584598432579,0.0,1.0,0.35124055724434083,False
intensity,0.3354720276494002,f1_region_2,λ=0,divtree_lambda0,204,0.4309304698032134,0.345426300559431,0.6151345717264814,0.0,1.0,0.3584740301274495,False
rareness,0.3406210490720307,fnr_region_2,λ=2,divtree_lambda2_region2,192,0.26184482293110894,0.34535597101507765,0.3878625771382419,0.0,0.9630449031395285,0.3798287770404419,False
rareness,0.3406210490720307,recall_region_2,λ=2,divtree_lambda2_region2,192,0.738155177068891,0.34535597101507765,0.387862577138242,0.03695509686047105,1.0,0.3798287770404419,False
intensity,0.2375220728879286,f1_region_2,λ=0,divtree_lambda0,226,0.40763431704876973,0.3453362377940446,0.6299733057460101,0.0,1.0,0.3584740301274495,False
rareness,0.2426635054621208,f1_region_2,λ=0,divtree_lambda0,213,0.33194607344716043,0.34514797966273747,0.5336080350244656,0.0,1.0,0.3684886277994117,False
intensity,0.2990006969801944,f1_region_2,λ=8,divtree_lambda8_region2,196,0.4297435980538363,0.3450968896587546,0.5675092249211053,0.0,1.0,0.3452925682792211,False
intensity,0.1681712049266273,f1_region_2,λ=0,divtree_lambda0,211,0.37164254109804323,0.34505410639036044,0.6144224432405221,0.0,1.0,0.3584740301274495,False
data_size,95299.98147634632,f1_region_2,λ=2,divtree_lambda2_region2,199,0.41873071942704365,0.34472796930999894,0.5903180336321976,0.0,1.0,0.35299894724784936,False
data_size,115884.31148680957,f1_region_2,λ=0,divtree_lambda0,236,0.4268812066680134,0.3446593749563807,0.638725548869423,0.0,1.0,0.3589606579052819,False
data_size,53002.61908810494,f1_region_2,λ=8,divtree_lambda8_region2,231,0.4463425950220285,0.3446093227709893,0.5443297731070104,0.0,1.0,0.3488068880111833,False
noise,0.09578948302920401,f1_region_2,λ=8,divtree_lambda8_region2,216,0.4676403577169611,0.34442933182592594,0.568996178532631,0.0,1.0,0.3497675285395157,False
noise,0.04801664771977973,f1_region_2,λ=0,divtree_lambda0,227,0.46151949867640873,0.34428026298695014,0.5281583384588922,0.0,1.0,0.3607976981338745,False
intensity,0.2990006969801944,f1_region_2,TwoStep (tuned),twostep_tuned,196,0.4243205070596977,0.3442718927870797,0.5849815924208546,0.0,1.0,0.3442966324839895,False
noise,0.38121485453303716,f1_region_2,λ=2,divtree_lambda2_region2,211,0.4493265138476785,0.3441654214934268,0.5832151281529326,0.0,1.0,0.3538171385063605,False
intensity,0.2990006969801944,f1_region_2,λ=4,divtree_lambda4_region2,196,0.42170914558452716,0.3438471328292868,0.5760827168299303,0.0,1.0,0.3509695534361159,False
intensity,0.21169951438065343,f1_region_2,λ=4,divtree_lambda4_region2,251,0.391150516936163,0.34366439217658523,0.553551324844318,0.0,1.0,0.3509695534361159,False
noise,1.5171265228807906,f1_region_2,λ=2,divtree_lambda2_region2,224,0.39879041835759244,0.3436198499937553,0.5624723403639756,0.0,1.0,0.3538171385063605,False
noise,0.09578948302920401,f1_region_2,λ=2,divtree_lambda2_region2,216,0.4601955364510616,0.34357724425739,0.566137537031685,0.0,1.0,0.3538171385063605,False
noise,0.19109257923523043,f1_region_2,λ=4,divtree_lambda4_region2,207,0.47029542528899315,0.34349222619162817,0.5521119705371695,0.0,1.0,0.34964159360563196,False
noise,0.760494028068737,f1_region_2,TwoStep (tuned),twostep_tuned,245,0.4258836148165864,0.3431345360280404,0.5624586010429142,0.0,1.0,0.34331462425450227,False
data_size,253368.11425203207,f1_region_2,λ=8,divtree_lambda8_region2,216,0.4993205060259321,0.34312279238927446,0.5665666538359655,0.0,1.0,0.3488068880111833,False
noise,0.26990244496021376,f1_region_2,λ=0,divtree_lambda0,230,0.4670048459323476,0.3431205055770039,0.5799329536748401,0.0,1.0,0.3607976981338745,False
data_size,53002.61908810494,f1_region_2,λ=4,divtree_lambda4_region2,231,0.4456859496175445,0.34308431500523295,0.5168194564440225,0.0,1.0,0.35253465799871603,False
data_size,374641.26936243696,f1_region_2,λ=4,divtree_lambda4_region2,231,0.5046435515008015,0.3430591580048833,0.5735906170850236,0.0,1.0,0.35253465799871603,False
rareness,0.1691953477546883,recall_region_2,λ=4,divtree_lambda4_region2,228,0.26517517608456864,0.343049815564106,0.4158535176854545,0.0,1.0,0.37789458136097254,False
rareness,0.1691953477546883,fnr_region_2,λ=4,divtree_lambda4_region2,228,0.7348248239154314,0.34304981556410596,0.41585351768545453,0.0,1.0,0.37789458136097254,False
data_size,208362.77391753628,f1_region_2,λ=4,divtree_lambda4_region2,212,0.43204731176335354,0.34285343181408723,0.5472548868253386,0.0,1.0,0.35253465799871603,False
intensity,0.6692077956169817,f1_region_2,λ=2,divtree_lambda2_region2,209,0.4558551819570842,0.3426549336852808,0.5679695014500372,0.0,1.0,0.35124055724434083,False
intensity,0.5964538942816824,f1_region_2,λ=0,divtree_lambda0,217,0.40425324025229126,0.34262930726402935,0.623507129458533,0.0,1.0,0.3584740301274495,False
intensity,0.5964538942816824,f1_region_2,λ=2,divtree_lambda2_region2,217,0.4174852881194845,0.34261105433149125,0.595251190132017,0.0,1.0,0.35124055724434083,False
rareness,0.3406210490720307,fnr_region_2,λ=4,divtree_lambda4_region2,192,0.24972843535415098,0.34238276279704716,0.37117403030429696,0.0,0.9123074768456239,0.37789458136097254,False
rareness,0.3406210490720307,recall_region_2,λ=4,divtree_lambda4_region2,192,0.750271564645849,0.34238276279704716,0.37117403030429696,0.08769252315437602,1.0,0.37789458136097254,False
rareness,0.09572719004725587,precision_region_2,TwoStep (tuned),twostep_tuned,158,0.5098473933303984,0.3421995450270097,0.625277751750158,0.0,1.0,0.34421405595942656,False
rareness,0.1691953477546883,f1_region_2,λ=2,divtree_lambda2_region2,228,0.26898636894121725,0.3421749182224248,0.34204622978790555,0.0,1.0,0.3766809924017986,False
intensity,0.5316095394193532,f1_region_2,TwoStep (tuned),twostep_tuned,233,0.4297195747021875,0.3420409641580723,0.5662561187529779,0.0,1.0,0.3442966324839895,False
intensity,0.18868429297579686,f1_region_2,λ=2,divtree_lambda2_region2,239,0.36406662687367003,0.3419166312035403,0.5753682289726312,0.0,1.0,0.35124055724434083,False
intensity,0.5316095394193532,f1_region_2,λ=8,divtree_lambda8_region2,233,0.48143297486022985,0.3418838480594548,0.5658382295621545,0.0,1.0,0.3452925682792211,False
data_size,19936.00746568184,f1_region_2,TwoStep (tuned),twostep_tuned,244,0.4026708670729863,0.34172348661769086,0.5493998780556343,0.0,1.0,0.34179640817242274,False
sparsity,3.0,fnr_region_2,TwoStep (recall),twostep_recall,752,0.4123362769178318,0.3417108473189,0.6262668588347858,0.0,1.0,0.4763170750164102,False
sparsity,3.0,recall_region_2,TwoStep (recall),twostep_recall,752,0.5876637230821682,0.3417108473189,0.6262668588347858,0.0,1.0,0.4763170750164102,False
sparsity,2.0,fnr_region_2,λ=0,divtree_lambda0,740,0.42618934359016797,0.3416503909696939,0.5865927764781995,0.0,1.0,0.431952710435421,False
sparsity,2.0,recall_region_2,λ=0,divtree_lambda0,740,0.5738106564098321,0.3416503909696939,0.5865927764781996,0.0,1.0,0.431952710435421,False
rareness,0.1691953477546883,precision_region_2,λ=4,divtree_lambda4_region2,179,0.5204728388884776,0.34164606738344244,0.7213392572100787,0.1527667984189723,1.0,0.40481784666359927,False
data_size,140914.75612831092,f1_region_2,TwoStep (tuned),twostep_tuned,222,0.4392752676482989,0.34160849246490477,0.5786621314695903,0.0,1.0,0.34179640817242274,False
noise,1.0741348427807047,f1_region_2,TwoStep (tuned),twostep_tuned,204,0.4451319445955433,0.3414328003021313,0.5831875286856893,0.0,1.0,0.34331462425450227,False
intensity,0.8424210637824314,f1_region_2,λ=0,divtree_lambda0,220,0.4245137190619259,0.34138749121426737,0.6185721614269649,0.0,1.0,0.3584740301274495,False
noise,0.38121485453303716,f1_region_2,λ=4,divtree_lambda4_region2,211,0.45402061304161445,0.3412342113844442,0.5513259996040447,0.0,1.0,0.34964159360563196,False
data_size,16394.80890739932,f1_region_2,λ=0,divtree_lambda0,231,0.3253590566087554,0.34104384328921683,0.6098835132176885,0.0,1.0,0.3589606579052819,False
data_size,19936.00746568184,f1_region_2,λ=2,divtree_lambda2_region2,244,0.37191517103148025,0.3408476245547192,0.6137686921271573,0.0,1.0,0.35299894724784936,False
data_size,374641.26936243696,f1_region_2,λ=8,divtree_lambda8_region2,231,0.5060831001913682,0.34076654807056816,0.5625070060608056,0.0,1.0,0.3488068880111833,False
rareness,0.19368473365716582,fnr_region_2,λ=8,divtree_lambda8_region2,248,0.7213665672896877,0.34073788862773585,0.20913706955796707,0.0,1.0,0.375819346622807,False
rareness,0.19368473365716582,recall_region_2,λ=8,divtree_lambda8_region2,248,0.2786334327103123,0.34073788862773585,0.20913706955796704,0.0,1.0,0.375819346622807,False
rareness,0.09572719004725587,precision_region_2,TwoStep (recall),twostep_recall,154,0.503985019060357,0.3406907976597999,0.609984158407259,0.05606060606060607,1.0,0.34299908832738524,False
rareness,0.1691953477546883,f1_region_2,λ=4,divtree_lambda4_region2,228,0.2875387291855445,0.34067516359995076,0.3539567784748373,0.0,1.0,0.37882363801075863,False
noise,6.037731371322748,fnr_region_2,TwoStep (tuned),twostep_tuned,214,0.6808323790476749,0.3405930384354553,0.5591363024347102,0.0,1.0,0.41432396846810765,False
noise,6.037731371322748,recall_region_2,TwoStep (tuned),twostep_tuned,214,0.31916762095232487,0.3405930384354553,0.5591363024347102,0.0,1.0,0.41432396846810765,False
data_size,253368.11425203207,f1_region_2,λ=4,divtree_lambda4_region2,216,0.4930444383604365,0.34056759042707957,0.5531264803049956,0.0,1.0,0.35253465799871603,False
intensity,0.5316095394193532,f1_region_2,λ=4,divtree_lambda4_region2,233,0.4745977700508307,0.3403621903748304,0.5460882198126118,0.0,1.0,0.3509695534361159,False
intensity,0.2664944002069672,f1_region_2,λ=8,divtree_lambda8_region2,218,0.4418958472547604,0.34019573857036756,0.5735346028971473,0.0,1.0,0.3452925682792211,False
noise,0.38121485453303716,f1_region_2,λ=0,divtree_lambda0,211,0.441718460650614,0.34018309626425963,0.58808856511138,0.0,1.0,0.3607976981338745,False
data_size,115884.31148680957,f1_region_2,λ=2,divtree_lambda2_region2,236,0.43686225296653663,0.34016934277684857,0.5530215186516292,0.0,1.0,0.35299894724784936,False
data_size,208362.77391753628,f1_region_2,λ=8,divtree_lambda8_region2,212,0.44375278975346655,0.340139303276079,0.5261192887358884,0.0,1.0,0.3488068880111833,False
noise,0.38121485453303716,f1_region_2,λ=8,divtree_lambda8_region2,211,0.4606186543300535,0.34013188123700316,0.5505597842959291,0.0,1.0,0.3497675285395157,False
rareness,0.1691953477546883,fnr_region_2,λ=2,divtree_lambda2_region2,228,0.753782276374082,0.3401062770052174,0.3433632412650198,0.0,1.0,0.3798287770404419,False
rareness,0.1691953477546883,recall_region_2,λ=2,divtree_lambda2_region2,228,0.246217723625918,0.3401062770052174,0.34336324126501977,0.0,1.0,0.3798287770404419,False
intensity,0.6692077956169817,f1_region_2,λ=8,divtree_lambda8_region2,209,0.47273315679805494,0.3401056169702305,0.5863634077681934,0.0,1.0,0.3452925682792211,False
noise,0.01704130491500777,f1_region_2,λ=0,divtree_lambda0,224,0.39148629371963434,0.34008907334606386,0.6207637426828778,0.0,1.0,0.3607976981338745,False
rareness,0.1691953477546883,f1_region_2,λ=0,divtree_lambda0,228,0.2375882794326061,0.3399701836772954,0.26305524222323806,0.0,1.0,0.3684886277994117,False
intensity,0.10612438439422897,f1_region_2,λ=4,divtree_lambda4_region2,226,0.3596458546513258,0.3398953852189519,0.4771478496276712,0.0,1.0,0.3509695534361159,False
noise,1.5171265228807906,f1_region_2,λ=8,divtree_lambda8_region2,224,0.40138412007800256,0.33973311737509154,0.5203568368987322,0.0,1.0,0.3497675285395157,False
data_size,95299.98147634632,f1_region_2,λ=4,divtree_lambda4_region2,199,0.4228410766042534,0.33968965062046674,0.5479703251847101,0.0,1.0,0.35253465799871603,False
intensity,0.10612438439422897,f1_region_2,λ=8,divtree_lambda8_region2,226,0.36786061025435024,0.3395727089382025,0.48850806535646407,0.0,1.0,0.3452925682792211,False
noise,0.04801664771977973,f1_region_2,λ=2,divtree_lambda2_region2,227,0.4721077786740701,0.3395195425376821,0.5259947443835802,0.0,1.0,0.3538171385063605,False
intensity,0.5964538942816824,f1_region_2,λ=8,divtree_lambda8_region2,217,0.43859773573288613,0.3394205626553474,0.5557378439984741,0.0,1.0,0.3452925682792211,False
intensity,0.47381483315153217,f1_region_2,λ=0,divtree_lambda0,230,0.4218025488660023,0.3392346735759705,0.6103115719041838,0.0,1.0,0.3584740301274495,False
data_size,140914.75612831092,f1_region_2,λ=2,divtree_lambda2_region2,222,0.4394637529223955,0.33919170468586546,0.5570181244391619,0.0,1.0,0.35299894724784936,False
data_size,115884.31148680957,f1_region_2,λ=4,divtree_lambda4_region2,236,0.4351920583091754,0.3390296925509913,0.5628403160901483,0.0,1.0,0.35253465799871603,False
intensity,0.8424210637824314,f1_region_2,λ=2,divtree_lambda2_region2,220,0.4365173947714881,0.3390037774410632,0.5860989785319599,0.0,1.0,0.35124055724434083,False
rareness,0.3406210490720307,fnr_region_2,λ=8,divtree_lambda8_region2,192,0.24599593518988816,0.33898613479242634,0.3867155816637589,0.0,0.8991742292376634,0.375819346622807,False
rareness,0.3406210490720307,recall_region_2,λ=8,divtree_lambda8_region2,192,0.754004064810112,0.33898613479242634,0.38671558166375886,0.10082577076233652,1.0,0.375819346622807,False
intensity,0.6692077956169817,f1_region_2,λ=4,divtree_lambda4_region2,209,0.465183687895662,0.33892583377764923,0.5857452677335963,0.0,1.0,0.3509695534361159,False
rareness,0.21817411955964328,precision_region_2,λ=0,divtree_lambda0,147,0.5416860931150776,0.33881277399425686,0.7648374340811198,0.2077280726127628,1.0,0.3970608242769601,False
noise,0.01704130491500777,f1_region_2,TwoStep (tuned),twostep_tuned,224,0.4500810784327442,0.33869668216552296,0.5459795995166784,0.0,1.0,0.34331462425450227,False
noise,0.04801664771977973,f1_region_2,λ=4,divtree_lambda4_region2,227,0.4823956060466993,0.33854589773178023,0.5515497950843666,0.0,1.0,0.34964159360563196,False
noise,0.26990244496021376,f1_region_2,λ=4,divtree_lambda4_region2,230,0.49386851165018675,0.3385273793291982,0.5497337713237803,0.0,1.0,0.34964159360563196,False
data_size,78372.01043754505,f1_region_2,λ=0,divtree_lambda0,202,0.4154090571676445,0.3384327220777754,0.6213364521959143,0.0,1.0,0.3589606579052819,False
noise,0.04801664771977973,f1_region_2,λ=8,divtree_lambda8_region2,227,0.4900458150234308,0.3382609693250342,0.5767053356249875,0.0,1.0,0.3497675285395157,False
intensity,0.21169951438065343,f1_region_2,λ=8,divtree_lambda8_region2,251,0.401694821322683,0.3381656359302369,0.5402361591163634,0.0,1.0,0.3452925682792211,False
data_size,171351.654420983,f1_region_2,λ=0,divtree_lambda0,203,0.4578939271858749,0.33815610264719226,0.5702511494471058,0.0,1.0,0.3589606579052819,False
intensity,0.1498882271567853,f1_region_2,λ=8,divtree_lambda8_region2,212,0.4241766359778701,0.33815399732827817,0.49699046400543917,0.0,1.0,0.3452925682792211,False
rareness,0.21817411955964328,f1_region_2,λ=2,divtree_lambda2_region2,220,0.33159018399181367,0.3380447345842173,0.4227655781671441,0.0,1.0,0.3766809924017986,False
noise,0.26990244496021376,f1_region_2,λ=2,divtree_lambda2_region2,230,0.4815796120242551,0.337987341834616,0.5350942713002917,0.0,1.0,0.3538171385063605,False
noise,0.19109257923523043,f1_region_2,λ=8,divtree_lambda8_region2,207,0.48427806457950834,0.33797954047311646,0.5545723366172464,0.0,1.0,0.3497675285395157,False
rareness,0.3161316631695532,fnr_region_2,λ=0,divtree_lambda0,234,0.2551535334598031,0.3378923613499106,0.2667185216372725,0.0,1.0,0.3917487596737324,False
rareness,0.3161316631695532,recall_region_2,λ=0,divtree_lambda0,234,0.7448464665401969,0.3378923613499106,0.2667185216372725,0.0,1.0,0.3917487596737324,False
noise,2.142815589586332,f1_region_2,λ=2,divtree_lambda2_region2,205,0.3656214103054004,0.33778500123905936,0.575039213190044,0.0,1.0,0.3538171385063605,False
intensity,0.5964538942816824,f1_region_2,λ=4,divtree_lambda4_region2,217,0.43231632189251396,0.3376448518277595,0.5780130171758026,0.0,1.0,0.3509695534361159,False
data_size,35845.419997710356,f1_region_2,λ=2,divtree_lambda2_region2,189,0.37358605337924017,0.3376004868567575,0.5717513310040864,0.0,1.0,0.35299894724784936,False
data_size,24242.087597150792,f1_region_2,λ=0,divtree_lambda0,233,0.3644112752959486,0.33754733868808806,0.5989667896678966,0.0,1.0,0.3589606579052819,False
noise,4.274750681290067,f1_region_2,λ=0,divtree_lambda0,224,0.3264141611553493,0.3373540193634819,0.5800636310005216,0.0,1.0,0.3607976981338745,False
intensity,0.7508360294199752,f1_region_2,TwoStep (tuned),twostep_tuned,230,0.4259745804634355,0.3371575568501407,0.5507281458554798,0.0,1.0,0.3442966324839895,False
noise,1.5171265228807906,f1_region_2,λ=4,divtree_lambda4_region2,224,0.40549767455549196,0.3371363619997022,0.5095509127077581,0.0,1.0,0.34964159360563196,False
intensity,0.3354720276494002,f1_region_2,λ=2,divtree_lambda2_region2,204,0.4455548399106633,0.33696080776911286,0.5383610251134935,0.0,1.0,0.35124055724434083,False
data_size,95299.98147634632,f1_region_2,λ=8,divtree_lambda8_region2,199,0.42575282648765544,0.33685816571605787,0.5458406725363429,0.0,1.0,0.3488068880111833,False
rareness,0.19368473365716582,fnr_region_2,λ=2,divtree_lambda2_region2,248,0.7514804749430245,0.336856198791311,0.2261111451672435,0.0,1.0,0.3798287770404419,False
rareness,0.19368473365716582,recall_region_2,λ=2,divtree_lambda2_region2,248,0.24851952505697555,0.33685619879131096,0.22611114516724345,0.0,1.0,0.3798287770404419,False
rareness,0.1691953477546883,fnr_region_2,λ=0,divtree_lambda0,228,0.7832964306519213,0.33677663349957054,0.20966508921078975,0.0,1.0,0.3917487596737324,False
rareness,0.1691953477546883,recall_region_2,λ=0,divtree_lambda0,228,0.2167035693480785,0.33677663349957054,0.20966508921078975,0.0,1.0,0.3917487596737324,False
intensity,0.8424210637824314,f1_region_2,λ=8,divtree_lambda8_region2,220,0.4418992546521227,0.3367106783862851,0.566388523919851,0.0,1.0,0.3452925682792211,False
data_size,140914.75612831092,f1_region_2,λ=4,divtree_lambda4_region2,222,0.4470630894307363,0.3366515018793066,0.537551857088078,0.0,1.0,0.35253465799871603,False
rareness,0.2426635054621208,f1_region_2,λ=2,divtree_lambda2_region2,213,0.35214488022563367,0.3365430930959667,0.49013943952026273,0.0,1.0,0.3766809924017986,False
data_size,19936.00746568184,f1_region_2,λ=4,divtree_lambda4_region2,244,0.3808595445506178,0.3363315870694769,0.5547957932985202,0.0,1.0,0.35253465799871603,False
noise,0.06781953893881253,f1_region_2,λ=4,divtree_lambda4_region2,206,0.4520076875949959,0.33616994911433423,0.5194987281801392,0.0,1.0,0.34964159360563196,False
rareness,0.21817411955964328,f1_region_2,λ=4,divtree_lambda4_region2,220,0.3450867748880032,0.33614768307484927,0.4852503639536367,0.0,1.0,0.37882363801075863,False
intensity,0.18868429297579686,f1_region_2,λ=4,divtree_lambda4_region2,239,0.3789751136766875,0.3360523358206158,0.4965384245064029,0.0,1.0,0.3509695534361159,False
rareness,0.21817411955964328,f1_region_2,λ=8,divtree_lambda8_region2,220,0.36091200851865013,0.33603278562258504,0.47517112541890333,0.0,1.0,0.3737367058482066,False
intensity,0.11906916196297226,f1_region_2,λ=0,divtree_lambda0,195,0.32996899995858614,0.33597726950056356,0.5640044193337471,0.0,1.0,0.3584740301274495,False
noise,0.06781953893881253,f1_region_2,λ=8,divtree_lambda8_region2,206,0.4551614755828274,0.33593347619451097,0.5367519017508331,0.0,1.0,0.3497675285395157,False
noise,0.26990244496021376,f1_region_2,λ=8,divtree_lambda8_region2,230,0.5096765002756006,0.33585660731337724,0.5550927943133891,0.0,1.0,0.3497675285395157,False
data_size,140914.75612831092,f1_region_2,λ=8,divtree_lambda8_region2,222,0.445746102314679,0.3357541259538588,0.5354513057962601,0.0,1.0,0.3488068880111833,False
intensity,0.2664944002069672,f1_region_2,λ=4,divtree_lambda4_region2,218,0.4385471189032809,0.33574883412843826,0.5673423055217369,0.0,1.0,0.3509695534361159,False
intensity,0.4223033626515117,f1_region_2,λ=0,divtree_lambda0,235,0.4327507712633191,0.33563865735054343,0.6512883106635982,0.0,1.0,0.3584740301274495,False
intensity,0.2664944002069672,f1_region_2,TwoStep (recall),twostep_recall,218,0.4006199854929943,0.33560974715290653,0.5781490236391411,0.0,1.0,0.33572519776697707,False
intensity,0.8424210637824314,f1_region_2,λ=4,divtree_lambda4_region2,220,0.44045034857435594,0.33558810103018305,0.5809948733544994,0.0,1.0,0.3509695534361159,False
rareness,0.19368473365716582,f1_region_2,λ=8,divtree_lambda8_region2,248,0.304040072914562,0.33558339068121096,0.27607345540707606,0.0,1.0,0.3737367058482066,False
noise,0.03399607980711228,f1_region_2,λ=0,divtree_lambda0,202,0.4403126542709065,0.3354356469419318,0.5871743063277259,0.0,1.0,0.3607976981338745,False
intensity,0.2664944002069672,f1_region_2,λ=2,divtree_lambda2_region2,218,0.43906862761327736,0.33536177936843065,0.5548915671620587,0.0,1.0,0.35124055724434083,False
noise,1.0741348427807047,f1_region_2,TwoStep (recall),twostep_recall,204,0.4385269484167066,0.3353345019024874,0.5678492276284322,0.0,1.0,0.33541338825174577,False
rareness,0.19368473365716582,precision_region_2,λ=2,divtree_lambda2_region2,184,0.5073841682931509,0.33528627242304015,0.6813251206912406,0.16843209421582067,1.0,0.40591300028870575,False
noise,1.0741348427807047,f1_region_2,λ=0,divtree_lambda0,204,0.42813346393934193,0.3351867861782941,0.6097776569941473,0.0,1.0,0.3607976981338745,False
data_size,171351.654420983,f1_region_2,λ=2,divtree_lambda2_region2,203,0.4687590201551881,0.3351147709191344,0.5010109912856413,0.0,1.0,0.35299894724784936,False
intensity,0.2375220728879286,f1_region_2,λ=2,divtree_lambda2_region2,226,0.42557933093329375,0.33500269275113587,0.5533449103655667,0.0,1.0,0.35124055724434083,False
rareness,0.19368473365716582,f1_region_2,λ=0,divtree_lambda0,248,0.24485337892595185,0.33496595011749525,0.320215653313658,0.0,1.0,0.3684886277994117,False
noise,3.026549586817165,f1_region_2,λ=2,divtree_lambda2_region2,231,0.3596214404752278,0.3348492404981952,0.5849422469398582,0.0,1.0,0.3538171385063605,False
noise,0.06781953893881253,f1_region_2,TwoStep (recall),twostep_recall,206,0.4622976408382193,0.3345110156964873,0.5121710502062626,0.0,1.0,0.33541338825174577,False
intensity,0.9451774034505906,f1_region_2,λ=0,divtree_lambda0,200,0.46093985668546705,0.33394617460795617,0.5018727140497858,0.0,1.0,0.3584740301274495,False
intensity,0.2990006969801944,f1_region_2,TwoStep (recall),twostep_recall,196,0.4137084744107882,0.3338734182065244,0.560206212384084,0.0,1.0,0.33572519776697707,False
intensity,0.2375220728879286,f1_region_2,λ=4,divtree_lambda4_region2,226,0.4242798411013859,0.33349033979892506,0.5443115538964624,0.0,1.0,0.3509695534361159,False
data_size,29478.2599815721,f1_region_2,λ=0,divtree_lambda0,239,0.34728552299310167,0.3332988321704912,0.5804173585794465,0.0,1.0,0.3589606579052819,False
rareness,0.19368473365716582,precision_region_2,λ=8,divtree_lambda8_region2,218,0.4782177864753891,0.33313981540114657,0.6066601440158013,0.17057757496740547,1.0,0.3933268879194818,False
rareness,0.12021657594973335,f1_region_2,TwoStep (tuned),twostep_tuned,232,0.22247176632809954,0.3329750852793371,0.29066454164248906,0.0,1.0,0.33485917844274565,False
rareness,0.12021657594973335,f1_region_2,TwoStep (recall),twostep_recall,232,0.22103048375002993,0.33290855724051327,0.2790407105704088,0.0,1.0,0.3347925455448858,False
intensity,0.1681712049266273,f1_region_2,λ=2,divtree_lambda2_region2,211,0.4035253018995605,0.3329015281973821,0.5349174374325609,0.0,1.0,0.35124055724434083,False
data_size,19936.00746568184,f1_region_2,TwoStep (recall),twostep_recall,244,0.39363201752970334,0.3328947812816561,0.5339109172959358,0.0,1.0,0.3333058759733296,False
data_size,78372.01043754505,f1_region_2,λ=8,divtree_lambda8_region2,202,0.4382778633665899,0.33280178742471184,0.5506400673434608,0.0,1.0,0.3488068880111833,False
noise,0.01704130491500777,f1_region_2,λ=2,divtree_lambda2_region2,224,0.4095316908778997,0.332714478223436,0.5495981791880513,0.0,1.0,0.3538171385063605,False
noise,1.0741348427807047,f1_region_2,λ=2,divtree_lambda2_region2,204,0.44541332191646904,0.33268421160761813,0.564203517834883,0.0,1.0,0.3538171385063605,False
data_size,78372.01043754505,f1_region_2,TwoStep (recall),twostep_recall,202,0.4386032093192056,0.3324964707100773,0.5023010563866418,0.0,1.0,0.3333058759733296,False
intensity,0.9451774034505906,f1_region_2,λ=8,divtree_lambda8_region2,200,0.47729155353808295,0.3323982095829565,0.5356547426951374,0.0,1.0,0.3452925682792211,False
noise,0.01704130491500777,f1_region_2,λ=4,divtree_lambda4_region2,224,0.40894566754622524,0.3322596203560042,0.5449200681686518,0.0,1.0,0.34964159360563196,False
data_size,115884.31148680957,f1_region_2,λ=8,divtree_lambda8_region2,236,0.4469180103644072,0.33175143148261416,0.5204294514950811,0.0,1.0,0.3488068880111833,False
noise,2.142815589586332,f1_region_2,λ=4,divtree_lambda4_region2,205,0.3730553833232771,0.33160139113526116,0.5300925799168181,0.0,1.0,0.34964159360563196,False
noise,0.01206534794533958,f1_region_2,TwoStep (tuned),twostep_tuned,226,0.4851753445060198,0.3315219590984036,0.5032911850842212,0.0,1.0,0.34331462425450227,False
rareness,0.21817411955964328,precision_region_2,λ=2,divtree_lambda2_region2,183,0.5014263145687188,0.3312908899791857,0.7270653064101138,0.20303367129638045,1.0,0.40591300028870575,False
intensity,0.3354720276494002,f1_region_2,λ=4,divtree_lambda4_region2,204,0.4612845803701921,0.3311604042499775,0.5305262509245017,0.0,1.0,0.3509695534361159,False
data_size,19936.00746568184,f1_region_2,λ=8,divtree_lambda8_region2,244,0.4016921931536092,0.3310440948118086,0.5408915991116895,0.0,1.0,0.3488068880111833,False
rareness,0.19368473365716582,precision_region_2,λ=0,divtree_lambda0,159,0.5324639745143211,0.3310086812791098,0.7796150808917326,0.17832663605051666,1.0,0.3970608242769601,False
data_size,13482.627330113071,f1_region_2,TwoStep (tuned),twostep_tuned,236,0.39528493462263237,0.3309954931501046,0.5642215697097045,0.0,1.0,0.34179640817242274,False
rareness,0.12021657594973335,recall_region_2,TwoStep (tuned),twostep_tuned,232,0.20142475189619963,0.3308017433472382,0.2493325674871033,0.0,1.0,0.33285228721563836,False
rareness,0.12021657594973335,fnr_region_2,TwoStep (tuned),twostep_tuned,232,0.7985752481038003,0.33080174334723816,0.24933256748710342,0.0,1.0,0.3328522872156383,False
data_size,29478.2599815721,f1_region_2,λ=2,divtree_lambda2_region2,239,0.3652226791400755,0.3307647198177598,0.6132631534608104,0.0,1.0,0.35299894724784936,False
intensity,0.18868429297579686,f1_region_2,λ=8,divtree_lambda8_region2,239,0.3885271336944775,0.3306654919506816,0.4917307167181308,0.0,1.0,0.3452925682792211,False
data_size,171351.654420983,f1_region_2,λ=4,divtree_lambda4_region2,203,0.47733169478863635,0.3306561777980612,0.48729447789156155,0.0,1.0,0.35253465799871603,False
rareness,0.19368473365716582,fnr_region_2,λ=4,divtree_lambda4_region2,248,0.7438849404714348,0.3305829800963332,0.22290678651414964,0.0,1.0,0.37789458136097254,False
rareness,0.19368473365716582,recall_region_2,λ=4,divtree_lambda4_region2,248,0.25611505952856517,0.3305829800963332,0.2229067865141496,0.0,1.0,0.37789458136097254,False
rareness,0.12021657594973335,fnr_region_2,TwoStep (recall),twostep_recall,232,0.7993939112120964,0.3305786868747841,0.24933256748710342,0.0,1.0,0.3486937994511189,False
rareness,0.12021657594973335,recall_region_2,TwoStep (recall),twostep_recall,232,0.2006060887879037,0.3305786868747841,0.2493325674871033,0.0,1.0,0.3486937994511189,False
noise,0.19109257923523043,f1_region_2,TwoStep (tuned),twostep_tuned,207,0.4971529042817258,0.33056068875148276,0.4496332063934208,0.0,1.0,0.34331462425450227,False
intensity,0.8424210637824314,f1_region_2,TwoStep (tuned),twostep_tuned,220,0.41972346864737403,0.3304865886322303,0.5761607786440497,0.0,1.0,0.3442966324839895,False
rareness,0.07123780414477837,precision_region_2,TwoStep (tuned),twostep_tuned,129,0.502295023174513,0.3303460594241729,0.629419327190915,0.0,1.0,0.34421405595942656,False
noise,0.024069432106053914,f1_region_2,TwoStep (tuned),twostep_tuned,221,0.4494500420872048,0.3302370526349444,0.542528633119934,0.0,1.0,0.34331462425450227,False
data_size,308094.3880361152,f1_region_2,λ=2,divtree_lambda2_region2,210,0.46923830645429004,0.330226836498848,0.5155790659186517,0.0,1.0,0.35299894724784936,False
rareness,0.19368473365716582,f1_region_2,λ=2,divtree_lambda2_region2,248,0.2670166466061493,0.33022008518421275,0.3133238955066501,0.0,1.0,0.3766809924017986,False
noise,1.0741348427807047,f1_region_2,λ=8,divtree_lambda8_region2,204,0.45439270919664204,0.3300119554912898,0.5577141983854079,0.0,1.0,0.3497675285395157,False
noise,0.26990244496021376,f1_region_2,TwoStep (tuned),twostep_tuned,230,0.5103087363785478,0.32992559139588146,0.4639832189901276,0.0,1.0,0.34331462425450227,False
data_size,35845.419997710356,f1_region_2,λ=4,divtree_lambda4_region2,189,0.38683269257447034,0.32983139492033553,0.5366961459586078,0.0,1.0,0.35253465799871603,False
data_size,53002.61908810494,f1_region_2,TwoStep (tuned),twostep_tuned,231,0.4172672217615406,0.32982157691095654,0.5550021585643953,0.0,1.0,0.34179640817242274,False
intensity,0.1681712049266273,f1_region_2,λ=4,divtree_lambda4_region2,211,0.4076071228726026,0.329814775673805,0.5063173916018586,0.0,1.0,0.3509695534361159,False
data_size,308094.3880361152,f1_region_2,λ=0,divtree_lambda0,210,0.4636973444361778,0.3298059568607585,0.5152642747775211,0.0,1.0,0.3589606579052819,False
data_size,253368.11425203207,f1_region_2,TwoStep (tuned),twostep_tuned,216,0.44857519695370435,0.3297827950142922,0.5308786187906347,0.0,1.0,0.34179640817242274,False
data_size,78372.01043754505,f1_region_2,λ=2,divtree_lambda2_region2,202,0.4226811967468826,0.3296437471352147,0.5536181681804351,0.0,1.0,0.35299894724784936,False
noise,1.0741348427807047,f1_region_2,λ=4,divtree_lambda4_region2,204,0.4477904965579016,0.3295006648218961,0.5475247138780664,0.0,1.0,0.34964159360563196,False
noise,0.01704130491500777,f1_region_2,λ=8,divtree_lambda8_region2,224,0.4169318164418828,0.3294166255959915,0.5357092648382238,0.0,1.0,0.3497675285395157,False
data_size,308094.3880361152,f1_region_2,λ=4,divtree_lambda4_region2,210,0.4746720791668568,0.3293383638254295,0.5147015372530687,0.0,1.0,0.35253465799871603,False
data_size,13482.627330113071,f1_region_2,λ=0,divtree_lambda0,236,0.3178791007054585,0.32922743263937077,0.5808056941624865,0.0,1.0,0.3589606579052819,False
intensity,0.5964538942816824,f1_region_2,TwoStep (tuned),twostep_tuned,217,0.4223703543376867,0.32908142351151926,0.5518160992777104,0.0,1.0,0.3442966324839895,False
rareness,0.21817411955964328,precision_region_2,λ=8,divtree_lambda8_region2,205,0.4911034086774949,0.3289450394599189,0.6838078083697865,0.2061491013896793,1.0,0.3933268879194818,False
intensity,0.4223033626515117,f1_region_2,λ=2,divtree_lambda2_region2,235,0.444262738297445,0.32883319083804974,0.5461871283401547,0.0,1.0,0.35124055724434083,False
intensity,0.9451774034505906,f1_region_2,λ=4,divtree_lambda4_region2,200,0.4692259839107284,0.32881545880735796,0.49037284853742696,0.0,1.0,0.3509695534361159,False
intensity,0.21169951438065343,f1_region_2,TwoStep (tuned),twostep_tuned,251,0.37730240336997306,0.32875296666052106,0.5558545667225563,0.0,1.0,0.3442966324839895,False
rareness,0.19368473365716582,precision_region_2,λ=4,divtree_lambda4_region2,203,0.48191728184174615,0.32867164107984603,0.6298877254557591,0.17106072874493927,1.0,0.40481784666359927,False
intensity,0.2375220728879286,f1_region_2,λ=8,divtree_lambda8_region2,226,0.43328120558711963,0.32859484048185245,0.49037251544697374,0.0,1.0,0.3452925682792211,False
data_size,64450.92564416891,f1_region_2,TwoStep (tuned),twostep_tuned,213,0.38784889271178835,0.3282723560530865,0.5176720880886286,0.0,1.0,0.34179640817242274,False
data_size,171351.654420983,f1_region_2,λ=8,divtree_lambda8_region2,203,0.4887985484532403,0.3282114026096784,0.488202594621848,0.0,1.0,0.3488068880111833,False
intensity,0.9451774034505906,f1_region_2,λ=2,divtree_lambda2_region2,200,0.46712738244480095,0.328176922011877,0.49661512005974806,0.0,1.0,0.35124055724434083,False
data_size,308094.3880361152,f1_region_2,λ=8,divtree_lambda8_region2,210,0.4805913815399483,0.32787519804556325,0.5227999186903458,0.0,1.0,0.3488068880111833,False
rareness,0.19368473365716582,f1_region_2,λ=4,divtree_lambda4_region2,248,0.2816007944318165,0.327695451554099,0.275790557971126,0.0,1.0,0.37882363801075863,False
noise,2.142815589586332,f1_region_2,λ=8,divtree_lambda8_region2,205,0.38236700532401197,0.32740713042725605,0.5040576455706998,0.0,1.0,0.3497675285395157,False
noise,3.026549586817165,f1_region_2,λ=4,divtree_lambda4_region2,231,0.36841028180911,0.3273012786730139,0.5096733185395719,0.0,1.0,0.34964159360563196,False
data_size,78372.01043754505,f1_region_2,λ=4,divtree_lambda4_region2,202,0.4310815409481023,0.32725281569554043,0.5198814933518229,0.0,1.0,0.35253465799871603,False
intensity,0.4223033626515117,f1_region_2,λ=4,divtree_lambda4_region2,235,0.4561089447166638,0.3270786115772906,0.5409502525726839,0.0,1.0,0.3509695534361159,False
intensity,0.13359290997532036,f1_region_2,λ=0,divtree_lambda0,226,0.32173381034499404,0.32706947543440734,0.5713849380576632,0.0,1.0,0.3584740301274495,False
intensity,0.3354720276494002,f1_region_2,λ=8,divtree_lambda8_region2,204,0.46273663158282985,0.3269593830939873,0.5203254468618128,0.0,1.0,0.3452925682792211,False
data_size,35845.419997710356,f1_region_2,λ=8,divtree_lambda8_region2,189,0.3928191123983003,0.3269355095375966,0.4982628810636682,0.0,1.0,0.3488068880111833,False
intensity,0.1681712049266273,f1_region_2,λ=8,divtree_lambda8_region2,211,0.408956840023572,0.3266829575750838,0.49418728443081766,0.0,1.0,0.3452925682792211,False
intensity,0.7508360294199752,f1_region_2,TwoStep (recall),twostep_recall,230,0.4110980244295806,0.3264725248912261,0.5569822419938177,0.0,1.0,0.33572519776697707,False
noise,0.01206534794533958,f1_region_2,TwoStep (recall),twostep_recall,226,0.4720968608013731,0.32645745987032115,0.4670328030236558,0.0,1.0,0.33541338825174577,False
data_size,95299.98147634632,f1_region_2,TwoStep (tuned),twostep_tuned,199,0.40462510355787495,0.3264419797349774,0.5441944035710765,0.0,1.0,0.34179640817242274,False
rareness,0.2426635054621208,f1_region_2,λ=4,divtree_lambda4_region2,213,0.36164018273175336,0.32635581023062077,0.44991489445486776,0.0,1.0,0.37882363801075863,False
data_size,16394.80890739932,f1_region_2,λ=2,divtree_lambda2_region2,231,0.3623572137500472,0.3262959485984216,0.5384017352531811,0.0,1.0,0.35299894724784936,False
rareness,0.2426635054621208,f1_region_2,λ=8,divtree_lambda8_region2,213,0.3789095757031256,0.326000768305772,0.4926671222774073,0.05542967385482499,1.0,0.3737367058482066,False
data_size,11087.731534380375,f1_region_2,λ=0,divtree_lambda0,220,0.33285637535294393,0.32590862249338665,0.5708374878685357,0.0,1.0,0.3589606579052819,False
data_size,29478.2599815721,f1_region_2,λ=4,divtree_lambda4_region2,239,0.37055051098515,0.32589782869074657,0.5399384137941149,0.0,1.0,0.35253465799871603,False
intensity,0.6692077956169817,f1_region_2,TwoStep (tuned),twostep_tuned,209,0.44642433597933956,0.32573252483260967,0.5129886350322203,0.0,1.0,0.3442966324839895,False
data_size,24242.087597150792,f1_region_2,λ=2,divtree_lambda2_region2,233,0.3842193207224418,0.32565392882984234,0.5116727791521805,0.0,1.0,0.35299894724784936,False
rareness,0.21817411955964328,precision_region_2,λ=4,divtree_lambda4_region2,196,0.4901614981378417,0.3256414043993394,0.6317783455613777,0.20447608884208207,1.0,0.40481784666359927,False
noise,0.13529471303661472,f1_region_2,TwoStep (tuned),twostep_tuned,234,0.4532092414420168,0.3256267939804236,0.522532327405977,0.0,1.0,0.34331462425450227,False
data_size,29478.2599815721,f1_region_2,λ=8,divtree_lambda8_region2,239,0.3903591399849055,0.32555102131272035,0.5365460321299709,0.0,1.0,0.3488068880111833,False
rareness,0.07123780414477837,precision_region_2,TwoStep (recall),twostep_recall,123,0.5045353098048398,0.3253999760805411,0.6150168753479606,0.0045454545454545695,1.0,0.34299908832738524,False
rareness,0.2426635054621208,fnr_region_2,TwoStep (recall),twostep_recall,213,0.6111883956957304,0.32530886954916993,0.4190093672297008,0.0,1.0,0.3486937994511189,False
rareness,0.2426635054621208,recall_region_2,TwoStep (recall),twostep_recall,213,0.38881160430426964,0.32530886954916993,0.41900936722970084,0.0,1.0,0.3486937994511189,False
intensity,0.4223033626515117,f1_region_2,λ=8,divtree_lambda8_region2,235,0.46577634213217534,0.32529409996430547,0.527751914881575,0.0,1.0,0.3452925682792211,False
noise,0.5384344159537604,f1_region_2,TwoStep (tuned),twostep_tuned,220,0.4164727932345537,0.3252265543477884,0.5614482806410452,0.0,1.0,0.34331462425450227,False
noise,0.03399607980711228,f1_region_2,λ=2,divtree_lambda2_region2,202,0.457012751349117,0.3251679987266947,0.5239185977294445,0.0,1.0,0.3538171385063605,False
intensity,0.47381483315153217,f1_region_2,λ=8,divtree_lambda8_region2,230,0.4448887485633601,0.32486377201684025,0.5210279170399491,0.0,1.0,0.3452925682792211,False
intensity,0.47381483315153217,f1_region_2,λ=4,divtree_lambda4_region2,230,0.44008872014035916,0.32484625190929894,0.5029080063089253,0.0,1.0,0.3509695534361159,False
rareness,0.1691953477546883,fnr_region_2,TwoStep (tuned),twostep_tuned,228,0.7581916320205271,0.3246486571364902,0.36479894126966095,0.0,1.0,0.3328522872156383,False
rareness,0.1691953477546883,recall_region_2,TwoStep (tuned),twostep_tuned,228,0.24180836797947292,0.3246486571364902,0.3647989412696611,0.0,1.0,0.33285228721563836,False
intensity,0.47381483315153217,f1_region_2,λ=2,divtree_lambda2_region2,230,0.4400245725479184,0.32433996702598916,0.5148375424332828,0.0,1.0,0.35124055724434083,False
rareness,0.1691953477546883,f1_region_2,TwoStep (tuned),twostep_tuned,228,0.26655268350231365,0.3240486873253337,0.41325140044801706,0.0,1.0,0.33485917844274565,False
rareness,0.1691953477546883,fnr_region_2,TwoStep (recall),twostep_recall,228,0.7601200452187702,0.32374920100993726,0.35867707267568516,0.0,1.0,0.3486937994511189,False
rareness,0.1691953477546883,recall_region_2,TwoStep (recall),twostep_recall,228,0.2398799547812299,0.32374920100993726,0.3586770726756852,0.0,1.0,0.3486937994511189,False
data_size,53002.61908810494,f1_region_2,TwoStep (recall),twostep_recall,231,0.40593614816943274,0.32363026079087237,0.5358508603097241,0.0,1.0,0.3333058759733296,False
noise,4.274750681290067,f1_region_2,λ=2,divtree_lambda2_region2,224,0.34649166111782254,0.3235513416440329,0.5725095091019452,0.0,1.0,0.3538171385063605,False
intensity,0.13359290997532036,f1_region_2,λ=2,divtree_lambda2_region2,226,0.33876203255187115,0.323494432607157,0.533458387791299,0.0,1.0,0.35124055724434083,False
rareness,0.1691953477546883,f1_region_2,TwoStep (recall),twostep_recall,228,0.26394205117619035,0.32335092890668954,0.4123290528489255,0.0,1.0,0.3347925455448858,False
data_size,16394.80890739932,f1_region_2,λ=4,divtree_lambda4_region2,231,0.36995869010533305,0.32305557225708526,0.5159923593631089,0.0,1.0,0.35253465799871603,False
data_size,13482.627330113071,f1_region_2,TwoStep (recall),twostep_recall,236,0.3874283724375162,0.3229916248174343,0.5425019016238914,0.0,1.0,0.3333058759733296,False
noise,0.26990244496021376,f1_region_2,TwoStep (recall),twostep_recall,230,0.4920261994998224,0.32292292826520663,0.41893318228123927,0.0,1.0,0.33541338825174577,False
noise,3.026549586817165,f1_region_2,λ=8,divtree_lambda8_region2,231,0.3731817221916891,0.3228286419996721,0.5003354811156693,0.0,1.0,0.3497675285395157,False
data_size,64450.92564416891,f1_region_2,TwoStep (recall),twostep_recall,213,0.3791539060344832,0.322436167091415,0.5003116640320925,0.0,1.0,0.3333058759733296,False
data_size,24242.087597150792,f1_region_2,λ=8,divtree_lambda8_region2,233,0.39128212063381324,0.3223792802892326,0.5060019885114188,0.0,1.0,0.3488068880111833,False
noise,0.38121485453303716,f1_region_2,TwoStep (tuned),twostep_tuned,211,0.44294789775427684,0.3221746043367286,0.49620741767136933,0.0,1.0,0.34331462425450227,False
noise,0.03399607980711228,f1_region_2,λ=4,divtree_lambda4_region2,202,0.46815768887412534,0.3221528833736716,0.5333016459002189,0.0,1.0,0.34964159360563196,False
intensity,0.5964538942816824,f1_region_2,TwoStep (recall),twostep_recall,217,0.4130636177628803,0.3221095205380096,0.5305360578517628,0.0,1.0,0.33572519776697707,False
noise,0.19109257923523043,f1_region_2,TwoStep (recall),twostep_recall,207,0.48024545624795073,0.322072341311681,0.4049355808156276,0.0,1.0,0.33541338825174577,False
intensity,0.3763920367806187,f1_region_2,TwoStep (tuned),twostep_tuned,221,0.38522831940129965,0.3220491052644041,0.5538031791612126,0.0,1.0,0.3442966324839895,False
data_size,115884.31148680957,f1_region_2,TwoStep (tuned),twostep_tuned,236,0.4269924195441142,0.3220026517854502,0.5400287567429193,0.0,1.0,0.34179640817242274,False
intensity,0.13359290997532036,f1_region_2,TwoStep (tuned),twostep_tuned,226,0.4117016467627165,0.3219005833294138,0.5442720812755906,0.0,1.0,0.3442966324839895,False
data_size,24242.087597150792,f1_region_2,λ=4,divtree_lambda4_region2,233,0.38849283168235227,0.321888662374735,0.48844375027634607,0.0,1.0,0.35253465799871603,False
intensity,0.11906916196297226,f1_region_2,λ=2,divtree_lambda2_region2,195,0.35176643541239494,0.3214168883401343,0.46356722723961963,0.0,1.0,0.35124055724434083,False
data_size,13482.627330113071,f1_region_2,λ=2,divtree_lambda2_region2,236,0.34696533223584136,0.32133921184400355,0.5432770319290489,0.0,1.0,0.35299894724784936,False
data_size,13482.627330113071,f1_region_2,λ=4,divtree_lambda4_region2,236,0.35277129183917905,0.32125649991290883,0.5130723894188756,0.0,1.0,0.35253465799871603,False
rareness,0.0222590323398234,fnr_region_2,TwoStep (tuned),twostep_tuned,222,0.8284509037569091,0.32100616923582737,0.1491924082844419,0.0,1.0,0.3328522872156383,False
rareness,0.0222590323398234,recall_region_2,TwoStep (tuned),twostep_tuned,222,0.1715490962430909,0.32100616923582737,0.14919240828444194,0.0,1.0,0.33285228721563836,False
intensity,0.6692077956169817,f1_region_2,TwoStep (recall),twostep_recall,209,0.4314530428554277,0.320964546397401,0.48295562931747926,0.0,1.0,0.33572519776697707,False
noise,0.5384344159537604,f1_region_2,TwoStep (recall),twostep_recall,220,0.40961896543506177,0.3208162863456382,0.5427609772877229,0.0,1.0,0.33541338825174577,False
data_size,29478.2599815721,f1_region_2,TwoStep (tuned),twostep_tuned,239,0.40282504932980395,0.32050287141399975,0.5513821738457472,0.0,1.0,0.34179640817242274,False
data_size,253368.11425203207,f1_region_2,TwoStep (recall),twostep_recall,216,0.43441851899749534,0.32029376137576426,0.4974808344200506,0.0,1.0,0.3333058759733296,False
data_size,208362.77391753628,f1_region_2,TwoStep (tuned),twostep_tuned,212,0.4159562021039284,0.3200904769268685,0.5372149925197959,0.0,1.0,0.34179640817242274,False
noise,0.024069432106053914,f1_region_2,TwoStep (recall),twostep_recall,221,0.42866785828109394,0.31992504020507306,0.5295289963492729,0.0,1.0,0.33541338825174577,False
noise,0.01704130491500777,f1_region_2,TwoStep (recall),twostep_recall,224,0.42166942272966096,0.31988847351525196,0.49782421861075565,0.0,1.0,0.33541338825174577,False
intensity,0.21169951438065343,f1_region_2,TwoStep (recall),twostep_recall,251,0.36387143822845874,0.3196611056924298,0.5350758357331931,0.0,1.0,0.33572519776697707,False
intensity,0.9451774034505906,f1_region_2,TwoStep (tuned),twostep_tuned,200,0.44880631893400197,0.3192923198199997,0.4869094180120577,0.0,1.0,0.3442966324839895,False
intensity,0.13359290997532036,f1_region_2,λ=4,divtree_lambda4_region2,226,0.3480605086440296,0.3192709926381261,0.5053908648573257,0.0,1.0,0.3509695534361159,False
intensity,0.1681712049266273,f1_region_2,TwoStep (tuned),twostep_tuned,211,0.4004700996981743,0.31904915005947143,0.5249564989056356,0.0,1.0,0.3442966324839895,False
data_size,13482.627330113071,f1_region_2,λ=8,divtree_lambda8_region2,236,0.3620787531980974,0.3189624386504413,0.5127599313889962,0.0,1.0,0.3488068880111833,False
data_size,16394.80890739932,f1_region_2,λ=8,divtree_lambda8_region2,231,0.37842971022729444,0.31848567749362966,0.5020640861556762,0.0,1.0,0.3488068880111833,False
intensity,0.8424210637824314,f1_region_2,TwoStep (recall),twostep_recall,220,0.4045319837445645,0.3183860472737274,0.5442462505508174,0.0,1.0,0.33572519776697707,False
rareness,0.0222590323398234,f1_region_2,TwoStep (tuned),twostep_tuned,222,0.1783944736457047,0.3183230995210018,0.13703731853766055,0.0,1.0,0.33485917844274565,False
noise,4.274750681290067,f1_region_2,λ=4,divtree_lambda4_region2,224,0.3583576816898909,0.31807535912979823,0.4846164320824098,0.0,1.0,0.34964159360563196,False
data_size,19936.00746568184,precision_region_2,λ=2,divtree_lambda2_region2,191,0.49936719953017417,0.3180684744310211,0.4392145611915424,0.0594000898957951,1.0,0.31860070487473857,False
intensity,0.1498882271567853,precision_region_2,λ=4,divtree_lambda4_region2,184,0.4788622498262168,0.3174926863849387,0.43222263938417826,0.04303914705233704,1.0,0.3176570223321836,False
data_size,374641.26936243696,f1_region_2,TwoStep (tuned),twostep_tuned,231,0.42089760400924314,0.3174625941745301,0.5427408462330294,0.0,1.0,0.34179640817242274,False
noise,0.03399607980711228,f1_region_2,λ=8,divtree_lambda8_region2,202,0.48480862997932056,0.31740215174431907,0.5201627310851837,0.0,1.0,0.3497675285395157,False
data_size,24242.087597150792,f1_region_2,TwoStep (tuned),twostep_tuned,233,0.3860727434011803,0.317030589328577,0.5448163082572542,0.0,1.0,0.34179640817242274,False
intensity,0.3354720276494002,f1_region_2,TwoStep (tuned),twostep_tuned,204,0.4671707582305932,0.31690283791015655,0.46426424046065207,0.0,1.0,0.3442966324839895,False
noise,0.09578948302920401,f1_region_2,TwoStep (tuned),twostep_tuned,216,0.46495510345837504,0.3167480027053748,0.4261044784168262,0.0,1.0,0.34331462425450227,False
rareness,0.0222590323398234,fnr_region_2,TwoStep (recall),twostep_recall,222,0.8332198528355215,0.3165457827626787,0.15183317979085165,0.0,1.0,0.3486937994511189,False
rareness,0.0222590323398234,recall_region_2,TwoStep (recall),twostep_recall,222,0.1667801471644786,0.3165457827626787,0.15183317979085165,0.0,1.0,0.3486937994511189,False
data_size,16394.80890739932,f1_region_2,TwoStep (tuned),twostep_tuned,231,0.3823284870942666,0.31642613480647885,0.5616157135453503,0.0,1.0,0.34179640817242274,False
intensity,0.3763920367806187,f1_region_2,TwoStep (recall),twostep_recall,221,0.37951498067361694,0.3163218783208907,0.5435461189009836,0.0,1.0,0.33572519776697707,False
sparsity,4.0,fnr_region_2,TwoStep (tuned),twostep_tuned,717,0.6124151153527457,0.3161628922885861,0.5921009592484114,0.08504085711567726,0.985921625544267,0.45836138377256924,False
sparsity,4.0,recall_region_2,TwoStep (tuned),twostep_tuned,717,0.3875848846472543,0.3161628922885861,0.5921009592484113,0.014078374455732947,0.9149591428843226,0.45836138377256924,False
intensity,0.11906916196297226,f1_region_2,λ=8,divtree_lambda8_region2,195,0.36011253805795435,0.3161408845844228,0.43758560662581103,0.0,1.0,0.3452925682792211,False
data_size,43587.85544382496,f1_region_2,TwoStep (tuned),twostep_tuned,211,0.37541008480233895,0.31607604663701966,0.5493587472462572,0.0,1.0,0.34179640817242274,False
intensity,0.47381483315153217,f1_region_2,TwoStep (tuned),twostep_tuned,230,0.42322312115899835,0.31585128916972727,0.5124153455656353,0.0,1.0,0.3442966324839895,False
intensity,0.13359290997532036,f1_region_2,TwoStep (recall),twostep_recall,226,0.40447062413637663,0.3158101449300745,0.5332616694952144,0.0,1.0,0.33572519776697707,False
data_size,95299.98147634632,f1_region_2,TwoStep (recall),twostep_recall,199,0.38797944905983384,0.31563860957637857,0.5199713554530379,0.0,1.0,0.3333058759733296,False
intensity,0.21169951438065343,precision_region_2,λ=2,divtree_lambda2_region2,198,0.5091007119121546,0.3154383965827174,0.4906481697318181,0.0617654313937962,1.0,0.31631647491202214,False
data_size,35845.419997710356,f1_region_2,TwoStep (tuned),twostep_tuned,189,0.38615274565674035,0.3153198589635273,0.5321502735013355,0.0,1.0,0.34179640817242274,False
intensity,0.11906916196297226,f1_region_2,λ=4,divtree_lambda4_region2,195,0.3546490333648539,0.3153043150988692,0.4372580606440378,0.0,1.0,0.3509695534361159,False
intensity,0.2990006969801944,precision_region_2,λ=2,divtree_lambda2_region2,157,0.5293267309541346,0.3151894090043156,0.5965643959041467,0.09756783461275366,1.0,0.31631647491202214,False
data_size,11087.731534380375,f1_region_2,λ=2,divtree_lambda2_region2,220,0.34845336143635436,0.3150897274094085,0.5010623055604044,0.0,1.0,0.35299894724784936,False
intensity,0.21169951438065343,precision_region_2,λ=4,divtree_lambda4_region2,209,0.4955780381476442,0.3150225625217705,0.5213986171167964,0.06482853967527694,1.0,0.3176570223321836,False
rareness,0.0222590323398234,f1_region_2,TwoStep (recall),twostep_recall,222,0.17373737232303002,0.3149042160725524,0.13414389484607403,0.0,1.0,0.3347925455448858,False
data_size,19936.00746568184,precision_region_2,λ=4,divtree_lambda4_region2,204,0.47456426651233174,0.3146920775190957,0.43372376255033995,0.057179457573720734,1.0,0.31479061946893055,False
intensity,0.1498882271567853,precision_region_2,λ=2,divtree_lambda2_region2,175,0.4887845382358401,0.3146578396100045,0.44898938007571965,0.0644411420049004,1.0,0.31631647491202214,False
intensity,0.1498882271567853,precision_region_2,λ=8,divtree_lambda8_region2,203,0.44882168477685336,0.3144808312135453,0.3682698554727123,0.0593876873784186,1.0,0.3150208548477112,False
data_size,115884.31148680957,f1_region_2,TwoStep (recall),twostep_recall,236,0.41524944723150936,0.3143998776325071,0.5316753783702679,0.0,1.0,0.3333058759733296,False
rareness,0.2426635054621208,fnr_region_2,TwoStep (tuned),twostep_tuned,213,0.6204046992377811,0.3143237755447071,0.3945903495953615,0.0,1.0,0.3328522872156383,False
rareness,0.2426635054621208,recall_region_2,TwoStep (tuned),twostep_tuned,213,0.3795953007622189,0.3143237755447071,0.3945903495953615,0.0,1.0,0.33285228721563836,False
data_size,19936.00746568184,precision_region_2,λ=0,divtree_lambda0,166,0.5280567124842229,0.3140491878682917,0.60292357215322,0.1119805720453319,1.0,0.3150305157629184,False
rareness,0.2426635054621208,precision_region_2,λ=0,divtree_lambda0,157,0.5209163558932471,0.31391581203107516,0.6303967708028269,0.22739434478564913,1.0,0.3970608242769601,False
intensity,0.13359290997532036,f1_region_2,λ=8,divtree_lambda8_region2,226,0.3606812656583118,0.3137640337545272,0.49399080624626307,0.0,1.0,0.3452925682792211,False
intensity,0.2990006969801944,precision_region_2,λ=8,divtree_lambda8_region2,167,0.5105261156559838,0.31376050121139254,0.5436999113560049,0.08707115395989827,1.0,0.3150208548477112,False
intensity,0.2375220728879286,f1_region_2,TwoStep (tuned),twostep_tuned,226,0.4015245874069838,0.3133414561592021,0.5673304917997115,0.0,1.0,0.3442966324839895,False
noise,0.04801664771977973,f1_region_2,TwoStep (tuned),twostep_tuned,227,0.4928411646576042,0.31310453429590085,0.3985833494108889,0.0,1.0,0.34331462425450227,False
data_size,455561.95166088303,precision_region_2,λ=2,divtree_lambda2_region2,193,0.6138787847772541,0.31305924091071635,0.6545926944826532,0.20566114143947087,1.0,0.31860070487473857,False
data_size,253368.11425203207,precision_region_2,λ=2,divtree_lambda2_region2,192,0.5820121668025693,0.31273156994217094,0.6738939230588441,0.1830841363554859,1.0,0.31860070487473857,False
data_size,19936.00746568184,precision_region_2,λ=8,divtree_lambda8_region2,219,0.4639820018982537,0.312628363961942,0.4399971809088665,0.07758484609313339,1.0,0.3133870241268255,False
noise,0.13529471303661472,f1_region_2,TwoStep (recall),twostep_recall,234,0.4350544148001726,0.31236286956472153,0.49522186538159035,0.0,1.0,0.33541338825174577,False
noise,4.274750681290067,f1_region_2,λ=8,divtree_lambda8_region2,224,0.3566763722727669,0.31233390709615155,0.47626961749749486,0.0,1.0,0.3497675285395157,False
data_size,374641.26936243696,f1_region_2,TwoStep (recall),twostep_recall,231,0.41151319245445384,0.3119767152963114,0.5267412101909736,0.0,1.0,0.3333058759733296,False
rareness,0.2671528913645983,f1_region_2,λ=0,divtree_lambda0,240,0.3693462351170734,0.31178889142112337,0.36186244172494425,0.0,1.0,0.3684886277994117,False
sparsity,2.0,fnr_region_2,TwoStep (tuned),twostep_tuned,740,0.14439284753607748,0.31178316833851305,0.02598005384378458,0.0,1.0,0.45836138377256924,False
sparsity,2.0,recall_region_2,TwoStep (tuned),twostep_tuned,740,0.8556071524639225,0.31178316833851305,0.025980053843784545,0.0,1.0,0.45836138377256924,False
intensity,0.1681712049266273,f1_region_2,TwoStep (recall),twostep_recall,211,0.390829524950742,0.31169428726598897,0.5088372447211138,0.0,1.0,0.33572519776697707,False
sparsity,2.0,fnr_region_2,TwoStep (recall),twostep_recall,740,0.1495574404214798,0.3116843280764867,0.06455592882239385,0.0,1.0,0.4763170750164102,False
sparsity,2.0,recall_region_2,TwoStep (recall),twostep_recall,740,0.8504425595785201,0.3116843280764867,0.0645559288223938,0.0,1.0,0.4763170750164102,False
rareness,0.36511043497450824,fnr_region_2,λ=4,divtree_lambda4_region2,197,0.2118163628989342,0.3114690043998082,0.24996472082412155,0.0,0.9121491415821015,0.37789458136097254,False
rareness,0.36511043497450824,recall_region_2,λ=4,divtree_lambda4_region2,197,0.7881836371010659,0.3114690043998082,0.24996472082412158,0.08785085841789851,1.0,0.37789458136097254,False
rareness,0.2426635054621208,precision_region_2,λ=4,divtree_lambda4_region2,194,0.5083395620395821,0.31139653813661583,0.6194149802290734,0.2273394813823194,1.0,0.40481784666359927,False
data_size,53002.61908810494,precision_region_2,λ=8,divtree_lambda8_region2,206,0.5186632499822815,0.31132487077950355,0.4961187780168334,0.08656492050550346,1.0,0.3133870241268255,False
intensity,0.11906916196297226,f1_region_2,TwoStep (tuned),twostep_tuned,195,0.3698035560275711,0.3112632654360458,0.5086000757644944,0.0,1.0,0.3442966324839895,False
intensity,0.18868429297579686,f1_region_2,TwoStep (tuned),twostep_tuned,239,0.40253892772481037,0.31125964215136853,0.5101608802360664,0.0,1.0,0.3442966324839895,False
intensity,0.3763920367806187,precision_region_2,λ=0,divtree_lambda0,159,0.5737774468154969,0.31114385579264286,0.6683296715789189,0.14632190076596577,1.0,0.3119724814877106,False
noise,0.09578948302920401,precision_region_2,λ=2,divtree_lambda2_region2,188,0.5425850168348866,0.3104495051734326,0.6921415520553801,0.1491985645933014,1.0,0.31075443045813095,False
sparsity,2.0,fnr_region_2,λ=2,divtree_lambda2_region2,740,0.4103268644329275,0.31044382033531037,0.44857289235636727,0.0,1.0,0.4262964165071911,False
sparsity,2.0,recall_region_2,λ=2,divtree_lambda2_region2,740,0.5896731355670726,0.31044382033531037,0.4485728923563673,0.0,1.0,0.4262964165071911,False
intensity,0.2990006969801944,precision_region_2,λ=4,divtree_lambda4_region2,167,0.5015736465343676,0.31043205307910654,0.5019488625990899,0.09207654071359367,1.0,0.3176570223321836,False
data_size,11087.731534380375,f1_region_2,λ=4,divtree_lambda4_region2,220,0.35857376077301556,0.310418871872558,0.45289436028820773,0.0,1.0,0.35253465799871603,False
noise,0.06781953893881253,precision_region_2,λ=4,divtree_lambda4_region2,179,0.528116123528235,0.31035364681534955,0.5574757918491698,0.1142525112451432,1.0,0.3105831590591568,False
data_size,29478.2599815721,f1_region_2,TwoStep (recall),twostep_recall,239,0.39103505970595653,0.3103298195278896,0.5241959031579203,0.0,1.0,0.3333058759733296,False
rareness,0.36511043497450824,fnr_region_2,λ=8,divtree_lambda8_region2,197,0.21827130408518633,0.3103033763945183,0.3158651609355835,0.0,0.886920293856491,0.375819346622807,False
rareness,0.36511043497450824,recall_region_2,λ=8,divtree_lambda8_region2,197,0.7817286959148139,0.3103033763945183,0.3158651609355835,0.11307970614350904,1.0,0.375819346622807,False
noise,0.760494028068737,precision_region_2,λ=4,divtree_lambda4_region2,203,0.5253893858911739,0.310201326336894,0.520937174927784,0.08637845079946409,1.0,0.3105831590591568,False
intensity,0.9451774034505906,f1_region_2,TwoStep (recall),twostep_recall,200,0.43248491229789904,0.3101444074341202,0.45681514673377904,0.0,1.0,0.33572519776697707,False
data_size,253368.11425203207,precision_region_2,λ=0,divtree_lambda0,180,0.5953576659010591,0.31009728066076236,0.6640096793782624,0.20605412097591297,1.0,0.3150305157629184,False
noise,0.04801664771977973,precision_region_2,λ=8,divtree_lambda8_region2,214,0.564630609034594,0.31001176434895655,0.650591745695259,0.14495457402434148,1.0,0.3100843316189223,False
intensity,0.9451774034505906,precision_region_2,λ=8,divtree_lambda8_region2,184,0.573909849082731,0.30999551268327424,0.6698266306637628,0.1879934210526316,1.0,0.3150208548477112,False
data_size,253368.11425203207,precision_region_2,λ=8,divtree_lambda8_region2,200,0.5659204879800132,0.3098689650771741,0.6711919626868101,0.14908231824444745,1.0,0.3133870241268255,False
intensity,0.7508360294199752,precision_region_2,λ=0,divtree_lambda0,187,0.5814816333425366,0.30968300815618727,0.6662083506027787,0.14804096367788994,1.0,0.3119724814877106,False
intensity,0.18868429297579686,precision_region_2,λ=2,divtree_lambda2_region2,188,0.48226031873853825,0.3096313884446161,0.4392508140505631,0.09030208882354572,1.0,0.31631647491202214,False
rareness,0.2671528913645983,fnr_region_2,TwoStep (tuned),twostep_tuned,240,0.45217614196571704,0.3095905288671589,0.46544716468293823,0.0,1.0,0.3328522872156383,False
rareness,0.2671528913645983,recall_region_2,TwoStep (tuned),twostep_tuned,240,0.547823858034283,0.3095905288671589,0.46544716468293834,0.0,1.0,0.33285228721563836,False
noise,0.09578948302920401,precision_region_2,λ=4,divtree_lambda4_region2,189,0.5386193932813929,0.3095558481934525,0.6509390500326595,0.1497937356760886,1.0,0.3105831590591568,False
noise,0.5384344159537604,precision_region_2,λ=8,divtree_lambda8_region2,191,0.5387896432658168,0.30930975614502365,0.6096653339977046,0.10884281586588357,1.0,0.3100843316189223,False
intensity,0.21169951438065343,precision_region_2,λ=8,divtree_lambda8_region2,224,0.473524434912795,0.3091838546630842,0.4094552835967029,0.06609781140779031,1.0,0.3150208548477112,False
noise,0.38121485453303716,f1_region_2,TwoStep (recall),twostep_recall,211,0.42621000925724994,0.3091688456694535,0.4499379823154933,0.0,1.0,0.33541338825174577,False
noise,0.19109257923523043,precision_region_2,λ=8,divtree_lambda8_region2,192,0.5509975877476627,0.30915840191383026,0.5610583217396153,0.10610096670247048,1.0,0.3100843316189223,False
data_size,53002.61908810494,precision_region_2,λ=2,divtree_lambda2_region2,191,0.5336826731349253,0.3091120885383457,0.5935801907737694,0.09715801040800756,1.0,0.31860070487473857,False
data_size,13482.627330113071,precision_region_2,λ=4,divtree_lambda4_region2,203,0.4463587864799049,0.30893738440633034,0.450676073315494,0.0565662540464386,1.0,0.31479061946893055,False
rareness,0.19368473365716582,fnr_region_2,TwoStep (tuned),twostep_tuned,248,0.7431655600849867,0.308895448891285,0.36110372789009804,0.0,1.0,0.3328522872156383,False
rareness,0.19368473365716582,recall_region_2,TwoStep (tuned),twostep_tuned,248,0.25683443991501326,0.308895448891285,0.3611037278900981,0.0,1.0,0.33285228721563836,False
data_size,308094.3880361152,f1_region_2,TwoStep (tuned),twostep_tuned,210,0.47620458036666513,0.30883472947695645,0.44738977529614765,0.0,1.0,0.34179640817242274,False
rareness,0.36511043497450824,fnr_region_2,λ=2,divtree_lambda2_region2,197,0.21013154317647637,0.30882613351313215,0.25417818925093183,0.0,0.9161049122854821,0.3798287770404419,False
rareness,0.36511043497450824,recall_region_2,λ=2,divtree_lambda2_region2,197,0.7898684568235236,0.30882613351313215,0.25417818925093183,0.08389508771451797,1.0,0.3798287770404419,False
data_size,140914.75612831092,precision_region_2,λ=4,divtree_lambda4_region2,198,0.5353793386552704,0.30880082514431845,0.55317593186535,0.10055648810392644,1.0,0.31479061946893055,False
rareness,0.2426635054621208,precision_region_2,λ=2,divtree_lambda2_region2,181,0.5052943063568943,0.3087388356116251,0.5952636148227446,0.22626492325184763,1.0,0.40591300028870575,False
data_size,24242.087597150792,f1_region_2,TwoStep (recall),twostep_recall,233,0.37565696495416534,0.30863234271084483,0.5314136351729081,0.0,1.0,0.3333058759733296,False
rareness,0.07123780414477837,f1_region_2,TwoStep (tuned),twostep_tuned,198,0.18118856230814537,0.3086279254298769,0.15669151930844044,0.0,1.0,0.33485917844274565,False
noise,0.06781953893881253,precision_region_2,λ=8,divtree_lambda8_region2,184,0.5257558086536487,0.30850576693338083,0.5944724111595195,0.13079622276115094,1.0,0.3100843316189223,False
noise,0.03399607980711228,precision_region_2,λ=8,divtree_lambda8_region2,189,0.5439965323600784,0.30845327866012595,0.5854104136316429,0.11296305780951614,1.0,0.3100843316189223,False
rareness,0.07123780414477837,f1_region_2,TwoStep (recall),twostep_recall,198,0.17998688226053897,0.3083354223598889,0.15669151930844044,0.0,1.0,0.3347925455448858,False
data_size,53002.61908810494,precision_region_2,λ=4,divtree_lambda4_region2,205,0.5160136307477817,0.3081759081413043,0.5533256975459697,0.10817353770384,1.0,0.31479061946893055,False
rareness,0.19368473365716582,fnr_region_2,TwoStep (recall),twostep_recall,248,0.7449399853327653,0.3081687025132923,0.3603854890084821,0.0,1.0,0.3486937994511189,False
rareness,0.19368473365716582,recall_region_2,TwoStep (recall),twostep_recall,248,0.2550600146672347,0.3081687025132923,0.36038548900848216,0.0,1.0,0.3486937994511189,False
intensity,0.18868429297579686,precision_region_2,λ=4,divtree_lambda4_region2,205,0.47402496115284254,0.3081080863038598,0.3895618966797497,0.0861141071102358,1.0,0.3176570223321836,False
noise,0.09578948302920401,f1_region_2,TwoStep (recall),twostep_recall,216,0.44603482720844,0.3079110734264329,0.4010050720593005,0.0,1.0,0.33541338825174577,False
data_size,208362.77391753628,f1_region_2,TwoStep (recall),twostep_recall,212,0.400954098976142,0.30789267998980846,0.496434148340455,0.0,1.0,0.3333058759733296,False
noise,0.06781953893881253,precision_region_2,λ=2,divtree_lambda2_region2,164,0.5550077681976945,0.30760393149966453,0.6127925724816561,0.14524308194918406,1.0,0.31075443045813095,False
noise,0.13529471303661472,precision_region_2,λ=2,divtree_lambda2_region2,200,0.5526427833679652,0.30759799849987934,0.6414924901649917,0.11277972027972029,1.0,0.31075443045813095,False
intensity,0.3354720276494002,f1_region_2,TwoStep (recall),twostep_recall,204,0.45218508167408034,0.3075299608033429,0.4400472547259421,0.0,1.0,0.33572519776697707,False
data_size,140914.75612831092,precision_region_2,λ=8,divtree_lambda8_region2,204,0.5237393216481557,0.3073583251593683,0.5061362495550881,0.08434588181335394,1.0,0.3133870241268255,False
intensity,0.2375220728879286,f1_region_2,TwoStep (recall),twostep_recall,226,0.3924768504890874,0.3073311306952901,0.537425416171283,0.0,1.0,0.33572519776697707,False
data_size,95299.98147634632,precision_region_2,λ=2,divtree_lambda2_region2,162,0.5162276310518481,0.30726665994084196,0.47427988698629897,0.10180155078943391,1.0,0.31860070487473857,False
data_size,171351.654420983,f1_region_2,TwoStep (tuned),twostep_tuned,203,0.4508409871793751,0.3072641047695301,0.48230341998737825,0.0,1.0,0.34179640817242274,False
intensity,0.2990006969801944,precision_region_2,λ=0,divtree_lambda0,146,0.5368265440542396,0.30701644317962234,0.5898420044807887,0.10606037425373642,1.0,0.3119724814877106,False
noise,0.09578948302920401,precision_region_2,λ=8,divtree_lambda8_region2,196,0.5276515014023255,0.3069773035679505,0.5472053225668809,0.12763144465319176,1.0,0.3100843316189223,False
rareness,0.2426635054621208,precision_region_2,λ=8,divtree_lambda8_region2,208,0.4985231301497758,0.3069048129106833,0.5855035417857236,0.22470200085142614,1.0,0.3933268879194818,False
data_size,13482.627330113071,precision_region_2,λ=2,divtree_lambda2_region2,186,0.4649852401812252,0.30689317301594476,0.42143363327002353,0.06530193236714976,1.0,0.31860070487473857,False
data_size,13482.627330113071,precision_region_2,λ=0,divtree_lambda0,163,0.4858430600651383,0.3068774172690313,0.43495220481047736,0.0656588785046729,1.0,0.3150305157629184,False
data_size,29478.2599815721,precision_region_2,λ=8,divtree_lambda8_region2,207,0.465046204793196,0.3068080861558606,0.38572506891792036,0.06069810506634066,1.0,0.3133870241268255,False
intensity,0.7508360294199752,precision_region_2,λ=4,divtree_lambda4_region2,203,0.5694891391898692,0.30674475946582147,0.6676200576866722,0.1253776745780673,1.0,0.3176570223321836,False
noise,0.13529471303661472,precision_region_2,λ=4,divtree_lambda4_region2,210,0.5426156872743642,0.3065982397902139,0.5280707623522877,0.09880272952853598,1.0,0.3105831590591568,False
intensity,0.2664944002069672,precision_region_2,λ=8,divtree_lambda8_region2,187,0.5187100455460878,0.3064903868313955,0.4342409022133986,0.08222043706301872,1.0,0.3150208548477112,False
rareness,0.07123780414477837,fnr_region_2,TwoStep (tuned),twostep_tuned,198,0.8345590573153987,0.30641471291199435,0.13914218169537318,0.0,1.0,0.3328522872156383,False
rareness,0.07123780414477837,recall_region_2,TwoStep (tuned),twostep_tuned,198,0.1654409426846013,0.30641471291199435,0.13914218169537318,0.0,1.0,0.33285228721563836,False
intensity,0.7508360294199752,precision_region_2,λ=2,divtree_lambda2_region2,197,0.581793828075599,0.3063706862589172,0.669431279620853,0.15636212674236716,1.0,0.31631647491202214,False
noise,0.01206534794533958,precision_region_2,λ=4,divtree_lambda4_region2,196,0.5572619222457528,0.3063486353879586,0.6713111804502054,0.14254505480894286,1.0,0.3105831590591568,False
rareness,0.07123780414477837,fnr_region_2,TwoStep (recall),twostep_recall,198,0.8353951285120423,0.30630853359421506,0.13914218169537318,0.0,1.0,0.3486937994511189,False
rareness,0.07123780414477837,recall_region_2,TwoStep (recall),twostep_recall,198,0.16460487148795777,0.30630853359421506,0.13914218169537318,0.0,1.0,0.3486937994511189,False
sparsity,2.0,fnr_region_2,λ=4,divtree_lambda4_region2,740,0.39688289934783855,0.3061297711191521,0.42465527547748333,0.0,0.9621845603804359,0.4240016410553663,False
sparsity,2.0,recall_region_2,λ=4,divtree_lambda4_region2,740,0.6031171006521614,0.3061297711191521,0.42465527547748333,0.03781543961956338,1.0,0.4240016410553663,False
data_size,29478.2599815721,precision_region_2,λ=2,divtree_lambda2_region2,185,0.48792968112069385,0.3058769993994084,0.3818629762488856,0.054072441973805,1.0,0.31860070487473857,False
data_size,95299.98147634632,precision_region_2,λ=4,divtree_lambda4_region2,175,0.4879968313791431,0.3058293006157999,0.44318695031251043,0.1305945532023277,1.0,0.31479061946893055,False
rareness,0.14470596185221085,fnr_region_2,TwoStep (tuned),twostep_tuned,219,0.8162279701408227,0.3056593829608726,0.21791520949626453,0.0,1.0,0.3328522872156383,False
rareness,0.14470596185221085,recall_region_2,TwoStep (tuned),twostep_tuned,219,0.18377202985917726,0.3056593829608726,0.21791520949626444,0.0,1.0,0.33285228721563836,False
data_size,455561.95166088303,precision_region_2,λ=4,divtree_lambda4_region2,196,0.6018594029000895,0.3056328895636234,0.6519211354525657,0.19394393885933126,1.0,0.31479061946893055,False
data_size,43587.85544382496,f1_region_2,TwoStep (recall),twostep_recall,211,0.3642471520557628,0.3055827277072178,0.5437827683758676,0.0,1.0,0.3333058759733296,False
noise,0.03399607980711228,precision_region_2,λ=4,divtree_lambda4_region2,184,0.5493013309369211,0.3055723867048469,0.5312144556765896,0.11769745513535436,1.0,0.3105831590591568,False
intensity,0.2664944002069672,precision_region_2,λ=2,divtree_lambda2_region2,178,0.5424945078024715,0.3053824679213063,0.5172749789999473,0.096490543091972,1.0,0.31631647491202214,False
intensity,0.3354720276494002,precision_region_2,λ=4,divtree_lambda4_region2,184,0.5315017517158441,0.305356077698881,0.5613281949087233,0.13853123413973947,1.0,0.3176570223321836,False
data_size,16394.80890739932,f1_region_2,TwoStep (recall),twostep_recall,231,0.37088811340600936,0.30521794402010377,0.5497898390695275,0.0,1.0,0.3333058759733296,False
rareness,0.14470596185221085,f1_region_2,TwoStep (tuned),twostep_tuned,219,0.20349406467041073,0.30514184702665254,0.2353789982810363,0.0,1.0,0.33485917844274565,False
intensity,0.11906916196297226,f1_region_2,TwoStep (recall),twostep_recall,195,0.3653634637166329,0.30513821416173603,0.5026856794973459,0.0,1.0,0.33572519776697707,False
noise,2.142815589586332,precision_region_2,λ=0,divtree_lambda0,139,0.5322234343082753,0.3051325521690874,0.5820622382610441,0.13088389259905533,1.0,0.305302699174431,False
noise,2.142815589586332,precision_region_2,λ=2,divtree_lambda2_region2,159,0.4887769996260997,0.3051096071326741,0.4805485550163404,0.07163470800893029,1.0,0.31075443045813095,False
noise,0.01206534794533958,precision_region_2,λ=2,divtree_lambda2_region2,190,0.5747508867158874,0.3050360716992777,0.6514327117939731,0.15722429780178335,1.0,0.31075443045813095,False
noise,0.04801664771977973,f1_region_2,TwoStep (recall),twostep_recall,227,0.4732915851974069,0.305001094377471,0.3666787949205892,0.0,1.0,0.33541338825174577,False
rareness,0.14470596185221085,fnr_region_2,TwoStep (recall),twostep_recall,219,0.8171074473562657,0.3049648521333892,0.2153025297602279,0.0,1.0,0.3486937994511189,False
rareness,0.14470596185221085,recall_region_2,TwoStep (recall),twostep_recall,219,0.18289255264373433,0.3049648521333892,0.21530252976022793,0.0,1.0,0.3486937994511189,False
data_size,53002.61908810494,precision_region_2,λ=0,divtree_lambda0,177,0.5501141447723559,0.3049073909694435,0.5883926240034958,0.15252473359331825,1.0,0.3150305157629184,False
intensity,0.47381483315153217,f1_region_2,TwoStep (recall),twostep_recall,230,0.40641131987095286,0.30490153882524684,0.5051244384456416,0.0,1.0,0.33572519776697707,False
data_size,13482.627330113071,precision_region_2,λ=8,divtree_lambda8_region2,214,0.43431507396070573,0.30476449967981445,0.44660972539008215,0.06326945390339261,1.0,0.3133870241268255,False
data_size,35845.419997710356,f1_region_2,TwoStep (recall),twostep_recall,189,0.373775686114356,0.3045993381652344,0.5031315228012558,0.0,1.0,0.3333058759733296,False
noise,0.04801664771977973,precision_region_2,λ=4,divtree_lambda4_region2,204,0.5695090582198726,0.3044614660224151,0.6495335452683858,0.1694220515858549,1.0,0.3105831590591568,False
noise,1.5171265228807906,f1_region_2,TwoStep (tuned),twostep_tuned,224,0.3454328666454147,0.304339376102637,0.5570088198924348,0.0,1.0,0.34331462425450227,False
intensity,0.21169951438065343,precision_region_2,λ=0,divtree_lambda0,178,0.5360458285884535,0.30431288242495547,0.5086754625206253,0.13066904124414938,1.0,0.3119724814877106,False
intensity,0.7508360294199752,precision_region_2,λ=8,divtree_lambda8_region2,207,0.567714432316253,0.30428436293556366,0.618377726353662,0.14012929225086054,1.0,0.3150208548477112,False
data_size,253368.11425203207,precision_region_2,λ=4,divtree_lambda4_region2,198,0.556647812736449,0.3042521565726528,0.619800804420455,0.15408067923864074,1.0,0.31479061946893055,False
data_size,455561.95166088303,precision_region_2,λ=8,divtree_lambda8_region2,196,0.6114685214135501,0.3041421790113764,0.6505944339093231,0.2016219442099867,1.0,0.3133870241268255,False
noise,0.5384344159537604,precision_region_2,λ=2,divtree_lambda2_region2,183,0.5548430823252185,0.30404377408865374,0.6685761400648202,0.16124242698674765,1.0,0.31075443045813095,False
noise,2.142815589586332,precision_region_2,λ=8,divtree_lambda8_region2,181,0.4553585541765276,0.30403310025745856,0.35819921705089175,0.07200110558319514,1.0,0.3100843316189223,False
rareness,0.19368473365716582,f1_region_2,TwoStep (tuned),twostep_tuned,248,0.28240538878936666,0.30384352559657984,0.40782134139216314,0.0,1.0,0.33485917844274565,False
noise,6.037731371322748,f1_region_2,λ=0,divtree_lambda0,214,0.27170984229666173,0.30378428339480096,0.5062642175767609,0.0,1.0,0.3607976981338745,False
intensity,0.18868429297579686,precision_region_2,λ=8,divtree_lambda8_region2,215,0.47221134083825506,0.30367769493173125,0.409809832755901,0.09424858899839945,1.0,0.3150208548477112,False
intensity,0.6692077956169817,precision_region_2,λ=4,divtree_lambda4_region2,188,0.5792387230477564,0.3036164726652756,0.6605391965792643,0.1687429303974059,1.0,0.3176570223321836,False
intensity,0.6692077956169817,precision_region_2,λ=2,divtree_lambda2_region2,180,0.580331654718807,0.3035227529923045,0.6580583815416926,0.15876887380049556,1.0,0.31631647491202214,False
noise,0.26990244496021376,precision_region_2,λ=2,divtree_lambda2_region2,202,0.5897014671392239,0.30345776467879604,0.6522240191492864,0.18215751431066268,1.0,0.31075443045813095,False
intensity,0.5964538942816824,precision_region_2,λ=8,divtree_lambda8_region2,187,0.539845176647243,0.3034343681861917,0.536992653549659,0.11966101243220915,1.0,0.3150208548477112,False
noise,0.09578948302920401,precision_region_2,λ=0,divtree_lambda0,179,0.5263751654202847,0.3032354946807324,0.5443184876042427,0.1339023233760076,1.0,0.305302699174431,False
data_size,24242.087597150792,precision_region_2,λ=8,divtree_lambda8_region2,212,0.45239896633806576,0.3032162207077572,0.36924476856741195,0.06633559705715902,1.0,0.3133870241268255,False
intensity,0.5316095394193532,precision_region_2,λ=2,divtree_lambda2_region2,196,0.5641490770705736,0.3031416752207436,0.6063795664307647,0.13675513462915037,1.0,0.31631647491202214,False
noise,0.03399607980711228,precision_region_2,λ=2,divtree_lambda2_region2,181,0.5406717458456123,0.30309856025228654,0.5057080825549962,0.13178793732560634,1.0,0.31075443045813095,False
noise,0.38121485453303716,precision_region_2,λ=8,divtree_lambda8_region2,185,0.5403295895785157,0.30306195036281647,0.532634877860416,0.14052826426138096,1.0,0.3100843316189223,False
data_size,95299.98147634632,precision_region_2,λ=0,divtree_lambda0,148,0.5518990505612259,0.30299480230757203,0.5888866436443589,0.11915535482376688,1.0,0.3150305157629184,False
intensity,0.18868429297579686,f1_region_2,TwoStep (recall),twostep_recall,239,0.39062181799573337,0.30298923843539827,0.47151929287531413,0.0,1.0,0.33572519776697707,False
noise,0.13529471303661472,precision_region_2,λ=8,divtree_lambda8_region2,211,0.548509655539987,0.30294821796411603,0.5216766050475878,0.11719233626346415,1.0,0.3100843316189223,False
rareness,0.14470596185221085,f1_region_2,TwoStep (recall),twostep_recall,219,0.2013390822715532,0.3028291660030912,0.2367393628334348,0.0,1.0,0.3347925455448858,False
noise,0.760494028068737,precision_region_2,λ=8,divtree_lambda8_region2,212,0.5192563412305564,0.3026211158811472,0.5000114274795211,0.0918876679071699,1.0,0.3100843316189223,False
noise,0.38121485453303716,precision_region_2,λ=2,divtree_lambda2_region2,177,0.5477141717471375,0.30258223105445375,0.5990160072288989,0.14813025802036792,1.0,0.31075443045813095,False
noise,0.13529471303661472,precision_region_2,λ=0,divtree_lambda0,183,0.5799097372140343,0.302523443248812,0.6544582374184961,0.11704135478505262,1.0,0.305302699174431,False
noise,1.0741348427807047,precision_region_2,λ=2,divtree_lambda2_region2,175,0.5325557856008997,0.30236698387403477,0.4672185977269733,0.08864013398507259,1.0,0.31075443045813095,False
rareness,0.21817411955964328,fnr_region_2,TwoStep (tuned),twostep_tuned,220,0.7260405078087886,0.30231135647362445,0.3219013981625759,0.0,1.0,0.3328522872156383,False
rareness,0.21817411955964328,recall_region_2,TwoStep (tuned),twostep_tuned,220,0.2739594921912115,0.30231135647362445,0.3219013981625759,0.0,1.0,0.33285228721563836,False
data_size,140914.75612831092,precision_region_2,λ=2,divtree_lambda2_region2,190,0.5394881762870071,0.3022562027803392,0.5186041222848589,0.12242613274899274,1.0,0.31860070487473857,False
intensity,0.18868429297579686,precision_region_2,λ=0,divtree_lambda0,166,0.5133769013354657,0.30212683805803214,0.47699479834600156,0.11757850045756361,1.0,0.3119724814877106,False
noise,0.5384344159537604,precision_region_2,λ=4,divtree_lambda4_region2,186,0.540634038417239,0.3019556637546519,0.5979362946972324,0.14051766744660352,1.0,0.3105831590591568,False
data_size,374641.26936243696,precision_region_2,λ=8,divtree_lambda8_region2,211,0.5668142061169084,0.3018735269346919,0.6616798435917821,0.1764202520963934,1.0,0.3133870241268255,False
intensity,0.9451774034505906,precision_region_2,λ=4,divtree_lambda4_region2,180,0.5698474833520847,0.3018618566703488,0.6702570089429554,0.19921311309851095,1.0,0.3176570223321836,False
noise,0.760494028068737,precision_region_2,λ=2,divtree_lambda2_region2,200,0.5255560518993779,0.301848934689871,0.47398463351016834,0.09629383120763321,1.0,0.31075443045813095,False
noise,3.026549586817165,precision_region_2,λ=4,divtree_lambda4_region2,195,0.4509237401564392,0.30168715749587993,0.2847823432908423,0.07585049344896762,1.0,0.3105831590591568,False
noise,0.03399607980711228,precision_region_2,λ=0,divtree_lambda0,165,0.5768481008905315,0.3016002044027221,0.6248833916375145,0.15441426105870396,1.0,0.305302699174431,False
noise,0.26990244496021376,precision_region_2,λ=8,divtree_lambda8_region2,213,0.5770625539371427,0.30159950368407706,0.6212582982480886,0.17707869929032943,1.0,0.3100843316189223,False
data_size,11087.731534380375,f1_region_2,λ=8,divtree_lambda8_region2,220,0.3624585833873825,0.3015282010253167,0.44373628322664543,0.0,1.0,0.3488068880111833,False
data_size,455561.95166088303,precision_region_2,λ=0,divtree_lambda0,186,0.5953783623300994,0.3015245066183763,0.6561944852810533,0.21827200714158965,1.0,0.3150305157629184,False
noise,0.5384344159537604,precision_region_2,λ=0,divtree_lambda0,170,0.5608974930175966,0.30149491926549565,0.6749639960712317,0.1545369215662877,1.0,0.305302699174431,False
intensity,0.2664944002069672,precision_region_2,λ=4,divtree_lambda4_region2,183,0.5278996448699821,0.30146370230983427,0.5014113261415024,0.09487921545741333,1.0,0.3176570223321836,False
noise,3.026549586817165,precision_region_2,λ=8,divtree_lambda8_region2,204,0.4417530847009641,0.30135680053323755,0.2775473281728798,0.07201212615710792,1.0,0.3100843316189223,False
intensity,0.11906916196297226,precision_region_2,λ=0,divtree_lambda0,133,0.49756473896072784,0.3008952822541447,0.3331830478242761,0.10951909321008034,1.0,0.3119724814877106,False
noise,3.026549586817165,precision_region_2,λ=0,divtree_lambda0,152,0.5055161848801009,0.3008726406847341,0.3294995245041687,0.09160832141333534,1.0,0.305302699174431,False
data_size,16394.80890739932,precision_region_2,λ=2,divtree_lambda2_region2,195,0.45450231092974963,0.30084837429947514,0.34801910777767814,0.04795872755717798,1.0,0.31860070487473857,False
noise,4.274750681290067,precision_region_2,λ=2,divtree_lambda2_region2,176,0.4546283395177175,0.3007707461381252,0.25338672640143056,0.04546792427587129,1.0,0.31075443045813095,False
intensity,0.2375220728879286,precision_region_2,λ=4,divtree_lambda4_region2,197,0.4836601146315447,0.3007500249556255,0.3566319102891993,0.08178280758034813,1.0,0.3176570223321836,False
noise,0.19109257923523043,precision_region_2,λ=0,divtree_lambda0,159,0.5942869129383567,0.30065607809820033,0.6276749830113977,0.18465693816088144,1.0,0.305302699174431,False
noise,0.38121485453303716,precision_region_2,λ=4,divtree_lambda4_region2,180,0.5342253594462795,0.3006376995766957,0.5215274454002471,0.16144538022194646,1.0,0.3105831590591568,False
data_size,208362.77391753628,precision_region_2,λ=8,divtree_lambda8_region2,190,0.5406176114631687,0.3005427978034376,0.5212346012798932,0.1456455309396486,1.0,0.3133870241268255,False
rareness,0.2671528913645983,precision_region_2,λ=2,divtree_lambda2_region2,216,0.4802158096771183,0.30051523079910775,0.5052198451831935,0.2441090922813192,1.0,0.40591300028870575,False
intensity,0.5964538942816824,precision_region_2,λ=4,divtree_lambda4_region2,187,0.5293148916393898,0.3004962930660444,0.4628515640286951,0.11581532799804134,1.0,0.3176570223321836,False
sparsity,2.0,fnr_region_2,λ=8,divtree_lambda8_region2,740,0.3777799243679123,0.3004289004475368,0.3789268922943321,0.0,0.9432902630527696,0.42347527811960817,False
sparsity,2.0,recall_region_2,λ=8,divtree_lambda8_region2,740,0.6222200756320877,0.3004289004475368,0.3789268922943321,0.05670973694723037,1.0,0.42347527811960817,False
data_size,171351.654420983,f1_region_2,TwoStep (recall),twostep_recall,203,0.43862866855363,0.3003922934533395,0.45098274725472187,0.0,1.0,0.3333058759733296,False
data_size,35845.419997710356,precision_region_2,λ=2,divtree_lambda2_region2,149,0.47160688954113233,0.30021188453968756,0.40138146795161694,0.06357939342093484,1.0,0.31860070487473857,False
intensity,0.2664944002069672,precision_region_2,λ=0,divtree_lambda0,164,0.5484111363640765,0.30007973215134015,0.4597422275894019,0.09896605305782069,1.0,0.3119724814877106,False
intensity,0.9451774034505906,precision_region_2,λ=0,divtree_lambda0,168,0.594127293609908,0.29994396860806527,0.6536235953592695,0.21058977089112424,1.0,0.3119724814877106,False
intensity,0.6692077956169817,precision_region_2,λ=8,divtree_lambda8_region2,192,0.5774209362341219,0.29981127636052873,0.6568257593744207,0.17660289136885438,1.0,0.3150208548477112,False
intensity,0.2375220728879286,precision_region_2,λ=8,divtree_lambda8_region2,205,0.4722537433060919,0.2995277324417595,0.3307054699141605,0.08271766102060632,1.0,0.3150208548477112,False
noise,0.01704130491500777,precision_region_2,λ=0,divtree_lambda0,174,0.5359334889475184,0.2995076666067329,0.5518480075195697,0.13511088887581624,1.0,0.305302699174431,False
intensity,0.3354720276494002,precision_region_2,λ=8,divtree_lambda8_region2,188,0.5176996289298844,0.2994294221532932,0.47084299186414413,0.1203499369482976,1.0,0.3150208548477112,False
data_size,24242.087597150792,precision_region_2,λ=4,divtree_lambda4_region2,203,0.4668556694108356,0.29941627963889095,0.3947739654647281,0.07756704088636142,1.0,0.31479061946893055,False
rareness,0.21817411955964328,fnr_region_2,TwoStep (recall),twostep_recall,220,0.7310097648040519,0.2993218456440994,0.3145725915501204,0.0,1.0,0.3486937994511189,False
rareness,0.21817411955964328,recall_region_2,TwoStep (recall),twostep_recall,220,0.2689902351959481,0.2993218456440994,0.31457259155012046,0.0,1.0,0.3486937994511189,False
noise,3.026549586817165,precision_region_2,λ=2,divtree_lambda2_region2,181,0.46227063816312997,0.29926608552267703,0.2673489153288341,0.08064516129032258,1.0,0.31075443045813095,False
noise,0.01206534794533958,precision_region_2,λ=0,divtree_lambda0,176,0.6013210273413933,0.299179724428571,0.6427776206969675,0.20195810564663022,1.0,0.305302699174431,False
data_size,35845.419997710356,precision_region_2,λ=0,divtree_lambda0,135,0.4909204783579981,0.299109050977773,0.3608906222330477,0.06248567241704511,1.0,0.3150305157629184,False
noise,0.04801664771977973,precision_region_2,λ=0,divtree_lambda0,186,0.5794757462655654,0.29884875946864364,0.6599157834428894,0.19847858825346565,1.0,0.305302699174431,False
data_size,208362.77391753628,precision_region_2,λ=4,divtree_lambda4_region2,183,0.5433861875123449,0.2987502813325577,0.518637582145431,0.1510290277015481,1.0,0.31479061946893055,False
data_size,11087.731534380375,f1_region_2,TwoStep (tuned),twostep_tuned,220,0.37389142879106096,0.2987296871893443,0.5004176987117714,0.0,1.0,0.34179640817242274,False
intensity,0.5964538942816824,precision_region_2,λ=0,divtree_lambda0,169,0.5454589770065521,0.29870081944834637,0.6746333729686881,0.1639536259316219,1.0,0.3119724814877106,False
data_size,374641.26936243696,precision_region_2,λ=4,divtree_lambda4_region2,207,0.5703438405158732,0.298586619398454,0.6286521114922825,0.17154581496382929,1.0,0.31479061946893055,False
data_size,374641.26936243696,precision_region_2,λ=2,divtree_lambda2_region2,201,0.5795047277361943,0.29856324578442167,0.6523696594656687,0.2003875968992248,1.0,0.31860070487473857,False
noise,1.5171265228807906,precision_region_2,λ=0,divtree_lambda0,160,0.5218502396685023,0.298471989171314,0.47117768007606653,0.14341719939476247,1.0,0.305302699174431,False
data_size,95299.98147634632,precision_region_2,λ=8,divtree_lambda8_region2,181,0.4854507876736208,0.2982361510756601,0.39296726379417024,0.12072434607645875,1.0,0.3133870241268255,False
intensity,0.2375220728879286,precision_region_2,λ=2,divtree_lambda2_region2,189,0.49847853545275983,0.29787590652038504,0.4194549722524506,0.09413099616558417,1.0,0.31631647491202214,False
data_size,78372.01043754505,precision_region_2,λ=4,divtree_lambda4_region2,182,0.5007919454175066,0.2978280273160384,0.44715977173711063,0.09996207851812358,1.0,0.31479061946893055,False
data_size,308094.3880361152,f1_region_2,TwoStep (recall),twostep_recall,210,0.45861783328904765,0.29744991875813753,0.41662254603565074,0.0,1.0,0.3333058759733296,False
noise,1.0741348427807047,precision_region_2,λ=4,divtree_lambda4_region2,179,0.5304206676741892,0.2973955100943979,0.42476682943829136,0.0861787399251545,1.0,0.3105831590591568,False
noise,6.037731371322748,f1_region_2,λ=2,divtree_lambda2_region2,214,0.28094691527084875,0.2973201373471275,0.5164364858351004,0.0,1.0,0.3538171385063605,False
rareness,0.12021657594973335,precision_region_2,TwoStep (tuned),twostep_tuned,172,0.5104900524205793,0.2972182807761523,0.46960700408624045,0.10599840573933839,1.0,0.34421405595942656,False
intensity,0.5316095394193532,precision_region_2,λ=8,divtree_lambda8_region2,204,0.5582416278011592,0.2971361468231258,0.5418642038559899,0.14718287526427062,1.0,0.3150208548477112,False
data_size,78372.01043754505,precision_region_2,λ=8,divtree_lambda8_region2,182,0.5150175267643544,0.29703719812688945,0.4194374345921843,0.10643829023645573,1.0,0.3133870241268255,False
intensity,0.10612438439422897,f1_region_2,TwoStep (tuned),twostep_tuned,226,0.3502454713951405,0.29702635126113036,0.521908413839446,0.0,1.0,0.3442966324839895,False
rareness,0.2671528913645983,f1_region_2,λ=2,divtree_lambda2_region2,240,0.39237703210640296,0.2970047195334376,0.28785750418453376,0.0,1.0,0.3766809924017986,False
intensity,0.3354720276494002,precision_region_2,λ=2,divtree_lambda2_region2,170,0.5518635725063625,0.2969938810737908,0.6012037935884544,0.1721795685642064,1.0,0.31631647491202214,False
intensity,0.6692077956169817,precision_region_2,λ=0,divtree_lambda0,171,0.5660270211896735,0.296866166601997,0.6556248681460995,0.17443063456102575,1.0,0.3119724814877106,False
data_size,35845.419997710356,precision_region_2,λ=4,divtree_lambda4_region2,163,0.4484200802709703,0.2967236955005794,0.3222175709620596,0.056040756914119354,1.0,0.31479061946893055,False
rareness,0.3895998208769857,fnr_region_2,λ=8,divtree_lambda8_region2,221,0.17937845315575363,0.29661614879206943,0.18034778965011522,0.0,0.8456284153005464,0.375819346622807,False
rareness,0.3895998208769857,recall_region_2,λ=8,divtree_lambda8_region2,221,0.8206215468442463,0.29661614879206943,0.18034778965011522,0.15437158469945356,1.0,0.375819346622807,False
rareness,0.12021657594973335,precision_region_2,TwoStep (recall),twostep_recall,170,0.5060892306342978,0.29660215642416315,0.4243081739417782,0.1077120922999613,1.0,0.34299908832738524,False
noise,0.26990244496021376,precision_region_2,λ=4,divtree_lambda4_region2,208,0.5729864059942995,0.29651482261717116,0.6017070429467728,0.1826168846710164,1.0,0.3105831590591568,False
intensity,0.9451774034505906,precision_region_2,λ=2,divtree_lambda2_region2,179,0.5681793861379707,0.2964691910576979,0.6687159977871979,0.20679815861931314,1.0,0.31631647491202214,False
data_size,29478.2599815721,precision_region_2,λ=4,divtree_lambda4_region2,195,0.4687799116313769,0.2964319651097926,0.37050558122480204,0.05795732808799327,1.0,0.31479061946893055,False
intensity,0.1681712049266273,precision_region_2,λ=4,divtree_lambda4_region2,187,0.45469180414417976,0.2962635266442353,0.3645246689629261,0.07390823659480376,1.0,0.3176570223321836,False
rareness,0.19368473365716582,f1_region_2,TwoStep (recall),twostep_recall,248,0.2754115886397816,0.29626198928977837,0.3231333711488899,0.0,1.0,0.3347925455448858,False
intensity,0.1681712049266273,precision_region_2,λ=8,divtree_lambda8_region2,197,0.4514745502230142,0.2962256226377734,0.3586569394496063,0.07000492928373715,1.0,0.3150208548477112,False
noise,1.5171265228807906,f1_region_2,TwoStep (recall),twostep_recall,224,0.339199960491689,0.2962023275875901,0.5595378092463682,0.0,0.9197831721161809,0.33541338825174577,False
intensity,0.1498882271567853,f1_region_2,TwoStep (tuned),twostep_tuned,212,0.37368675703733345,0.2960815726834068,0.5019969509336649,0.0,1.0,0.3442966324839895,False
data_size,171351.654420983,precision_region_2,λ=8,divtree_lambda8_region2,187,0.5431238792335148,0.2959008052418147,0.5616554721329863,0.15437368492558343,1.0,0.3133870241268255,False
noise,0.06781953893881253,precision_region_2,λ=0,divtree_lambda0,157,0.5519693501517114,0.29589650953566105,0.5758860865694735,0.17506272671226003,1.0,0.305302699174431,False
intensity,0.5316095394193532,precision_region_2,λ=0,divtree_lambda0,183,0.591518112942597,0.29583393898030375,0.6333836146993087,0.21137683887954656,1.0,0.3119724814877106,False
intensity,0.1681712049266273,precision_region_2,λ=2,divtree_lambda2_region2,178,0.45845064364363236,0.29581281238467505,0.36552247233351154,0.07170941432198706,1.0,0.31631647491202214,False
rareness,0.2671528913645983,precision_region_2,λ=0,divtree_lambda0,188,0.4851221323620681,0.2957443493208397,0.46652871352311487,0.24645249357163262,1.0,0.3970608242769601,False
intensity,0.5316095394193532,precision_region_2,λ=4,divtree_lambda4_region2,201,0.5537643603509408,0.2957414468788326,0.5107236403746411,0.14545454545454545,1.0,0.3176570223321836,False
intensity,0.11906916196297226,precision_region_2,λ=2,divtree_lambda2_region2,164,0.45085345491704626,0.29562604085913563,0.36797187361408334,0.0806608529072027,1.0,0.31631647491202214,False
noise,2.142815589586332,precision_region_2,λ=4,divtree_lambda4_region2,172,0.4607803430491348,0.29548685733969104,0.35778582113908164,0.06367428003972195,1.0,0.3105831590591568,False
rareness,0.2671528913645983,f1_region_2,λ=4,divtree_lambda4_region2,240,0.39097966568583176,0.29542086675508056,0.279423355079598,0.0,1.0,0.37882363801075863,False
noise,0.04801664771977973,precision_region_2,λ=2,divtree_lambda2_region2,195,0.562728988724602,0.2953395734114686,0.640523553128899,0.19319158022683783,1.0,0.31075443045813095,False
intensity,0.13359290997532036,precision_region_2,λ=0,divtree_lambda0,153,0.47071780079905384,0.2952220816054588,0.3186359478103507,0.029586807793882182,1.0,0.3119724814877106,False
noise,1.0741348427807047,precision_region_2,λ=8,divtree_lambda8_region2,182,0.5273741866266011,0.2951205065505601,0.4090334537108593,0.08703653316372784,1.0,0.3100843316189223,False
data_size,24242.087597150792,precision_region_2,λ=0,divtree_lambda0,167,0.5088718804063951,0.2949865967739691,0.37012793428050783,0.09720272319293354,1.0,0.3150305157629184,False
noise,0.26990244496021376,precision_region_2,λ=0,divtree_lambda0,188,0.5920344071465998,0.2949711274773186,0.6400748305322668,0.20662080240460315,1.0,0.305302699174431,False
intensity,0.1681712049266273,precision_region_2,λ=0,divtree_lambda0,151,0.4904189678682966,0.29494628076036683,0.3686354794685036,0.08751910189656882,1.0,0.3119724814877106,False
rareness,0.29164227726707576,precision_region_2,λ=2,divtree_lambda2_region2,206,0.4954209337637735,0.29455635682099357,0.469786955635733,0.27768819913570336,1.0,0.40591300028870575,False
rareness,0.2671528913645983,f1_region_2,λ=8,divtree_lambda8_region2,240,0.3998560406426409,0.2943356078486166,0.3239592959782207,0.06888657724424292,1.0,0.3737367058482066,False
rareness,0.29164227726707576,f1_region_2,λ=0,divtree_lambda0,222,0.4436305279467095,0.29427342658244926,0.3102703593748377,0.0,1.0,0.3684886277994117,False
intensity,0.5964538942816824,precision_region_2,λ=2,divtree_lambda2_region2,176,0.5493194495758114,0.2941000000336057,0.507988011268736,0.146640063524535,1.0,0.31631647491202214,False
data_size,140914.75612831092,precision_region_2,λ=0,divtree_lambda0,170,0.5815271518910536,0.2940137410438425,0.6533409785130404,0.19511524822695037,1.0,0.3150305157629184,False
data_size,115884.31148680957,precision_region_2,λ=8,divtree_lambda8_region2,208,0.5078739397315952,0.29360579232140827,0.39653680205857633,0.11261601425875492,1.0,0.3133870241268255,False
data_size,208362.77391753628,precision_region_2,λ=2,divtree_lambda2_region2,173,0.5441155477520917,0.2934957576734959,0.4805773128375255,0.1692562458121949,1.0,0.31860070487473857,False
intensity,0.11906916196297226,precision_region_2,λ=4,divtree_lambda4_region2,176,0.42011406535456053,0.2934021664297329,0.2906117033959919,0.0637854199744791,1.0,0.3176570223321836,False
noise,0.01704130491500777,precision_region_2,λ=8,divtree_lambda8_region2,193,0.5066536298420297,0.2933132537036338,0.37281820145485883,0.12274575122805037,1.0,0.3100843316189223,False
data_size,208362.77391753628,precision_region_2,λ=0,divtree_lambda0,160,0.5499231130354576,0.2929967160851195,0.5728612823911732,0.20523297049433245,1.0,0.3150305157629184,False
intensity,0.3354720276494002,precision_region_2,λ=0,divtree_lambda0,160,0.556190735652087,0.2929381985478645,0.6138209425174621,0.2100966627179117,1.0,0.3119724814877106,False
data_size,115884.31148680957,precision_region_2,λ=0,divtree_lambda0,179,0.5569505358590797,0.2928330182654546,0.6400694900926607,0.2069941241727259,1.0,0.3150305157629184,False
data_size,171351.654420983,precision_region_2,λ=4,divtree_lambda4_region2,176,0.5535056871556668,0.292758047084192,0.5128763406983405,0.1816744265273677,1.0,0.31479061946893055,False
rareness,0.2671528913645983,precision_region_2,λ=8,divtree_lambda8_region2,234,0.4819285023864356,0.2926335607419834,0.45556751336404927,0.24474906091215717,1.0,0.3933268879194818,False
intensity,0.13359290997532036,precision_region_2,λ=2,divtree_lambda2_region2,184,0.4282268228755001,0.2925811576952711,0.24933999971071538,0.0387058499512442,1.0,0.31631647491202214,False
rareness,0.36511043497450824,fnr_region_2,λ=0,divtree_lambda0,197,0.19335480466561367,0.29254147863732743,0.1905169951442445,0.0,0.9947750362844702,0.3917487596737324,False
rareness,0.36511043497450824,recall_region_2,λ=0,divtree_lambda0,197,0.8066451953343864,0.29254147863732743,0.19051699514424447,0.005224963715529758,1.0,0.3917487596737324,False
noise,4.274750681290067,precision_region_2,λ=4,divtree_lambda4_region2,195,0.4271686613975942,0.29221031759207766,0.2530879452686318,0.053524649808986725,1.0,0.3105831590591568,False
data_size,16394.80890739932,precision_region_2,λ=4,divtree_lambda4_region2,204,0.4397912173589252,0.2921965717388237,0.32123142355805,0.06281138938481304,1.0,0.31479061946893055,False
noise,1.5171265228807906,precision_region_2,λ=2,divtree_lambda2_region2,185,0.4789077980111988,0.2920287230587896,0.36392016390471954,0.110639606396064,1.0,0.31075443045813095,False
rareness,0.2671528913645983,precision_region_2,λ=4,divtree_lambda4_region2,225,0.4744020215392175,0.2920077927155561,0.46237995687600286,0.24113955969353118,1.0,0.40481784666359927,False
intensity,0.11906916196297226,precision_region_2,λ=8,divtree_lambda8_region2,181,0.42256916848637444,0.29199774969794834,0.3147681791268083,0.06288032454361055,1.0,0.3150208548477112,False
noise,1.5171265228807906,precision_region_2,λ=8,divtree_lambda8_region2,199,0.46266002825860975,0.29164930566078756,0.36381833961364113,0.10014689839837358,1.0,0.3100843316189223,False
data_size,35845.419997710356,precision_region_2,λ=8,divtree_lambda8_region2,168,0.45476014267271914,0.2914249086428713,0.3519766293390166,0.08522272528114502,1.0,0.3133870241268255,False
intensity,0.2375220728879286,precision_region_2,λ=0,divtree_lambda0,166,0.5346541343005962,0.291294433990492,0.45731007076133406,0.1963709397986358,1.0,0.3119724814877106,False
rareness,0.3895998208769857,fnr_region_2,λ=4,divtree_lambda4_region2,221,0.1779913549668683,0.29038458250048466,0.18427323272438442,0.0,0.8601696777880347,0.37789458136097254,False
rareness,0.3895998208769857,recall_region_2,λ=4,divtree_lambda4_region2,221,0.8220086450331319,0.29038458250048466,0.18427323272438445,0.13983032221196537,1.0,0.37789458136097254,False
intensity,0.10612438439422897,f1_region_2,TwoStep (recall),twostep_recall,226,0.34668937015253487,0.29023719652722235,0.5072914520566194,0.0,0.9978898533373242,0.33572519776697707,False
noise,0.760494028068737,precision_region_2,λ=0,divtree_lambda0,181,0.5458571753043268,0.28932926003796283,0.468934423990697,0.1900887573964497,1.0,0.305302699174431,False
noise,0.38121485453303716,precision_region_2,λ=0,divtree_lambda0,171,0.5489764925157364,0.28918746201432016,0.47722759931212855,0.20232676285307866,1.0,0.305302699174431,False
noise,1.5171265228807906,precision_region_2,λ=4,divtree_lambda4_region2,195,0.46636341753776567,0.2890217895365728,0.34862279539804336,0.10375169722522817,1.0,0.3105831590591568,False
noise,4.274750681290067,precision_region_2,λ=8,divtree_lambda8_region2,207,0.40561350344160924,0.2889561719567746,0.2592665084567312,0.024049731956264954,1.0,0.3100843316189223,False
data_size,24242.087597150792,precision_region_2,λ=2,divtree_lambda2_region2,193,0.47673483906802955,0.2884984819081148,0.34740807064126705,0.09651563276958351,1.0,0.31860070487473857,False
noise,6.037731371322748,f1_region_2,λ=4,divtree_lambda4_region2,214,0.28396996132900626,0.2882965034185326,0.437638214696825,0.0,1.0,0.34964159360563196,False
rareness,0.21817411955964328,f1_region_2,TwoStep (tuned),twostep_tuned,220,0.28630780532205835,0.2878216174009953,0.2870166938611426,0.0,1.0,0.33485917844274565,False
intensity,0.4223033626515117,precision_region_2,λ=8,divtree_lambda8_region2,215,0.5142561740883674,0.28778185026953784,0.41826636873332673,0.12738309483033874,1.0,0.3150208548477112,False
noise,0.01704130491500777,precision_region_2,λ=4,divtree_lambda4_region2,189,0.518052131634906,0.2877739399784507,0.4048129691541033,0.12595735751049816,1.0,0.3105831590591568,False
data_size,374641.26936243696,precision_region_2,λ=0,divtree_lambda0,190,0.5964986659891569,0.2876675127852982,0.6278271819602199,0.2584564812168509,1.0,0.3150305157629184,False
data_size,11087.731534380375,f1_region_2,TwoStep (recall),twostep_recall,220,0.36435639357039934,0.28759368517724565,0.48975846563189607,0.0,0.9441514615874617,0.3333058759733296,False
data_size,29478.2599815721,precision_region_2,λ=0,divtree_lambda0,164,0.5044972039488319,0.28757615728949265,0.3593301323190677,0.10655035559475333,1.0,0.3150305157629184,False
data_size,171351.654420983,precision_region_2,λ=2,divtree_lambda2_region2,171,0.5605271243922938,0.2874710500045164,0.6198797761159359,0.22824640546297847,1.0,0.31860070487473857,False
noise,6.037731371322748,precision_region_2,λ=0,divtree_lambda0,134,0.43757253953598263,0.28733607590203153,0.2130598221036653,0.03655109634563402,1.0,0.305302699174431,False
data_size,16394.80890739932,precision_region_2,λ=0,divtree_lambda0,148,0.5004748278371103,0.28724420800884903,0.35836264196513457,0.10041750595129098,1.0,0.3150305157629184,False
data_size,16394.80890739932,precision_region_2,λ=8,divtree_lambda8_region2,216,0.42273287531389764,0.28698709608865147,0.27454484513498,0.04816179415298358,1.0,0.3133870241268255,False
noise,0.01704130491500777,precision_region_2,λ=2,divtree_lambda2_region2,181,0.5252031641271012,0.28678701336993606,0.3860878090216497,0.14982817869415807,1.0,0.31075443045813095,False
rareness,0.29164227726707576,fnr_region_2,TwoStep (recall),twostep_recall,222,0.1880818135834851,0.28667528259562974,0.30781778309431207,0.0,0.9050854830417989,0.3486937994511189,False
rareness,0.29164227726707576,recall_region_2,TwoStep (recall),twostep_recall,222,0.8119181864165149,0.28667528259562974,0.30781778309431207,0.09491451695820098,1.0,0.3486937994511189,False
rareness,0.2426635054621208,f1_region_2,TwoStep (tuned),twostep_tuned,213,0.36326699467488976,0.2863716629841142,0.32553167952078377,0.0,1.0,0.33485917844274565,False
data_size,308094.3880361152,precision_region_2,λ=2,divtree_lambda2_region2,184,0.5568225419507286,0.28587237757220296,0.5718041135975962,0.19896391620741893,1.0,0.31860070487473857,False
intensity,0.13359290997532036,precision_region_2,λ=4,divtree_lambda4_region2,198,0.4066701435414735,0.2858558758766982,0.27912325788003045,0.04327686430542072,1.0,0.3176570223321836,False
intensity,0.8424210637824314,precision_region_2,λ=8,divtree_lambda8_region2,186,0.5662895150392208,0.2858028473950757,0.5417561463267996,0.18943588509067566,1.0,0.3150208548477112,False
intensity,0.47381483315153217,precision_region_2,λ=8,divtree_lambda8_region2,207,0.5197437022537464,0.28575159900656394,0.3897424793660481,0.1478537875322183,1.0,0.3150208548477112,False
data_size,115884.31148680957,precision_region_2,λ=4,divtree_lambda4_region2,197,0.5180908968511168,0.28541616922868546,0.3868925694100586,0.1308455118457556,1.0,0.31479061946893055,False
data_size,78372.01043754505,precision_region_2,λ=0,divtree_lambda0,158,0.5483030166079009,0.2852702407866133,0.42290403629988205,0.18617434548662543,1.0,0.3150305157629184,False
data_size,78372.01043754505,precision_region_2,λ=2,divtree_lambda2_region2,173,0.5019622804671335,0.2851919198702397,0.37548665947306087,0.10848043763256808,1.0,0.31860070487473857,False
intensity,0.13359290997532036,precision_region_2,λ=8,divtree_lambda8_region2,212,0.39774283462391075,0.28504712267232357,0.2943503789153785,0.04645599291797065,1.0,0.3150208548477112,False
intensity,0.47381483315153217,precision_region_2,λ=4,divtree_lambda4_region2,202,0.5205872477707986,0.28428709396672364,0.36636429150801275,0.16622455712907974,1.0,0.3176570223321836,False
intensity,0.8424210637824314,precision_region_2,λ=2,divtree_lambda2_region2,183,0.5503122374002182,0.2841472859063525,0.43275128607625973,0.1825139146567718,1.0,0.31631647491202214,False
rareness,0.21817411955964328,f1_region_2,TwoStep (recall),twostep_recall,220,0.2813137170400217,0.28397851872836893,0.287900482406823,0.0,1.0,0.3347925455448858,False
intensity,0.4223033626515117,precision_region_2,λ=4,divtree_lambda4_region2,208,0.5169339900436041,0.2839356136989348,0.42806722239350525,0.13908266099782074,1.0,0.3176570223321836,False
noise,6.037731371322748,precision_region_2,λ=2,divtree_lambda2_region2,165,0.3935799491210254,0.28374799006734674,0.24966194559076885,0.027720295797317582,1.0,0.31075443045813095,False
data_size,308094.3880361152,precision_region_2,λ=8,divtree_lambda8_region2,187,0.5659540736502174,0.2835004633872537,0.49944770355813445,0.1990689225330622,1.0,0.3133870241268255,False
data_size,11087.731534380375,precision_region_2,λ=4,divtree_lambda4_region2,196,0.4206831164347535,0.2833692338045923,0.25481190805127046,0.05021372023719936,1.0,0.31479061946893055,False
intensity,0.4223033626515117,precision_region_2,λ=2,divtree_lambda2_region2,195,0.5281282368365567,0.2833652275693997,0.37123017821242554,0.1426860043877633,1.0,0.31631647491202214,False
noise,4.274750681290067,precision_region_2,λ=0,divtree_lambda0,145,0.4778656173011858,0.28328057833969744,0.2530378955073391,0.09609386329180673,1.0,0.305302699174431,False
data_size,11087.731534380375,precision_region_2,λ=0,divtree_lambda0,154,0.46733424389564093,0.28326854676473157,0.21150100608818828,0.09174498611296884,1.0,0.3150305157629184,False
rareness,0.29164227726707576,precision_region_2,λ=0,divtree_lambda0,192,0.4791605371050804,0.283224598139,0.31904299281614845,0.280088519899789,1.0,0.3970608242769601,False
rareness,0.29164227726707576,precision_region_2,λ=4,divtree_lambda4_region2,212,0.4808362823798025,0.2829822650633435,0.35574506173551335,0.27497510810172815,1.0,0.40481784666359927,False
data_size,171351.654420983,precision_region_2,λ=0,divtree_lambda0,161,0.5898116412341229,0.2828778296959851,0.6278997733978905,0.2578289124928828,1.0,0.3150305157629184,False
rareness,0.3161316631695532,precision_region_2,λ=4,divtree_lambda4_region2,231,0.5209649829564369,0.28283438387093884,0.48661128605036413,0.30746487712106796,1.0,0.40481784666359927,False
rareness,0.29164227726707576,f1_region_2,λ=2,divtree_lambda2_region2,222,0.4574456510256614,0.2822776912688937,0.37492630690655243,0.0,1.0,0.3766809924017986,False
data_size,308094.3880361152,precision_region_2,λ=4,divtree_lambda4_region2,184,0.5644359736239061,0.2820100925206953,0.46149305808426677,0.20167453268708707,1.0,0.31479061946893055,False
data_size,11087.731534380375,precision_region_2,λ=2,divtree_lambda2_region2,182,0.4328076877043913,0.2818995936913229,0.22639758498339474,0.05990404943893317,1.0,0.31860070487473857,False
data_size,115884.31148680957,precision_region_2,λ=2,divtree_lambda2_region2,188,0.5385042238846116,0.2818693806552569,0.4103430455851284,0.1706155849821644,1.0,0.31860070487473857,False
rareness,0.29164227726707576,precision_region_2,λ=8,divtree_lambda8_region2,221,0.4751918431335973,0.281686717334405,0.3451008561383837,0.2738890502468777,1.0,0.3933268879194818,False
intensity,0.1498882271567853,f1_region_2,TwoStep (recall),twostep_recall,212,0.35973937814018947,0.28149877864138423,0.4769381990355235,0.0,0.9360383058283316,0.33572519776697707,False
intensity,0.47381483315153217,precision_region_2,λ=2,divtree_lambda2_region2,200,0.5214194179627175,0.2811131148552414,0.4101019952392383,0.17020221818509107,1.0,0.31631647491202214,False
rareness,0.29164227726707576,f1_region_2,λ=4,divtree_lambda4_region2,222,0.45020200690021284,0.28045682523878807,0.3503002573751302,0.04969495297906211,1.0,0.37882363801075863,False
intensity,0.47381483315153217,precision_region_2,λ=0,divtree_lambda0,182,0.5504054597818365,0.28029576681836266,0.48972511041815325,0.21727168344815406,1.0,0.3119724814877106,False
noise,2.142815589586332,f1_region_2,TwoStep (tuned),twostep_tuned,205,0.3116205060163945,0.2799180553416363,0.5438479245563229,0.0,0.7202204476954215,0.34331462425450227,False
rareness,0.3161316631695532,precision_region_2,λ=8,divtree_lambda8_region2,234,0.5185376726202011,0.27991129618860006,0.49437537322412956,0.30666687916943686,1.0,0.3933268879194818,False
rareness,0.14470596185221085,precision_region_2,TwoStep (tuned),twostep_tuned,171,0.44741893607867395,0.27988914253691655,0.39782253289739755,0.1080143358243099,1.0,0.34421405595942656,False
sparsity,3.0,fnr_region_2,TwoStep (tuned),twostep_tuned,752,0.4737075595544555,0.27961535042794755,0.45690005991486443,0.08214585013441997,1.0,0.45836138377256924,False
sparsity,3.0,recall_region_2,TwoStep (tuned),twostep_tuned,752,0.5262924404455446,0.27961535042794755,0.45690005991486454,0.0,0.91785414986558,0.45836138377256924,False
rareness,0.3161316631695532,precision_region_2,λ=2,divtree_lambda2_region2,226,0.5116665384167732,0.27960702050027736,0.43903759589085667,0.3070676313809412,1.0,0.40591300028870575,False
rareness,0.14470596185221085,precision_region_2,TwoStep (recall),twostep_recall,168,0.444641645384417,0.27911004416361673,0.4038176746908848,0.10788851608967516,1.0,0.34299908832738524,False
noise,6.037731371322748,f1_region_2,λ=8,divtree_lambda8_region2,214,0.29810147445866786,0.27895872700545105,0.4074282777422831,0.0,1.0,0.3497675285395157,False
rareness,0.3895998208769857,recall_region_2,λ=0,divtree_lambda0,221,0.8338528339696843,0.27804902508386053,0.16226240148354198,0.0,1.0,0.3917487596737324,False
rareness,0.3895998208769857,fnr_region_2,λ=0,divtree_lambda0,221,0.16614716603031573,0.2780490250838605,0.16226240148354196,0.0,1.0,0.3917487596737324,False
rareness,0.4140892067794632,recall_region_2,λ=8,divtree_lambda8_region2,204,0.8464112282972402,0.2779013431560347,0.16218979064641814,0.10897312022298793,1.0,0.375819346622807,False
rareness,0.4140892067794632,fnr_region_2,λ=8,divtree_lambda8_region2,204,0.15358877170275972,0.27790134315603465,0.16218979064641814,0.0,0.8910268797770121,0.375819346622807,False
intensity,0.8424210637824314,precision_region_2,λ=4,divtree_lambda4_region2,186,0.5485325620586207,0.27753856370898167,0.4080739631510115,0.2107425964490192,1.0,0.3176570223321836,False
noise,2.142815589586332,f1_region_2,TwoStep (recall),twostep_recall,205,0.3104298255061225,0.27749579597473206,0.5436065573770492,0.0,0.6585707024751614,0.33541338825174577,False
rareness,0.2426635054621208,f1_region_2,TwoStep (recall),twostep_recall,213,0.34854425625497754,0.27720451703663174,0.22073382646471765,0.0,1.0,0.3347925455448858,False
noise,6.037731371322748,precision_region_2,λ=4,divtree_lambda4_region2,182,0.3652653558738543,0.2768585070186901,0.28141472904132936,0.03233819212019987,1.0,0.3105831590591568,False
sparsity,1.0,f1_region_2,TwoStep (tuned),twostep_tuned,699,0.24865728543698007,0.27668669788560374,0.5443850343830678,0.0,0.6410861525678248,0.29951406461796964,False
sparsity,1.0,f1_region_2,TwoStep (recall),twostep_recall,699,0.24865728543698007,0.27668669788560374,0.5443850343830678,0.0,0.6410861525678248,0.2986094916088595,False
noise,3.026549586817165,f1_region_2,TwoStep (tuned),twostep_tuned,231,0.29496523314510575,0.2757019940766141,0.5358985125049778,0.0,0.6618381278473396,0.34331462425450227,False
noise,8.527795614328893,f1_region_2,λ=0,divtree_lambda0,228,0.2392030015692658,0.27515275252508314,0.49298965630011377,0.0,0.6456983234167636,0.3607976981338745,False
intensity,0.4223033626515117,precision_region_2,λ=0,divtree_lambda0,175,0.5625650685120033,0.27509378365474224,0.4402649138191132,0.23946368539011065,1.0,0.3119724814877106,False
data_size,11087.731534380375,precision_region_2,λ=8,divtree_lambda8_region2,207,0.4115467775171313,0.27494267887198803,0.24963065858403666,0.05191220729648389,1.0,0.3133870241268255,False
noise,3.026549586817165,f1_region_2,TwoStep (recall),twostep_recall,231,0.291659877664271,0.27463433637442036,0.5361935839460543,0.0,0.6621218684938561,0.33541338825174577,False
rareness,0.3161316631695532,f1_region_2,λ=2,divtree_lambda2_region2,234,0.5168341055212974,0.274478706604871,0.20145882013024918,0.07447260750833817,1.0,0.3766809924017986,False
rareness,0.1691953477546883,precision_region_2,TwoStep (tuned),twostep_tuned,178,0.49512961747862966,0.2742636114968155,0.35027387704769586,0.168607361988274,1.0,0.34421405595942656,False
rareness,0.1691953477546883,precision_region_2,TwoStep (recall),twostep_recall,177,0.4928985756524445,0.27406227652750464,0.35678476128868297,0.16429176639234108,1.0,0.34299908832738524,False
data_size,78372.01043754505,precision_region_2,TwoStep (tuned),twostep_tuned,174,0.5465394113891756,0.27394804943453743,0.33212663821139277,0.22844827586206898,1.0,0.27439081569502427,False
noise,1.0741348427807047,precision_region_2,TwoStep (tuned),twostep_tuned,175,0.5187301068811696,0.27248938651063837,0.33356448299222896,0.17339388064016872,1.0,0.27258040516543924,False
rareness,0.3161316631695532,f1_region_2,λ=0,divtree_lambda0,234,0.5198163033094639,0.2723089962150309,0.19286763587734612,0.0,1.0,0.3684886277994117,False
data_size,308094.3880361152,precision_region_2,λ=0,divtree_lambda0,176,0.5579458980289618,0.2721346437623672,0.4288518742669031,0.23758786267519977,1.0,0.3150305157629184,False
noise,1.0741348427807047,precision_region_2,TwoStep (recall),twostep_recall,175,0.4953843181998027,0.271847508127923,0.31259501122146605,0.16593688971117282,1.0,0.27202819206766726,False
data_size,455561.95166088303,precision_region_2,TwoStep (recall),twostep_recall,179,0.5153981783811045,0.2718448437434287,0.38111315862265377,0.25080601474621816,1.0,0.2719922722140517,False
rareness,0.29164227726707576,f1_region_2,λ=8,divtree_lambda8_region2,222,0.4616016950907014,0.271023929960595,0.3869791885910553,0.16389091868469233,1.0,0.3737367058482066,False
intensity,0.8424210637824314,precision_region_2,λ=0,divtree_lambda0,173,0.5573212575179936,0.2707161575531103,0.4003811142208688,0.26929452918573477,1.0,0.3119724814877106,False
rareness,0.3895998208769857,fnr_region_2,λ=2,divtree_lambda2_region2,221,0.16638149872337404,0.27063244184676893,0.17522147832555623,0.0,0.8601696777880347,0.3798287770404419,False
rareness,0.3895998208769857,recall_region_2,λ=2,divtree_lambda2_region2,221,0.833618501276626,0.27063244184676893,0.17522147832555623,0.13983032221196537,1.0,0.3798287770404419,False
data_size,78372.01043754505,precision_region_2,TwoStep (recall),twostep_recall,173,0.5077563176133087,0.26994523454470964,0.3309800470970484,0.22811671087533159,1.0,0.2719922722140517,False
rareness,0.3161316631695532,accuracy,λ=2,divtree_lambda2_region2,234,0.45853533303910804,0.26984552530929856,0.3145898487982844,0.2339326249095762,1.0,0.2698663723359985,False
rareness,0.3161316631695532,accuracy,λ=4,divtree_lambda4_region2,234,0.458116078964366,0.2696301214428532,0.32337292757625397,0.2364863131433194,1.0,0.2696365511972895,False
data_size,13482.627330113071,precision_region_2,TwoStep (recall),twostep_recall,202,0.4541009590037025,0.26954769937134254,0.23266504230678003,0.10231897633329323,1.0,0.2719922722140517,False
intensity,0.5316095394193532,precision_region_2,TwoStep (tuned),twostep_tuned,196,0.5286248852899501,0.2695415384599111,0.2897971596976143,0.1914829268292683,1.0,0.2697614724088035,False
intensity,0.13359290997532036,precision_region_2,TwoStep (tuned),twostep_tuned,188,0.48121800555122535,0.2694825648247697,0.26889778059329006,0.0891575861188747,1.0,0.2697614724088035,False
data_size,64450.92564416891,precision_region_2,TwoStep (tuned),twostep_tuned,181,0.4880017282345706,0.26944560818490215,0.2659779614325069,0.17064439140811455,1.0,0.27439081569502427,False
rareness,0.3161316631695532,f1_region_2,λ=4,divtree_lambda4_region2,234,0.5220776792187456,0.26916137106189253,0.2755588175720888,0.15308635504980064,1.0,0.37882363801075863,False
rareness,0.29164227726707576,fnr_region_2,TwoStep (tuned),twostep_tuned,222,0.3385503653344251,0.26889751320936783,0.4749615391300584,0.0,0.9050854830417989,0.3328522872156383,False
rareness,0.29164227726707576,recall_region_2,TwoStep (tuned),twostep_tuned,222,0.6614496346655749,0.26889751320936783,0.47496153913005845,0.09491451695820098,1.0,0.33285228721563836,False
data_size,64450.92564416891,precision_region_2,TwoStep (recall),twostep_recall,179,0.46246530502547445,0.26867710277185186,0.19341193949430646,0.15223112728480556,1.0,0.2719922722140517,False
noise,0.06781953893881253,precision_region_2,TwoStep (recall),twostep_recall,180,0.5392055491445176,0.26844769648013106,0.4287714775810858,0.26911458137700484,1.0,0.27202819206766726,False
noise,0.19109257923523043,precision_region_2,TwoStep (recall),twostep_recall,182,0.5383738752063297,0.26768299785923677,0.35000012684000703,0.2772752636226353,1.0,0.27202819206766726,False
rareness,0.3161316631695532,accuracy,λ=8,divtree_lambda8_region2,234,0.45595542556366414,0.2676008896175935,0.3037943019290024,0.23841711042896946,1.0,0.26768526260589653,False
rareness,0.3161316631695532,accuracy,λ=0,divtree_lambda0,234,0.4632794728848223,0.2674764015893122,0.3375459431334449,0.23008294846270722,1.0,0.26760180831431135,False
data_size,140914.75612831092,precision_region_2,TwoStep (tuned),twostep_tuned,187,0.538324798088387,0.26746953309466376,0.2866192019460902,0.18200874037978113,1.0,0.27439081569502427,False
rareness,0.3161316631695532,f1_region_2,λ=8,divtree_lambda8_region2,234,0.5286181498955075,0.2674614126195447,0.3013810511221303,0.1582588162982094,1.0,0.3737367058482066,False
rareness,0.3161316631695532,precision_region_2,λ=0,divtree_lambda0,219,0.4995632872341519,0.2671650061967121,0.29398271969757384,0.3083016579827045,1.0,0.3970608242769601,False
intensity,0.7508360294199752,precision_region_2,TwoStep (tuned),twostep_tuned,190,0.5439972742024125,0.2668004230966454,0.3762381577068724,0.19588631264023934,1.0,0.2697614724088035,False
intensity,0.21169951438065343,precision_region_2,TwoStep (tuned),twostep_tuned,213,0.4746927152294229,0.2666881284022383,0.24285061297690996,0.09259431765253842,1.0,0.2697614724088035,False
rareness,0.4140892067794632,fnr_region_2,λ=2,divtree_lambda2_region2,204,0.1664400059596814,0.266591342286666,0.18513439070231244,0.0,0.876626887623427,0.3798287770404419,False
rareness,0.4140892067794632,recall_region_2,λ=2,divtree_lambda2_region2,204,0.8335599940403187,0.266591342286666,0.18513439070231252,0.12337311237657288,1.0,0.3798287770404419,False
noise,0.01206534794533958,accuracy,λ=4,divtree_lambda4_region2,226,0.5017987628672792,0.2664714737441598,0.36349363974648724,0.2537106279107054,1.0,0.2666562186726746,False
noise,0.19109257923523043,accuracy,λ=0,divtree_lambda0,207,0.4948258020937343,0.2660099550249611,0.35332925717632213,0.24277997453437847,1.0,0.26628083036352895,False
intensity,0.4223033626515117,precision_region_2,TwoStep (tuned),twostep_tuned,203,0.5418775314144149,0.2659794384498644,0.2952072535767254,0.22522727272727275,1.0,0.2697614724088035,False
noise,0.19109257923523043,accuracy,λ=4,divtree_lambda4_region2,207,0.49111348344124295,0.2657768126253591,0.348315014336024,0.24600643416980603,1.0,0.2666562186726746,False
rareness,0.09572719004725587,accuracy,λ=8,divtree_lambda8_region2,235,0.4600258899181033,0.2656379168389306,0.33273536010855365,0.26479221330544905,1.0,0.26768526260589653,False
rareness,0.09572719004725587,accuracy,λ=4,divtree_lambda4_region2,235,0.46123145848246777,0.2656290664280416,0.329442567642627,0.26495931677042617,1.0,0.2696365511972895,False
noise,0.04801664771977973,accuracy,λ=0,divtree_lambda0,227,0.4964489780537925,0.26561553269330007,0.342504715270074,0.2510975131731391,1.0,0.26628083036352895,False
intensity,0.4223033626515117,precision_region_2,TwoStep (recall),twostep_recall,202,0.5081692894445514,0.2656071982153721,0.33025742238930095,0.2275369978858351,1.0,0.26655417392710745,False
noise,0.01206534794533958,accuracy,λ=8,divtree_lambda8_region2,226,0.5014459572015646,0.26548746265321416,0.3428243835691427,0.2502284689261126,1.0,0.26562571911739824,False
data_size,64450.92564416891,accuracy,λ=0,divtree_lambda0,213,0.4648553030343098,0.26539344720489516,0.34975751143326145,0.24308784937558442,1.0,0.26548798019147923,False
data_size,374641.26936243696,accuracy,λ=0,divtree_lambda0,231,0.513166243910931,0.26520146919087967,0.3693196784570343,0.26655605259263737,1.0,0.26548798019147923,False
rareness,0.4140892067794632,fnr_region_2,λ=4,divtree_lambda4_region2,204,0.14379402668521485,0.2651677445147036,0.1454140951132761,0.0,0.8742807724876833,0.37789458136097254,False
rareness,0.4140892067794632,recall_region_2,λ=4,divtree_lambda4_region2,204,0.8562059733147851,0.2651677445147036,0.1454140951132762,0.1257192275123166,1.0,0.37789458136097254,False
intensity,0.13359290997532036,precision_region_2,TwoStep (recall),twostep_recall,188,0.45796611080008237,0.264914646152314,0.20781135296425068,0.08942436052687047,1.0,0.26655417392710745,False
data_size,374641.26936243696,accuracy,λ=4,divtree_lambda4_region2,231,0.5083177229136177,0.2648640571401116,0.3513901647166094,0.2622808138337441,1.0,0.2650731879885524,False
noise,0.26990244496021376,precision_region_2,TwoStep (recall),twostep_recall,206,0.5408652308766434,0.2646489552710447,0.3942332787950512,0.26546471585910647,1.0,0.27202819206766726,False
rareness,0.09572719004725587,accuracy,λ=0,divtree_lambda0,235,0.466651642969887,0.26436291491642133,0.33538765976510637,0.2734071643056079,1.0,0.26760180831431135,False
noise,0.19109257923523043,accuracy,λ=8,divtree_lambda8_region2,207,0.49010614157675214,0.26392931764483035,0.3355503549894451,0.25040186437902845,1.0,0.26562571911739824,False
data_size,455561.95166088303,precision_region_2,TwoStep (tuned),twostep_tuned,180,0.542289707410862,0.26377740890892654,0.3757504628630419,0.2519754997854998,1.0,0.27439081569502427,False
data_size,374641.26936243696,accuracy,λ=2,divtree_lambda2_region2,231,0.5080935593789958,0.2633627979313578,0.3525653771069715,0.2627637690119521,1.0,0.2637043300959525,False
data_size,64450.92564416891,accuracy,λ=8,divtree_lambda8_region2,213,0.46409361556967593,0.2633594731212902,0.3388157468693062,0.24781440272282076,1.0,0.26345044784067795,False
noise,0.13529471303661472,accuracy,λ=2,divtree_lambda2_region2,234,0.49071639971850883,0.2632909070956797,0.3456609076763604,0.2489514651396358,1.0,0.2635194616214479,False
data_size,374641.26936243696,accuracy,λ=8,divtree_lambda8_region2,231,0.505788050095151,0.2631346968822612,0.3297721050352731,0.26255917208048896,1.0,0.26345044784067795,False
noise,6.037731371322748,precision_region_2,λ=8,divtree_lambda8_region2,198,0.3523207574008319,0.2629881994450067,0.27616513012791305,0.03134469596934429,1.0,0.3100843316189223,False
rareness,0.43857859268194066,fnr_region_2,λ=4,divtree_lambda4_region2,223,0.14345989265753303,0.26282480331245656,0.15750640769172414,0.0,0.8736728277022806,0.37789458136097254,False
rareness,0.43857859268194066,recall_region_2,λ=4,divtree_lambda4_region2,223,0.856540107342467,0.26282480331245656,0.15750640769172408,0.12632717229771878,1.0,0.37789458136097254,False
rareness,0.3161316631695532,recall_region_2,TwoStep (recall),twostep_recall,234,0.8571108217489595,0.2626797674655819,0.11975580097476046,0.21596272599419844,1.0,0.3486937994511189,False
rareness,0.3161316631695532,fnr_region_2,TwoStep (recall),twostep_recall,234,0.1428891782510405,0.26267976746558186,0.11975580097476045,0.0,0.7840372740058015,0.3486937994511189,False
intensity,0.2990006969801944,precision_region_2,TwoStep (recall),twostep_recall,161,0.5084811557546239,0.26261215942134203,0.3198183537142945,0.15833333333333333,1.0,0.26655417392710745,False
noise,0.01206534794533958,accuracy,λ=2,divtree_lambda2_region2,226,0.49950556172560323,0.2624314615903292,0.35988487819488235,0.2548156565323016,1.0,0.2635194616214479,False
noise,0.09578948302920401,accuracy,λ=0,divtree_lambda0,216,0.4854362916864674,0.26240355678387456,0.34996966429046533,0.24521234579497597,1.0,0.26628083036352895,False
noise,0.06781953893881253,precision_region_2,TwoStep (tuned),twostep_tuned,181,0.5785018005831679,0.2623647403616072,0.42547970460408524,0.28741418764302057,1.0,0.27258040516543924,False
noise,8.527795614328893,f1_region_2,λ=2,divtree_lambda2_region2,228,0.2449592481922619,0.2623363347915339,0.4833288444864129,0.0,0.6501902978337195,0.3538171385063605,False
data_size,64450.92564416891,accuracy,λ=4,divtree_lambda4_region2,213,0.46374155624590135,0.26220896607850713,0.3326303774988379,0.24781440272282076,1.0,0.2650731879885524,False
intensity,0.10612438439422897,accuracy,λ=8,divtree_lambda8_region2,226,0.4203188051593636,0.2620294175433611,0.19323551370665365,0.2338207934610373,1.0,0.2620327782747425,False
noise,0.13529471303661472,accuracy,λ=0,divtree_lambda0,234,0.4901406687694301,0.2620121933237755,0.3434539068760012,0.2587634844210386,1.0,0.26628083036352895,False
noise,0.19109257923523043,accuracy,λ=2,divtree_lambda2_region2,207,0.4908555599274457,0.2619820046653698,0.35683379158437256,0.2456304576220951,1.0,0.2635194616214479,False
data_size,24242.087597150792,precision_region_2,TwoStep (tuned),twostep_tuned,194,0.48815833637049433,0.26190712490069645,0.25879864841034633,0.1139296384121753,1.0,0.27439081569502427,False
intensity,0.10612438439422897,accuracy,λ=4,divtree_lambda4_region2,226,0.4212837942084014,0.2616956675924464,0.17736712094112017,0.23302478431250634,1.0,0.26183838418660527,False
noise,0.19109257923523043,precision_region_2,TwoStep (tuned),twostep_tuned,182,0.5725561432202994,0.26168682821725114,0.3983057007487453,0.2971166584631524,1.0,0.27258040516543924,False
intensity,0.21169951438065343,precision_region_2,TwoStep (recall),twostep_recall,211,0.4525081709019152,0.2615726103175378,0.2162423441149472,0.09606108919183459,1.0,0.26655417392710745,False
rareness,0.2671528913645983,f1_region_2,TwoStep (tuned),twostep_tuned,240,0.4548195972675029,0.2615602811036035,0.22268533263037138,0.0,1.0,0.33485917844274565,False
intensity,0.10612438439422897,accuracy,λ=0,divtree_lambda0,226,0.42390976500250666,0.26145161813691253,0.17072016683001273,0.21688911741244338,1.0,0.2615880585486085,False
data_size,253368.11425203207,precision_region_2,TwoStep (tuned),twostep_tuned,182,0.5221893567120114,0.26124529532862206,0.26747044662982816,0.17574367088607595,1.0,0.27439081569502427,False
noise,0.13529471303661472,accuracy,λ=4,divtree_lambda4_region2,234,0.48846348346908713,0.261216635732315,0.3307031279159187,0.254072742735569,1.0,0.2666562186726746,False
data_size,53002.61908810494,precision_region_2,TwoStep (tuned),twostep_tuned,195,0.510371085097999,0.26085230859730635,0.2428091328947387,0.1571307874281852,1.0,0.27439081569502427,False
data_size,53002.61908810494,precision_region_2,TwoStep (recall),twostep_recall,195,0.4844110854667383,0.26055249676960357,0.19275505769361717,0.15690418679549117,1.0,0.2719922722140517,False
intensity,0.10612438439422897,accuracy,λ=2,divtree_lambda2_region2,226,0.4173967299131486,0.2604655190628208,0.1766861761633418,0.22534797575075938,1.0,0.26071213132642695,False
rareness,0.09572719004725587,accuracy,λ=2,divtree_lambda2_region2,235,0.46120354265235136,0.2604367955187768,0.321966602537367,0.2668304826615214,1.0,0.2698663723359985,False
data_size,253368.11425203207,precision_region_2,TwoStep (recall),twostep_recall,180,0.48772055752583754,0.2603664218783879,0.23119066629710494,0.20396361260708995,1.0,0.2719922722140517,False
noise,0.13529471303661472,accuracy,λ=8,divtree_lambda8_region2,234,0.4884361622844472,0.26034449986449354,0.3276957488497592,0.2557681362730471,1.0,0.26562571911739824,False
data_size,53002.61908810494,accuracy,λ=0,divtree_lambda0,231,0.4736595184961294,0.26009202888077815,0.3188771646317392,0.24166714012271168,1.0,0.26548798019147923,False
data_size,64450.92564416891,accuracy,λ=2,divtree_lambda2_region2,213,0.4615169465174181,0.2599363722049672,0.3419304495145976,0.24659189303835893,1.0,0.2637043300959525,False
noise,0.26990244496021376,precision_region_2,TwoStep (tuned),twostep_tuned,207,0.5811994242068516,0.2598445659450583,0.39577265243335447,0.276131728681673,1.0,0.27258040516543924,False
intensity,0.3354720276494002,precision_region_2,TwoStep (tuned),twostep_tuned,181,0.5164396112621554,0.2592763168890354,0.28296614249530017,0.1959550561797753,1.0,0.2697614724088035,False
noise,0.5384344159537604,accuracy,λ=4,divtree_lambda4_region2,220,0.47010217609346966,0.2592560685993468,0.3241528922508785,0.24583730412690358,1.0,0.2666562186726746,False
noise,0.5384344159537604,accuracy,λ=2,divtree_lambda2_region2,220,0.4728896155088169,0.2592129302497234,0.3447658514809598,0.2451031236108765,1.0,0.2635194616214479,False
noise,0.5384344159537604,accuracy,λ=0,divtree_lambda0,220,0.4726021203485422,0.2589969965670406,0.3252980366781911,0.24427842151559293,1.0,0.26628083036352895,False
data_size,53002.61908810494,accuracy,λ=8,divtree_lambda8_region2,231,0.4712279511815568,0.25893004636007666,0.3277703457732417,0.24175989510956356,1.0,0.26345044784067795,False
data_size,53002.61908810494,accuracy,λ=4,divtree_lambda4_region2,231,0.47242472417129716,0.25891276719854955,0.32038344477057784,0.24175989510956356,1.0,0.2650731879885524,False
noise,0.09578948302920401,accuracy,λ=4,divtree_lambda4_region2,216,0.4809376883250223,0.2586777514057675,0.34286717279443374,0.24521234579497597,1.0,0.2666562186726746,False
noise,0.09578948302920401,accuracy,λ=2,divtree_lambda2_region2,216,0.4803607691518118,0.2586256229917069,0.3343271391610494,0.24660876443582472,1.0,0.2635194616214479,False
data_size,53002.61908810494,accuracy,λ=2,divtree_lambda2_region2,231,0.4728921093429189,0.25857831262793035,0.3360026437287052,0.24175989510956356,1.0,0.2637043300959525,False
noise,0.5384344159537604,accuracy,λ=8,divtree_lambda8_region2,220,0.4689705549374202,0.2585691061896065,0.3371385691385549,0.2451143512398258,1.0,0.26562571911739824,False
rareness,0.3406210490720307,f1_region_2,λ=0,divtree_lambda0,192,0.4963906441246028,0.25845621694151333,0.0462764081728968,0.0,1.0,0.3684886277994117,False
intensity,0.7508360294199752,precision_region_2,TwoStep (recall),twostep_recall,189,0.5172000508918251,0.25843869774086037,0.33233495569699234,0.24565916398713827,1.0,0.26655417392710745,False
noise,0.09578948302920401,accuracy,λ=8,divtree_lambda8_region2,216,0.4806297058823122,0.25839853907167043,0.3234078777634014,0.24681490765699296,1.0,0.26562571911739824,False
data_size,29478.2599815721,precision_region_2,TwoStep (tuned),twostep_tuned,203,0.47181202399451266,0.25804322523177303,0.24031354103469071,0.09970684406359229,1.0,0.27439081569502427,False
rareness,0.29164227726707576,accuracy,λ=8,divtree_lambda8_region2,222,0.4177271898036532,0.2580390883425304,0.28589966138940925,0.24026884109433078,1.0,0.26768526260589653,False
rareness,0.29164227726707576,accuracy,λ=4,divtree_lambda4_region2,222,0.4174258671121629,0.2578630951157426,0.2756504870135316,0.23956497743476057,1.0,0.2696365511972895,False
intensity,0.21169951438065343,accuracy,λ=0,divtree_lambda0,251,0.4453691154160758,0.25763626850555144,0.21662256066032737,0.23658339310290688,1.0,0.2615880585486085,False
intensity,0.5316095394193532,accuracy,λ=0,divtree_lambda0,233,0.4994905142494846,0.25740390478729996,0.342267831787584,0.2589186003236117,1.0,0.2615880585486085,False
intensity,0.5316095394193532,accuracy,λ=2,divtree_lambda2_region2,233,0.4997600357816531,0.25735773884150076,0.331988001500271,0.2551704208748586,1.0,0.26071213132642695,False
noise,0.26990244496021376,accuracy,λ=0,divtree_lambda0,230,0.5044360679771728,0.2572150805718704,0.3352703584424932,0.2576390518523398,1.0,0.26628083036352895,False
noise,0.26990244496021376,accuracy,λ=8,divtree_lambda8_region2,230,0.5039374714271353,0.25702402095230525,0.3268697219478324,0.2516825290284581,1.0,0.26562571911739824,False
noise,0.26990244496021376,accuracy,λ=4,divtree_lambda4_region2,230,0.5020524677695114,0.25680079597721067,0.32780811854130915,0.25264811063906545,1.0,0.2666562186726746,False
intensity,0.5316095394193532,accuracy,λ=4,divtree_lambda4_region2,233,0.4966444964738225,0.2567271485658661,0.32890420594810466,0.2537262815359465,1.0,0.26183838418660527,False
rareness,0.4140892067794632,fnr_region_2,λ=0,divtree_lambda0,204,0.15296571358036715,0.2566793562777197,0.162169448256361,0.0,0.871006547771345,0.3917487596737324,False
rareness,0.4140892067794632,recall_region_2,λ=0,divtree_lambda0,204,0.8470342864196327,0.25667935627771965,0.16216944825636104,0.12899345222865494,1.0,0.3917487596737324,False
intensity,0.6692077956169817,precision_region_2,TwoStep (recall),twostep_recall,186,0.49734382214633477,0.2566489749101216,0.23309975704199654,0.24593108504398825,1.0,0.26655417392710745,False
intensity,0.3354720276494002,precision_region_2,TwoStep (recall),twostep_recall,180,0.48022652994136816,0.25657994514391846,0.18125617779117642,0.20064301514849,1.0,0.26655417392710745,False
intensity,0.5964538942816824,precision_region_2,TwoStep (tuned),twostep_tuned,188,0.5073362732765465,0.2565549624475117,0.25970290612669633,0.15593031333406454,1.0,0.2697614724088035,False
rareness,0.29164227726707576,accuracy,λ=0,divtree_lambda0,222,0.4209665451197693,0.25637926604826977,0.22292877840737135,0.23664276673655854,1.0,0.26760180831431135,False
noise,0.26990244496021376,accuracy,λ=2,divtree_lambda2_region2,230,0.5026858366816864,0.25624159571554056,0.3415540332793917,0.25315097801792147,1.0,0.2635194616214479,False
noise,4.274750681290067,f1_region_2,TwoStep (tuned),twostep_tuned,224,0.2702620376393451,0.25616298421388434,0.4924202230199872,0.0,0.6580906654247907,0.34331462425450227,False
data_size,16394.80890739932,precision_region_2,TwoStep (tuned),twostep_tuned,192,0.46703017858243223,0.2559831740944449,0.20205310061811077,0.1370149800723808,1.0,0.27439081569502427,False
intensity,0.5964538942816824,precision_region_2,TwoStep (recall),twostep_recall,187,0.47948653742850633,0.2556598300120001,0.18580244542277935,0.1295533070088845,1.0,0.26655417392710745,False
rareness,0.2671528913645983,f1_region_2,TwoStep (recall),twostep_recall,240,0.435241147556714,0.2555657925664948,0.10040751865380387,0.0,1.0,0.3347925455448858,False
intensity,0.21169951438065343,accuracy,λ=8,divtree_lambda8_region2,251,0.4410933852240818,0.2554033953311431,0.22944155683860296,0.2374913401136023,1.0,0.2620327782747425,False
noise,0.01206534794533958,precision_region_2,TwoStep (recall),twostep_recall,201,0.5467956464743977,0.25539115347660213,0.3751463502612642,0.28180676689177725,1.0,0.27202819206766726,False
intensity,0.3354720276494002,accuracy,λ=4,divtree_lambda4_region2,204,0.47114462975178845,0.2553755876578963,0.3394874345117244,0.24122690617409315,1.0,0.26183838418660527,False
noise,0.024069432106053914,precision_region_2,TwoStep (recall),twostep_recall,193,0.5182678609107289,0.2553152081732319,0.2708020050125314,0.2662795928430068,1.0,0.27202819206766726,False
noise,4.274750681290067,f1_region_2,TwoStep (recall),twostep_recall,224,0.2711958053758384,0.2552768977234261,0.49909752264088386,0.0,0.6589111276745979,0.33541338825174577,False
intensity,0.21169951438065343,accuracy,λ=4,divtree_lambda4_region2,251,0.44231826792081885,0.25519381988839196,0.22459319278822,0.24079070026712251,1.0,0.26183838418660527,False
intensity,0.5316095394193532,accuracy,λ=8,divtree_lambda8_region2,233,0.49447714723030695,0.25494898222446666,0.3195432927599025,0.2551704208748586,1.0,0.2620327782747425,False
rareness,0.29164227726707576,accuracy,λ=2,divtree_lambda2_region2,222,0.42128434089215644,0.25482838572202976,0.3032121797455284,0.23737904947457078,1.0,0.2698663723359985,False
intensity,0.3354720276494002,accuracy,λ=0,divtree_lambda0,204,0.474819562627064,0.2547167028882353,0.3392930296637364,0.23857015194586492,1.0,0.2615880585486085,False
intensity,0.21169951438065343,accuracy,λ=2,divtree_lambda2_region2,251,0.4436429747130874,0.25461811118858685,0.21556616167633064,0.23858012377905097,1.0,0.26071213132642695,False
intensity,0.6692077956169817,accuracy,λ=2,divtree_lambda2_region2,209,0.491676723803021,0.2545397147118205,0.3589468829174907,0.26110901886147736,1.0,0.26071213132642695,False
noise,0.06781953893881253,accuracy,λ=0,divtree_lambda0,206,0.4741098562269368,0.2544341477541986,0.34070838657162245,0.24551115841530363,1.0,0.26628083036352895,False
noise,0.5384344159537604,precision_region_2,TwoStep (recall),twostep_recall,188,0.4659532092388882,0.2544163367218709,0.18909766559170121,0.1637201824514718,1.0,0.27202819206766726,False
data_size,95299.98147634632,precision_region_2,TwoStep (tuned),twostep_tuned,171,0.5044799685084946,0.25423718073077234,0.2737863972522798,0.1582924836601307,1.0,0.27439081569502427,False
data_size,24242.087597150792,precision_region_2,TwoStep (recall),twostep_recall,193,0.4575836367361211,0.2539766327662568,0.20358489647743583,0.11423392359376765,1.0,0.2719922722140517,False
data_size,208362.77391753628,precision_region_2,TwoStep (tuned),twostep_tuned,186,0.48754971772524075,0.2539671976205067,0.2081215174145808,0.18258399306786405,1.0,0.27439081569502427,False
intensity,0.3354720276494002,accuracy,λ=2,divtree_lambda2_region2,204,0.4704978204927072,0.25382285129753557,0.3358325613159747,0.23857015194586492,1.0,0.26071213132642695,False
intensity,0.6692077956169817,accuracy,λ=4,divtree_lambda4_region2,209,0.48922626654801066,0.2537899354882359,0.34836368325246214,0.25745654611633995,1.0,0.26183838418660527,False
intensity,0.6692077956169817,accuracy,λ=0,divtree_lambda0,209,0.4945456470013974,0.2536932902928166,0.34190371742486886,0.2619298963799985,1.0,0.2615880585486085,False
intensity,0.9451774034505906,precision_region_2,TwoStep (tuned),twostep_tuned,175,0.5308962532080344,0.25339908015743395,0.3060440431215018,0.23163534406555186,1.0,0.2697614724088035,False
rareness,0.43857859268194066,fnr_region_2,λ=8,divtree_lambda8_region2,223,0.13497157726013276,0.25335662832050265,0.1450327555157615,0.0,0.8319893712633347,0.375819346622807,False
rareness,0.43857859268194066,recall_region_2,λ=8,divtree_lambda8_region2,223,0.8650284227398671,0.25335662832050265,0.14503275551576145,0.16801062873666522,1.0,0.375819346622807,False
noise,0.13529471303661472,precision_region_2,TwoStep (tuned),twostep_tuned,210,0.5527654285465552,0.2533555579538363,0.2911863328679384,0.28286535721702866,1.0,0.27258040516543924,False
intensity,0.6692077956169817,accuracy,λ=8,divtree_lambda8_region2,209,0.4881851226967248,0.2531627965796236,0.3372785487311684,0.25732404075262605,1.0,0.2620327782747425,False
intensity,0.1681712049266273,precision_region_2,TwoStep (tuned),twostep_tuned,177,0.4944763925435767,0.2531047354895094,0.2869676866372414,0.18595394692048967,1.0,0.2697614724088035,False
noise,0.5384344159537604,precision_region_2,TwoStep (tuned),twostep_tuned,189,0.4942178184082972,0.2530619694227323,0.24920925594030063,0.16418109035018294,1.0,0.27258040516543924,False
noise,1.5171265228807906,accuracy,λ=4,divtree_lambda4_region2,224,0.4418716626930775,0.2529753477421042,0.21526330153709872,0.23929058405634646,1.0,0.2666562186726746,False
sparsity,6.0,f1_region_2,TwoStep (recall),twostep_recall,701,0.28265995262098087,0.25289865478600965,0.5357390677567375,0.0,0.6426234223868253,0.2986094916088595,False
data_size,29478.2599815721,precision_region_2,TwoStep (recall),twostep_recall,202,0.4430253381856254,0.25281928589932834,0.2057936711336868,0.09958249333857382,1.0,0.2719922722140517,False
noise,1.5171265228807906,accuracy,λ=0,divtree_lambda0,224,0.44493570213796224,0.2527334284062884,0.20792969305191178,0.23877525375682854,1.0,0.26628083036352895,False
noise,1.5171265228807906,accuracy,λ=2,divtree_lambda2_region2,224,0.4430926586756163,0.252676343794774,0.21243139165397662,0.24277245309744705,1.0,0.2635194616214479,False
noise,0.06781953893881253,accuracy,λ=2,divtree_lambda2_region2,206,0.4710032485122425,0.25255566907084653,0.3423257315402607,0.24497666779108412,1.0,0.2635194616214479,False
rareness,0.2671528913645983,precision_region_2,TwoStep (recall),twostep_recall,222,0.3963168443998081,0.25249888644955437,0.06766116890794183,0.2569189061018894,1.0,0.34299908832738524,False
noise,0.38121485453303716,accuracy,λ=4,divtree_lambda4_region2,211,0.47218900008518944,0.25244133876464,0.3095542539845324,0.2550703615321661,1.0,0.2666562186726746,False
data_size,171351.654420983,accuracy,λ=0,divtree_lambda0,203,0.48370031002263125,0.25242932028920884,0.31967384070271887,0.2507065208331704,1.0,0.26548798019147923,False
intensity,0.1681712049266273,precision_region_2,TwoStep (recall),twostep_recall,177,0.46747527394766947,0.25242890492709624,0.19799072767744297,0.18310052721995143,1.0,0.26655417392710745,False
rareness,0.3161316631695532,recall_region_2,TwoStep (tuned),twostep_tuned,234,0.7482896250178629,0.25242171421881104,0.36074564012718957,0.21596272599419844,1.0,0.33285228721563836,False
rareness,0.3161316631695532,fnr_region_2,TwoStep (tuned),twostep_tuned,234,0.2517103749821371,0.252421714218811,0.36074564012718957,0.0,0.7840372740058015,0.3328522872156383,False
rareness,0.2671528913645983,accuracy,λ=0,divtree_lambda0,240,0.40316047729743737,0.25217465862231,0.14477264708039594,0.2402726112435048,1.0,0.26760180831431135,False
sparsity,6.0,f1_region_2,λ=0,divtree_lambda0,701,0.24113362860365314,0.25180212435245686,0.5077288441304675,0.0,0.6318339829347941,0.25191187092853257,False
intensity,0.8424210637824314,precision_region_2,TwoStep (tuned),twostep_tuned,195,0.5173064953287954,0.2516775773293467,0.2686313454106134,0.221010101010101,1.0,0.2697614724088035,False
intensity,0.3354720276494002,accuracy,λ=8,divtree_lambda8_region2,204,0.4654253500451783,0.2516551590441113,0.33730103741360856,0.23795126106774647,1.0,0.2620327782747425,False
intensity,0.9451774034505906,precision_region_2,TwoStep (recall),twostep_recall,172,0.4937066821800263,0.2515885107082408,0.27977862109339263,0.24625695496437872,1.0,0.26655417392710745,False
rareness,0.2671528913645983,accuracy,λ=4,divtree_lambda4_region2,240,0.3996517708239143,0.25149118452653957,0.13574004266188344,0.24293610712106778,1.0,0.2696365511972895,False
intensity,0.3763920367806187,precision_region_2,TwoStep (tuned),twostep_tuned,184,0.4901994223759873,0.25148212148529764,0.22232286601623513,0.16257841452021493,1.0,0.2697614724088035,False
data_size,115884.31148680957,precision_region_2,TwoStep (tuned),twostep_tuned,202,0.5203751868452934,0.25130533199597943,0.3030832038959091,0.1893485944211843,1.0,0.27439081569502427,False
data_size,115884.31148680957,precision_region_2,TwoStep (recall),twostep_recall,202,0.4913626078687012,0.25120009564748597,0.30480410933138324,0.1893485944211843,1.0,0.2719922722140517,False
noise,0.19109257923523043,accuracy,TwoStep (recall),twostep_recall,207,0.49783596859297213,0.25100188929582384,0.24644582271507626,0.27679860170878134,1.0,0.25129338371074594,False
intensity,0.9451774034505906,accuracy,λ=8,divtree_lambda8_region2,200,0.482470663143553,0.2509903643275557,0.31775527002030224,0.254771592061992,1.0,0.2620327782747425,False
noise,8.527795614328893,f1_region_2,λ=4,divtree_lambda4_region2,228,0.26294164923013075,0.2508559332194286,0.3975684273013882,0.0,0.6577239260989657,0.34964159360563196,False
data_size,95299.98147634632,precision_region_2,TwoStep (recall),twostep_recall,169,0.4767231002775218,0.25084815459030624,0.19201218644346585,0.1632909604519774,1.0,0.2719922722140517,False
data_size,43587.85544382496,accuracy,λ=4,divtree_lambda4_region2,211,0.44689156017151466,0.2508479207607139,0.2134787071700971,0.23933179295002704,1.0,0.2650731879885524,False
noise,0.38121485453303716,accuracy,λ=2,divtree_lambda2_region2,211,0.4730563384696704,0.2508414168264691,0.309324168307608,0.2568602236408519,1.0,0.2635194616214479,False
noise,0.19109257923523043,accuracy,TwoStep (tuned),twostep_tuned,207,0.5298980345983334,0.25071187287534247,0.2802517514694236,0.28312080400384815,1.0,0.2510324596675154,False
noise,0.06781953893881253,accuracy,TwoStep (tuned),twostep_tuned,206,0.5259880657823697,0.2507048552638431,0.2531867244610836,0.2929680230532009,1.0,0.2510324596675154,False
rareness,0.2671528913645983,accuracy,λ=8,divtree_lambda8_region2,240,0.3998694910106163,0.25063944627170004,0.17241359639405096,0.24282477002336333,1.0,0.26768526260589653,False
data_size,43587.85544382496,accuracy,λ=0,divtree_lambda0,211,0.4472858005432435,0.25060243037637003,0.1938842189979838,0.2395345005184623,1.0,0.26548798019147923,False
rareness,0.2671528913645983,accuracy,λ=2,divtree_lambda2_region2,240,0.4011694707985728,0.25060200366237495,0.19404324443555027,0.24216090435684778,1.0,0.2698663723359985,False
noise,1.5171265228807906,accuracy,λ=8,divtree_lambda8_region2,224,0.4401370121699556,0.2505319227759332,0.21706450529704385,0.24062749137803416,1.0,0.26562571911739824,False
noise,0.38121485453303716,accuracy,λ=8,divtree_lambda8_region2,211,0.4697800931084418,0.25049296714934394,0.3023531843495885,0.25499927702779634,1.0,0.26562571911739824,False
sparsity,6.0,f1_region_2,TwoStep (tuned),twostep_tuned,701,0.2793310801563191,0.25045664506618454,0.5267181124939664,0.0,0.6432146329168617,0.29951406461796964,False
sparsity,2.0,f1_region_2,λ=0,divtree_lambda0,740,0.5206577665275377,0.250439367460489,0.27326200998546646,0.0,0.7795336074140394,0.25191187092853257,False
data_size,19936.00746568184,accuracy,λ=0,divtree_lambda0,244,0.4340741147983172,0.2504142985693273,0.29934325879485274,0.22317015486216107,1.0,0.26548798019147923,False
data_size,171351.654420983,accuracy,λ=4,divtree_lambda4_region2,203,0.4803095214648834,0.2503445359064609,0.32325596645629684,0.2480169922126034,1.0,0.2650731879885524,False
intensity,0.9451774034505906,accuracy,λ=2,divtree_lambda2_region2,200,0.48644518625546107,0.2503385803757842,0.325068665144018,0.2550796274210073,1.0,0.26071213132642695,False
rareness,0.43857859268194066,recall_region_2,λ=2,divtree_lambda2_region2,223,0.866905785871483,0.2502731718247597,0.1435304890636473,0.16801062873666522,1.0,0.3798287770404419,False
rareness,0.43857859268194066,fnr_region_2,λ=2,divtree_lambda2_region2,223,0.133094214128517,0.25027317182475967,0.1435304890636472,0.0,0.8319893712633347,0.3798287770404419,False
rareness,0.14470596185221085,accuracy,λ=8,divtree_lambda8_region2,219,0.4111456319403011,0.25020499196591395,0.09870523294455458,0.2565314558107932,1.0,0.26768526260589653,False
intensity,0.9451774034505906,accuracy,λ=4,divtree_lambda4_region2,200,0.4836528339988664,0.2501978918402071,0.32014790959308503,0.2550796274210073,1.0,0.26183838418660527,False
noise,0.06781953893881253,accuracy,λ=4,divtree_lambda4_region2,206,0.4730789030384804,0.2501880759327478,0.33567566772069607,0.24664340970924997,1.0,0.2666562186726746,False
data_size,19936.00746568184,accuracy,λ=2,divtree_lambda2_region2,244,0.43191373296840835,0.25015711120915357,0.2840952035691065,0.22848043159827527,1.0,0.2637043300959525,False
intensity,0.6692077956169817,precision_region_2,TwoStep (tuned),twostep_tuned,187,0.5280590792438673,0.25010917941155775,0.26560042727450694,0.2544338051623647,1.0,0.2697614724088035,False
data_size,19936.00746568184,accuracy,λ=4,divtree_lambda4_region2,244,0.4322256579912088,0.24990556155882013,0.2849280997212155,0.2338452104057785,1.0,0.2650731879885524,False
rareness,0.3406210490720307,precision_region_2,λ=0,divtree_lambda0,173,0.49010230123398413,0.24980910304553097,0.1871579860515895,0.3284246271385614,1.0,0.3970608242769601,False
rareness,0.14470596185221085,accuracy,λ=4,divtree_lambda4_region2,219,0.41179072623324764,0.24980154553227196,0.09545886835894757,0.2572408119521832,1.0,0.2696365511972895,False
rareness,0.07123780414477837,accuracy,λ=4,divtree_lambda4_region2,198,0.4375589741674624,0.24976585135515778,0.09131533323287722,0.2707191241505771,1.0,0.2696365511972895,False
data_size,171351.654420983,accuracy,λ=8,divtree_lambda8_region2,203,0.48126338469898244,0.249712643803875,0.31603453766951367,0.2480169922126034,1.0,0.26345044784067795,False
noise,0.01704130491500777,precision_region_2,TwoStep (tuned),twostep_tuned,198,0.5668844631450837,0.24960076671960027,0.2611250825322749,0.3012512330944286,1.0,0.27258040516543924,False
data_size,43587.85544382496,accuracy,λ=2,divtree_lambda2_region2,211,0.445438386758803,0.24945701697581127,0.21068621085929407,0.2407047003931432,1.0,0.2637043300959525,False
intensity,0.18868429297579686,accuracy,λ=4,divtree_lambda4_region2,239,0.42747119738335604,0.249429907699318,0.19672669793847547,0.22930488858977052,1.0,0.26183838418660527,False
data_size,35845.419997710356,precision_region_2,TwoStep (tuned),twostep_tuned,154,0.4951241479278776,0.2494161829008316,0.27345655535563074,0.20879655377650286,1.0,0.27439081569502427,False
rareness,0.19368473365716582,accuracy,λ=8,divtree_lambda8_region2,248,0.4026514431881265,0.24936273421903232,0.10626255922621008,0.2518194174969999,1.0,0.26768526260589653,False
rareness,0.1691953477546883,accuracy,λ=8,divtree_lambda8_region2,228,0.4171135571733128,0.24933400134308492,0.19105358264064576,0.25497741934043666,1.0,0.26768526260589653,False
rareness,0.4875573644868957,fnr_region_2,λ=8,divtree_lambda8_region2,197,0.11082006915488421,0.24931958803988946,0.08506856272219401,0.0,0.8652255250426042,0.375819346622807,False
rareness,0.4875573644868957,recall_region_2,λ=8,divtree_lambda8_region2,197,0.8891799308451158,0.24931958803988943,0.08506856272219399,0.1347744749573959,1.0,0.375819346622807,False
rareness,0.0222590323398234,accuracy,λ=8,divtree_lambda8_region2,222,0.4682551418598418,0.24928883178182437,0.25014732172443244,0.28067456637247773,1.0,0.26768526260589653,False
noise,0.13529471303661472,precision_region_2,TwoStep (recall),twostep_recall,208,0.5176512329183934,0.2492201547401869,0.2830791538105395,0.2740468052802752,1.0,0.27202819206766726,False
rareness,0.07123780414477837,accuracy,λ=2,divtree_lambda2_region2,198,0.4393580736364393,0.24921235535281624,0.0893359617852793,0.2806400966288628,1.0,0.2698663723359985,False
intensity,0.1681712049266273,accuracy,λ=4,divtree_lambda4_region2,211,0.4369738883218655,0.24917967992894716,0.22249632841651878,0.23686499005561262,1.0,0.26183838418660527,False
rareness,0.14470596185221085,accuracy,λ=0,divtree_lambda0,219,0.4138876955623622,0.24911866159136628,0.09586803533554511,0.2589937690267587,1.0,0.26760180831431135,False
data_size,43587.85544382496,accuracy,λ=8,divtree_lambda8_region2,211,0.4430600982920077,0.24910671877847282,0.21503494225712183,0.23784424294182657,1.0,0.26345044784067795,False
rareness,0.07123780414477837,accuracy,λ=8,divtree_lambda8_region2,198,0.4382523635871382,0.2491066219801035,0.0909291970163667,0.2738438493859881,1.0,0.26768526260589653,False
intensity,0.3763920367806187,accuracy,λ=4,divtree_lambda4_region2,221,0.4587423690236484,0.24908126210595652,0.29642312726889836,0.24851904090267984,1.0,0.26183838418660527,False
noise,0.06781953893881253,accuracy,λ=8,divtree_lambda8_region2,206,0.46914213258617377,0.2490808831212075,0.3187848961051806,0.24578995426185427,1.0,0.26562571911739824,False
rareness,0.19368473365716582,precision_region_2,TwoStep (tuned),twostep_tuned,205,0.4634061269753695,0.24901828318300734,0.2678565961631925,0.19406975845605404,1.0,0.34421405595942656,False
intensity,0.9451774034505906,accuracy,λ=0,divtree_lambda0,200,0.4907790808508697,0.2489970958639233,0.31327960191628956,0.2602070230875057,1.0,0.2615880585486085,False
noise,0.38121485453303716,accuracy,λ=0,divtree_lambda0,211,0.47536609799920954,0.24893653919797845,0.30371848922202194,0.25956372525369487,1.0,0.26628083036352895,False
rareness,0.12021657594973335,accuracy,λ=4,divtree_lambda4_region2,232,0.4299791832178583,0.24888345209541304,0.2169072417607147,0.2640621599148474,1.0,0.2696365511972895,False
rareness,0.21817411955964328,precision_region_2,TwoStep (tuned),twostep_tuned,174,0.4371875255983137,0.24882594661669433,0.2355963610484666,0.21292286939345764,1.0,0.34421405595942656,False
data_size,171351.654420983,accuracy,λ=2,divtree_lambda2_region2,203,0.48177728977277945,0.2487391578936913,0.30084246147629856,0.25126956168843884,1.0,0.2637043300959525,False
noise,1.0741348427807047,accuracy,TwoStep (tuned),twostep_tuned,204,0.49707805120473725,0.24862721452563963,0.2548106666538026,0.26879633321779034,1.0,0.2510324596675154,False
rareness,0.1691953477546883,accuracy,λ=4,divtree_lambda4_region2,228,0.4176989854763907,0.2485805719730325,0.13491886105738993,0.2580662398011436,1.0,0.2696365511972895,False
data_size,19936.00746568184,accuracy,λ=8,divtree_lambda8_region2,244,0.43113907422739584,0.24846709221618052,0.3071724225383183,0.2361142499505395,1.0,0.26345044784067795,False
intensity,0.3763920367806187,precision_region_2,TwoStep (recall),twostep_recall,184,0.47057045678470105,0.24845259951258666,0.21124692833690795,0.15506721304594204,1.0,0.26655417392710745,False
intensity,0.3763920367806187,accuracy,λ=0,divtree_lambda0,221,0.4603438386017546,0.24819254190189158,0.31136001157906745,0.25325971261309205,1.0,0.2615880585486085,False
rareness,0.14470596185221085,accuracy,λ=2,divtree_lambda2_region2,219,0.4125375654329967,0.24803109525501646,0.0928976965316266,0.2588531511620119,1.0,0.2698663723359985,False
noise,0.06781953893881253,accuracy,TwoStep (recall),twostep_recall,206,0.48833070285936686,0.24801253677782595,0.2338225842233097,0.2773336640615871,1.0,0.25129338371074594,False
intensity,0.1681712049266273,accuracy,λ=2,divtree_lambda2_region2,211,0.43963026062921684,0.24775830827430434,0.22430137719938453,0.23585309804553173,1.0,0.26071213132642695,False
rareness,0.0222590323398234,accuracy,λ=4,divtree_lambda4_region2,222,0.46511354738404975,0.2477340071443734,0.23491924693223776,0.2805514085794579,1.0,0.2696365511972895,False
data_size,208362.77391753628,precision_region_2,TwoStep (recall),twostep_recall,186,0.45309810833789443,0.2475937840181061,0.15530653590883092,0.1848302761965001,1.0,0.2719922722140517,False
rareness,0.0222590323398234,accuracy,λ=2,divtree_lambda2_region2,222,0.46697123273470725,0.24743227597772102,0.234215223458894,0.2808095173198951,1.0,0.2698663723359985,False
rareness,0.12021657594973335,accuracy,λ=8,divtree_lambda8_region2,232,0.42947653100589217,0.24741916268120875,0.20951378219251615,0.26385431370109613,1.0,0.26768526260589653,False
data_size,208362.77391753628,accuracy,λ=8,divtree_lambda8_region2,212,0.4648618703461252,0.24730778303501022,0.3039175869790983,0.2507282313710657,1.0,0.26345044784067795,False
data_size,208362.77391753628,accuracy,λ=4,divtree_lambda4_region2,212,0.4662088973966642,0.2473068781751155,0.31078836312293995,0.25219909850665556,1.0,0.2650731879885524,False
rareness,0.4875573644868957,fnr_region_2,λ=2,divtree_lambda2_region2,197,0.11162935709917425,0.2472885005195425,0.09305733650851804,0.0,0.8485522553136735,0.3798287770404419,False
rareness,0.4875573644868957,recall_region_2,λ=2,divtree_lambda2_region2,197,0.8883706429008258,0.2472885005195425,0.093057336508518,0.15144774468632635,1.0,0.3798287770404419,False
intensity,0.2375220728879286,accuracy,λ=0,divtree_lambda0,226,0.446629360350663,0.24727957789950855,0.20482919959576779,0.24009591263010724,1.0,0.2615880585486085,False
rareness,0.0222590323398234,accuracy,λ=0,divtree_lambda0,222,0.4744382369809648,0.24726667284149137,0.28071928201102103,0.3094247008465575,1.0,0.26760180831431135,False
intensity,0.1681712049266273,accuracy,λ=8,divtree_lambda8_region2,211,0.43666923671513264,0.24721635928016145,0.2291740460176115,0.23815616440229798,1.0,0.2620327782747425,False
data_size,208362.77391753628,accuracy,λ=0,divtree_lambda0,212,0.47093417389946307,0.24716823601172416,0.30771873252879256,0.257596548283121,1.0,0.26548798019147923,False
intensity,0.3763920367806187,accuracy,λ=2,divtree_lambda2_region2,221,0.4591927297260203,0.24715767853023796,0.3068840195087652,0.2500586441473141,1.0,0.26071213132642695,False
data_size,95299.98147634632,accuracy,λ=4,divtree_lambda4_region2,199,0.46121212644698883,0.2471380046849509,0.27056992403490915,0.2444451635400916,1.0,0.2650731879885524,False
data_size,140914.75612831092,accuracy,λ=2,divtree_lambda2_region2,222,0.477640272476507,0.24709109418137545,0.33734125855366803,0.25089171256965814,1.0,0.2637043300959525,False
noise,0.01206534794533958,precision_region_2,TwoStep (tuned),twostep_tuned,202,0.5743778033047701,0.2470581491556628,0.35150539164940153,0.3062331022022427,1.0,0.27258040516543924,False
sparsity,4.0,f1_region_2,λ=0,divtree_lambda0,717,0.2284583926587902,0.24693115003393581,0.5000059018638086,0.0,0.6246857623878546,0.25191187092853257,False
rareness,0.19368473365716582,accuracy,λ=4,divtree_lambda4_region2,248,0.4006787687885118,0.24686061489029276,0.09904268641626424,0.25207526652210316,1.0,0.2696365511972895,False
intensity,0.18868429297579686,precision_region_2,TwoStep (recall),twostep_recall,199,0.46647380419446055,0.24684250380731837,0.188566361101352,0.17196518001701938,1.0,0.26655417392710745,False
rareness,0.21817411955964328,precision_region_2,TwoStep (recall),twostep_recall,174,0.4335429205631925,0.24668120948737768,0.23772036107407202,0.2133682783909462,1.0,0.34299908832738524,False
rareness,0.07123780414477837,accuracy,λ=0,divtree_lambda0,198,0.44086429039751934,0.24663810559850122,0.08511371135263635,0.2923260930625782,1.0,0.26760180831431135,False
intensity,0.2664944002069672,accuracy,TwoStep (tuned),twostep_tuned,218,0.48548910879550655,0.246590371865578,0.27156470440533276,0.2580193793389227,1.0,0.24666502510582755,False
intensity,0.18868429297579686,precision_region_2,TwoStep (tuned),twostep_tuned,200,0.4951764855852923,0.24644448415334674,0.24542399494078443,0.17260330843546745,1.0,0.2697614724088035,False
intensity,0.2375220728879286,accuracy,λ=4,divtree_lambda4_region2,226,0.44494198183122635,0.24628103627913764,0.21685128221050337,0.24204548570551104,1.0,0.26183838418660527,False
rareness,0.1691953477546883,accuracy,λ=2,divtree_lambda2_region2,228,0.41632603925732464,0.2462072477643794,0.1293711983385788,0.26086881103183157,1.0,0.2698663723359985,False
data_size,95299.98147634632,accuracy,λ=8,divtree_lambda8_region2,199,0.4613562316435845,0.24617988339854394,0.30186390679913455,0.24691419526802924,1.0,0.26345044784067795,False
data_size,35845.419997710356,precision_region_2,TwoStep (recall),twostep_recall,154,0.4632564351122566,0.24614380780283482,0.18932112892664177,0.20384024488405933,1.0,0.2719922722140517,False
noise,0.38121485453303716,precision_region_2,TwoStep (tuned),twostep_tuned,188,0.529054618174281,0.24610417769168064,0.27600710665831163,0.27036103793708005,1.0,0.27258040516543924,False
intensity,0.18868429297579686,accuracy,λ=2,divtree_lambda2_region2,239,0.4285040414727687,0.24607521943891858,0.19531664816400374,0.22790332683318756,1.0,0.26071213132642695,False
rareness,0.19368473365716582,accuracy,λ=2,divtree_lambda2_region2,248,0.40146879296695676,0.2459674505942337,0.10754501217496887,0.25207526652210316,1.0,0.2698663723359985,False
data_size,140914.75612831092,accuracy,λ=0,divtree_lambda0,222,0.4845108812743043,0.24594609865183492,0.3346047589630106,0.2530528698280739,1.0,0.26548798019147923,False
rareness,0.2671528913645983,precision_region_2,TwoStep (tuned),twostep_tuned,222,0.4596171143100466,0.24582298489461696,0.26039652017055837,0.25772386573587497,1.0,0.34421405595942656,False
rareness,0.2426635054621208,precision_region_2,TwoStep (tuned),twostep_tuned,179,0.4547236358040619,0.2457300076011869,0.2530863889659366,0.23804625698078843,1.0,0.34421405595942656,False
intensity,0.18868429297579686,accuracy,λ=8,divtree_lambda8_region2,239,0.4275623522202454,0.24569119325838612,0.2175261702627002,0.23566463553915454,1.0,0.2620327782747425,False
rareness,0.19368473365716582,accuracy,λ=0,divtree_lambda0,248,0.4016243533464187,0.2456601776004724,0.10444565914409026,0.2524306913081366,1.0,0.26760180831431135,False
intensity,0.11906916196297226,precision_region_2,TwoStep (tuned),twostep_tuned,162,0.46043774917577074,0.2456571074548067,0.1697325263363435,0.15012108262108262,1.0,0.2697614724088035,False
intensity,0.3763920367806187,accuracy,λ=8,divtree_lambda8_region2,221,0.45667944442078295,0.2456283705381298,0.2770498888846923,0.24918018639972386,1.0,0.2620327782747425,False
rareness,0.12021657594973335,accuracy,λ=0,divtree_lambda0,232,0.43143641925911863,0.24560704484303816,0.23633817622453823,0.2799361868562947,1.0,0.26760180831431135,False
noise,0.01206534794533958,accuracy,TwoStep (tuned),twostep_tuned,226,0.5217018213497722,0.24537961343255948,0.24880290080741801,0.2704787506895276,1.0,0.2510324596675154,False
intensity,0.2375220728879286,accuracy,λ=8,divtree_lambda8_region2,226,0.44486308142144215,0.24535931363746524,0.2132276269846226,0.24153346713949467,1.0,0.2620327782747425,False
data_size,140914.75612831092,accuracy,TwoStep (tuned),twostep_tuned,222,0.4936492347462556,0.24532695035705598,0.2626342862394513,0.2627075463389413,1.0,0.24577795574155753,False
data_size,140914.75612831092,accuracy,λ=4,divtree_lambda4_region2,222,0.47611085643065226,0.2453124002770541,0.3295962920085385,0.24961675141137588,1.0,0.2650731879885524,False
intensity,0.2664944002069672,accuracy,λ=4,divtree_lambda4_region2,218,0.4661869062457301,0.2452187045318118,0.3226712577846151,0.2450358922713807,1.0,0.26183838418660527,False
noise,0.04801664771977973,precision_region_2,TwoStep (recall),twostep_recall,206,0.5171618872952779,0.24518936056049298,0.3021093393372414,0.2818149843513472,1.0,0.27202819206766726,False
noise,1.0741348427807047,accuracy,TwoStep (recall),twostep_recall,204,0.48285652767921605,0.2451843254226753,0.22900756612076134,0.26879633321779034,1.0,0.25129338371074594,False
noise,0.760494028068737,accuracy,TwoStep (tuned),twostep_tuned,245,0.48633916118659065,0.24510249150529612,0.24042536522608965,0.2669678051599883,1.0,0.2510324596675154,False
data_size,95299.98147634632,accuracy,λ=2,divtree_lambda2_region2,199,0.4636940054471491,0.24508364226806495,0.2563787076919337,0.25194583125771447,1.0,0.2637043300959525,False
data_size,208362.77391753628,accuracy,λ=2,divtree_lambda2_region2,212,0.4670511879153645,0.24497355060728296,0.31245348271835083,0.25416571155854056,1.0,0.2637043300959525,False
intensity,0.1681712049266273,accuracy,λ=0,divtree_lambda0,211,0.43550656054630793,0.24496408000724373,0.19786890156735892,0.23585309804553173,1.0,0.2615880585486085,False
noise,6.037731371322748,f1_region_2,TwoStep (recall),twostep_recall,214,0.25074144731417153,0.24492983800935553,0.4385853931708051,0.0,0.6421921610468724,0.33541338825174577,False
rareness,0.3406210490720307,fnr_region_2,TwoStep (recall),twostep_recall,192,0.1166208238085837,0.244814964731288,0.07948949259819495,0.0,0.7579084586484934,0.3486937994511189,False
rareness,0.3406210490720307,recall_region_2,TwoStep (recall),twostep_recall,192,0.8833791761914163,0.244814964731288,0.07948949259819493,0.24209154135150623,1.0,0.3486937994511189,False
data_size,140914.75612831092,accuracy,λ=8,divtree_lambda8_region2,222,0.4719283003211012,0.24454527479510607,0.3095655942688419,0.24959739813771936,1.0,0.26345044784067795,False
intensity,0.8424210637824314,precision_region_2,TwoStep (recall),twostep_recall,193,0.47709264653946976,0.24447578773320933,0.177606227379753,0.21904761904761905,1.0,0.26655417392710745,False
intensity,0.2664944002069672,accuracy,λ=8,divtree_lambda8_region2,218,0.4632497856067541,0.24441633359004958,0.3079964360668903,0.24370811822679167,1.0,0.2620327782747425,False
rareness,0.19368473365716582,precision_region_2,TwoStep (recall),twostep_recall,204,0.4551181250258209,0.2444158643049125,0.2530855163409899,0.19411895714146518,1.0,0.34299908832738524,False
rareness,0.46306797858441817,fnr_region_2,λ=8,divtree_lambda8_region2,210,0.11193641178011357,0.2443764321474272,0.09870535890999402,0.0,0.8546972923027476,0.375819346622807,False
rareness,0.46306797858441817,recall_region_2,λ=8,divtree_lambda8_region2,210,0.8880635882198863,0.2443764321474272,0.09870535890999399,0.14530270769725215,1.0,0.375819346622807,False
noise,0.760494028068737,accuracy,λ=0,divtree_lambda0,245,0.46828166330207216,0.24429564445652985,0.32990952572508864,0.24734987946279235,1.0,0.26628083036352895,False
intensity,0.2990006969801944,accuracy,λ=0,divtree_lambda0,196,0.458471935082898,0.24427878882638712,0.3065104255134118,0.2487933525836459,1.0,0.2615880585486085,False
rareness,0.3406210490720307,f1_region_2,λ=2,divtree_lambda2_region2,192,0.5082508788077977,0.24422619277075117,0.05888040179562226,0.06464150108198181,1.0,0.3766809924017986,False
noise,0.760494028068737,accuracy,λ=8,divtree_lambda8_region2,245,0.46303872976202665,0.24420060308663274,0.3171525936390697,0.24939406810167514,1.0,0.26562571911739824,False
intensity,0.5316095394193532,accuracy,TwoStep (tuned),twostep_tuned,233,0.4858397038299628,0.24417424663371495,0.23651245162533685,0.2584819535113038,1.0,0.24666502510582755,False
data_size,19936.00746568184,accuracy,TwoStep (recall),twostep_recall,244,0.4409690878789912,0.24415272305570518,0.15724748436565178,0.24583071837564396,1.0,0.24429338439632456,False
rareness,0.12021657594973335,accuracy,λ=2,divtree_lambda2_region2,232,0.42871165019829044,0.24413450887658322,0.23123811088918966,0.26758170827282046,1.0,0.2698663723359985,False
intensity,0.2664944002069672,accuracy,λ=0,divtree_lambda0,218,0.46807465385355074,0.2440784820500623,0.31325648027002745,0.24151894815450228,1.0,0.2615880585486085,False
intensity,0.2990006969801944,accuracy,λ=8,divtree_lambda8_region2,196,0.45717186593230746,0.24407725671027442,0.3070426817217916,0.24650333075816364,1.0,0.2620327782747425,False
noise,0.38121485453303716,precision_region_2,TwoStep (recall),twostep_recall,188,0.4889293719659072,0.24407118238432998,0.2049758382793297,0.2653521566521091,1.0,0.27202819206766726,False
intensity,0.10612438439422897,precision_region_2,TwoStep (tuned),twostep_tuned,185,0.4291384885235379,0.24389844826660179,0.2053191489361702,0.1026813171095514,1.0,0.2697614724088035,False
data_size,115884.31148680957,accuracy,λ=4,divtree_lambda4_region2,236,0.46313308260727964,0.24372949256614773,0.2897889977229844,0.2505578666932323,1.0,0.2650731879885524,False
intensity,0.18868429297579686,accuracy,λ=0,divtree_lambda0,239,0.43259513386152537,0.24371653833615164,0.21033842245932377,0.23041214106834998,1.0,0.2615880585486085,False
data_size,115884.31148680957,accuracy,λ=0,divtree_lambda0,236,0.4667149919328454,0.2436179227589535,0.29513812151272417,0.2516926802760479,1.0,0.26548798019147923,False
noise,0.024069432106053914,precision_region_2,TwoStep (tuned),twostep_tuned,195,0.5617388645699412,0.24357712760183337,0.2659159287509938,0.2993467363481229,1.0,0.27258040516543924,False
intensity,0.2990006969801944,accuracy,λ=4,divtree_lambda4_region2,196,0.4553823943918182,0.2435412835948152,0.3188307484893823,0.24628755931428464,1.0,0.26183838418660527,False
noise,0.01206534794533958,accuracy,TwoStep (recall),twostep_recall,226,0.4940019110703523,0.2434909371045025,0.2166014005441278,0.2702421291766501,1.0,0.25129338371074594,False
noise,6.037731371322748,f1_region_2,TwoStep (tuned),twostep_tuned,214,0.24791850581924055,0.2434359124820126,0.43782920802734654,0.0,0.6345887654527146,0.34331462425450227,False
intensity,0.2664944002069672,accuracy,λ=2,divtree_lambda2_region2,218,0.4668387435080688,0.24340022320298443,0.31174199501013067,0.2450358922713807,1.0,0.26071213132642695,False
noise,0.760494028068737,accuracy,λ=4,divtree_lambda4_region2,245,0.463389038251276,0.24324130250914247,0.3184384179068817,0.24692913972607886,1.0,0.2666562186726746,False
data_size,115884.31148680957,accuracy,λ=2,divtree_lambda2_region2,236,0.4665361051043822,0.24309031459333563,0.30793900328813517,0.25132045261529423,1.0,0.2637043300959525,False
intensity,0.2990006969801944,accuracy,λ=2,divtree_lambda2_region2,196,0.4572611960286673,0.24286821652883392,0.3087451314338074,0.24628755931428464,1.0,0.26071213132642695,False
noise,0.01704130491500777,precision_region_2,TwoStep (recall),twostep_recall,195,0.5096167040264977,0.2427473424474345,0.25555607314513895,0.2689984512132163,1.0,0.27202819206766726,False
intensity,0.47381483315153217,precision_region_2,TwoStep (tuned),twostep_tuned,203,0.4993595873693853,0.24263517348404792,0.22658965114610807,0.20530460008288437,1.0,0.2697614724088035,False
rareness,0.1691953477546883,accuracy,λ=0,divtree_lambda0,228,0.41474966922193346,0.2425296567417089,0.12119588239294427,0.2633313061040524,1.0,0.26760180831431135,False
noise,0.760494028068737,accuracy,λ=2,divtree_lambda2_region2,245,0.46596497268595644,0.2424936321543083,0.3169847625682181,0.24229812500352338,1.0,0.2635194616214479,False
rareness,0.36511043497450824,accuracy,λ=4,divtree_lambda4_region2,197,0.4787992720829564,0.24247205081950385,0.2755398583496451,0.22904433003755534,1.0,0.2696365511972895,False
data_size,115884.31148680957,accuracy,λ=8,divtree_lambda8_region2,236,0.46110372760291013,0.2424458502586656,0.2541347741492467,0.2508591136285007,1.0,0.26345044784067795,False
intensity,0.11906916196297226,accuracy,λ=0,divtree_lambda0,195,0.4075612572836085,0.24240245007187092,0.13760418343339437,0.20841564602284154,1.0,0.2615880585486085,False
rareness,0.2426635054621208,precision_region_2,TwoStep (recall),twostep_recall,178,0.43082858152137965,0.2422882805859897,0.1909819499199094,0.2371387614058329,1.0,0.34299908832738524,False
rareness,0.3895998208769857,accuracy,λ=4,divtree_lambda4_region2,221,0.4920828963590168,0.24222021535659222,0.2283387525014698,0.23088192206270144,1.0,0.2696365511972895,False
data_size,95299.98147634632,accuracy,λ=0,divtree_lambda0,199,0.4652657526403541,0.24218030860598525,0.26729079684629553,0.25267904317199075,1.0,0.26548798019147923,False
noise,3.026549586817165,accuracy,λ=4,divtree_lambda4_region2,231,0.4162329350836668,0.24205152295829716,0.18875953497670694,0.23234929717603808,1.0,0.2666562186726746,False
data_size,43587.85544382496,precision_region_2,TwoStep (tuned),twostep_tuned,176,0.49298656531022994,0.24191306110033808,0.21798674478519509,0.1648706896551724,1.0,0.27439081569502427,False
intensity,0.2375220728879286,accuracy,λ=2,divtree_lambda2_region2,226,0.4444401874476691,0.24188610400287058,0.21780018859473105,0.2412278523163934,1.0,0.26071213132642695,False
noise,8.527795614328893,f1_region_2,λ=8,divtree_lambda8_region2,228,0.26159242130035343,0.2417451968475473,0.3329832549661907,0.0,0.6605382594706877,0.3497675285395157,False
sparsity,1.0,fnr_region_2,λ=0,divtree_lambda0,699,0.07225721808028682,0.24164541940152717,0.0,0.0,0.8980397783349675,0.431952710435421,False
sparsity,1.0,recall_region_2,λ=0,divtree_lambda0,699,0.9277427819197133,0.24164541940152712,0.0,0.10196022166503262,1.0,0.431952710435421,False
sparsity,2.0,f1_region_2,λ=2,divtree_lambda2_region2,740,0.5535804225173077,0.24161508350405672,0.24091255009408963,0.0,0.7819222962585328,0.24237299265523937,False
sparsity,5.0,f1_region_2,λ=2,divtree_lambda2_region2,791,0.23876601432696273,0.24155941938519185,0.49656364027790095,0.0,0.6321682514420501,0.24237299265523937,False
rareness,0.46306797858441817,fnr_region_2,λ=4,divtree_lambda4_region2,210,0.12202865519916,0.24154426529445,0.12557561835647169,0.0,0.8546972923027476,0.37789458136097254,False
rareness,0.46306797858441817,recall_region_2,λ=4,divtree_lambda4_region2,210,0.87797134480084,0.24154426529445,0.12557561835647157,0.14530270769725215,1.0,0.37789458136097254,False
noise,8.527795614328893,precision_region_2,λ=4,divtree_lambda4_region2,198,0.34193890421840056,0.24152403220192933,0.26485759348073823,0.0,1.0,0.3105831590591568,False
noise,3.026549586817165,accuracy,λ=0,divtree_lambda0,231,0.4205969948063846,0.2414840397525015,0.16735385589842933,0.2181455244922111,1.0,0.26628083036352895,False
noise,0.01704130491500777,accuracy,λ=2,divtree_lambda2_region2,224,0.45609793633742407,0.24129204629577458,0.2838420474235292,0.25157413017792185,1.0,0.2635194616214479,False
intensity,0.7508360294199752,accuracy,TwoStep (tuned),twostep_tuned,230,0.4910473430595094,0.24126017945719253,0.25867766769296185,0.2588966066870663,1.0,0.24666502510582755,False
noise,0.01704130491500777,accuracy,λ=0,divtree_lambda0,224,0.455280425915832,0.2411947377683933,0.26910963324020093,0.2515048416308586,1.0,0.26628083036352895,False
data_size,24242.087597150792,accuracy,λ=4,divtree_lambda4_region2,233,0.4191083816519933,0.24109248095620042,0.20066752863119014,0.23412671745228802,1.0,0.2650731879885524,False
data_size,13482.627330113071,accuracy,TwoStep (tuned),twostep_tuned,236,0.452735684965048,0.24102372231365743,0.21618184073668545,0.24254916508992924,1.0,0.24577795574155753,False
sparsity,1.0,f1_region_2,λ=0,divtree_lambda0,699,0.9171214049549431,0.24079294749230887,0.0,0.1850510375358814,1.0,0.25191187092853257,False
data_size,308094.3880361152,accuracy,λ=4,divtree_lambda4_region2,210,0.4822087547461638,0.2407809379478175,0.3039868459011611,0.2540120432472062,1.0,0.2650731879885524,False
data_size,455561.95166088303,accuracy,TwoStep (tuned),twostep_tuned,221,0.49009453203060505,0.24071042520844127,0.24341167872185449,0.2685482655037636,1.0,0.24577795574155753,False
intensity,0.2375220728879286,precision_region_2,TwoStep (recall),twostep_recall,187,0.4485522770562452,0.2406561898328529,0.1949298175299118,0.15850659229208924,1.0,0.26655417392710745,False
noise,0.760494028068737,accuracy,TwoStep (recall),twostep_recall,245,0.4669507266800616,0.24059337288201488,0.17394867198750102,0.25841756982770536,1.0,0.25129338371074594,False
noise,3.026549586817165,accuracy,λ=2,divtree_lambda2_region2,231,0.4168977887314979,0.2405495954530743,0.1826845112773009,0.2328442103331388,1.0,0.2635194616214479,False
data_size,308094.3880361152,accuracy,λ=8,divtree_lambda8_region2,210,0.4796392625073827,0.2405406513622283,0.29840149826159434,0.2537057363158814,1.0,0.26345044784067795,False
data_size,35845.419997710356,accuracy,λ=0,divtree_lambda0,189,0.4313556490371069,0.24053454713223896,0.17123623395185605,0.24003917395256544,1.0,0.26548798019147923,False
data_size,455561.95166088303,accuracy,TwoStep (recall),twostep_recall,221,0.47096660001529156,0.2403415649912687,0.18040027074490744,0.2649130316354722,1.0,0.24429338439632456,False
noise,0.03399607980711228,accuracy,λ=0,divtree_lambda0,202,0.4844437332352725,0.24033411392028065,0.3201661510165606,0.25331110182080147,1.0,0.26628083036352895,False
data_size,11087.731534380375,precision_region_2,TwoStep (tuned),twostep_tuned,184,0.4484445510890646,0.24032158170077797,0.19128482779488087,0.08607319198373513,1.0,0.27439081569502427,False
noise,0.01704130491500777,accuracy,λ=4,divtree_lambda4_region2,224,0.45248339927331865,0.24024912070634558,0.2626231508046394,0.24767286131190008,1.0,0.2666562186726746,False
rareness,0.3161316631695532,accuracy,TwoStep (tuned),twostep_tuned,234,0.4526667882135427,0.24018020053675912,0.21010940739226802,0.24718161448209341,1.0,0.24058999319368396,False
sparsity,3.0,f1_region_2,λ=0,divtree_lambda0,752,0.29043016520809073,0.24016662326044433,0.5029663627788816,0.0,0.6434020564327715,0.25191187092853257,False
data_size,24242.087597150792,accuracy,λ=8,divtree_lambda8_region2,233,0.4172439234761987,0.24014890956087662,0.20544117214723118,0.2336502610599009,1.0,0.26345044784067795,False
rareness,0.36511043497450824,accuracy,λ=0,divtree_lambda0,197,0.48425020781586414,0.240131882431927,0.2969597753864859,0.21880972509821942,1.0,0.26760180831431135,False
data_size,78372.01043754505,accuracy,λ=4,divtree_lambda4_region2,202,0.45786283010749773,0.24012301466077537,0.30946279715401276,0.2488085042917304,1.0,0.2650731879885524,False
noise,0.09578948302920401,precision_region_2,TwoStep (recall),twostep_recall,195,0.5079183680066799,0.24009781012583759,0.2685152701866069,0.2814066562042342,1.0,0.27202819206766726,False
intensity,0.11906916196297226,precision_region_2,TwoStep (recall),twostep_recall,162,0.4436014617181609,0.24005835836603076,0.16424846020463468,0.15311144429241028,1.0,0.26655417392710745,False
intensity,0.47381483315153217,accuracy,λ=4,divtree_lambda4_region2,230,0.45635370806991277,0.24002893853411308,0.2556738199079962,0.2493287294443969,1.0,0.26183838418660527,False
rareness,0.36511043497450824,accuracy,λ=8,divtree_lambda8_region2,197,0.4734864561220457,0.24002732661033407,0.23590206928956747,0.23359139521972647,1.0,0.26768526260589653,False
noise,3.026549586817165,accuracy,λ=8,divtree_lambda8_region2,231,0.4147014692353315,0.24001324593695225,0.19886404831808202,0.23234929717603808,1.0,0.26562571911739824,False
data_size,35845.419997710356,accuracy,λ=4,divtree_lambda4_region2,189,0.42778213425204564,0.24001324020375503,0.18037379600961473,0.24097772173245113,1.0,0.2650731879885524,False
data_size,24242.087597150792,accuracy,λ=2,divtree_lambda2_region2,233,0.4243232849805836,0.24001182286032205,0.20340148720119577,0.23547234956244684,1.0,0.2637043300959525,False
rareness,0.04674841824230089,accuracy,TwoStep (tuned),twostep_tuned,245,0.473189349069082,0.2399347711917772,0.17774758003716168,0.3120721739886349,1.0,0.24058999319368396,False
intensity,0.11906916196297226,accuracy,λ=8,divtree_lambda8_region2,195,0.39641209130406674,0.2398125132344679,0.15531736650903133,0.21824816209142825,1.0,0.2620327782747425,False
data_size,16394.80890739932,precision_region_2,TwoStep (recall),twostep_recall,190,0.4376818118809652,0.23956393488391192,0.19983903484973836,0.13866079703429104,1.0,0.2719922722140517,False
data_size,308094.3880361152,accuracy,λ=2,divtree_lambda2_region2,210,0.48187088458201305,0.23955145252304594,0.2998765704268583,0.2533940990050017,1.0,0.2637043300959525,False
rareness,0.3895998208769857,accuracy,λ=0,divtree_lambda0,221,0.4942333915129678,0.23955044449870608,0.2632794417245315,0.21309715512614064,1.0,0.26760180831431135,False
noise,0.04801664771977973,accuracy,TwoStep (recall),twostep_recall,227,0.4824168403256024,0.23948994719448027,0.23263114086906672,0.27848671419047166,1.0,0.25129338371074594,False
rareness,0.3895998208769857,accuracy,λ=8,divtree_lambda8_region2,221,0.4881448067113139,0.2394725270465563,0.20898190428419844,0.23169445030597172,1.0,0.26768526260589653,False
rareness,0.29164227726707576,accuracy,TwoStep (tuned),twostep_tuned,222,0.43291663799379376,0.23946874107925364,0.1625221738520814,0.24407319960146018,1.0,0.24058999319368396,False
data_size,308094.3880361152,accuracy,λ=0,divtree_lambda0,210,0.48705227495812864,0.23943873581172895,0.30242907123150353,0.25873884943905245,1.0,0.26548798019147923,False
data_size,78372.01043754505,accuracy,λ=0,divtree_lambda0,202,0.465510893062794,0.23942279013514872,0.29353021633228515,0.25484961066160383,1.0,0.26548798019147923,False
rareness,0.36511043497450824,f1_region_2,λ=0,divtree_lambda0,197,0.5684206676669963,0.23939742982824003,0.16656911400744645,0.010216388790351198,1.0,0.3684886277994117,False
intensity,0.11906916196297226,accuracy,λ=4,divtree_lambda4_region2,195,0.3949919701395179,0.23932694111636066,0.16388844225422672,0.21495405243649104,1.0,0.26183838418660527,False
noise,0.03399607980711228,accuracy,λ=2,divtree_lambda2_region2,202,0.4814143293515768,0.23932234898416352,0.3330283074022526,0.2519829140504251,1.0,0.2635194616214479,False
intensity,0.47381483315153217,accuracy,λ=0,divtree_lambda0,230,0.4578910725907811,0.2391570653033714,0.237553590789511,0.2516597491722062,1.0,0.2615880585486085,False
rareness,0.3406210490720307,f1_region_2,λ=4,divtree_lambda4_region2,192,0.512401011365392,0.23910052423632122,0.04468879576426227,0.14000958461284943,1.0,0.37882363801075863,False
noise,2.142815589586332,accuracy,λ=4,divtree_lambda4_region2,205,0.4259518398338623,0.2390528707890282,0.18658037890675605,0.24444367261447372,1.0,0.2666562186726746,False
intensity,0.2990006969801944,accuracy,TwoStep (recall),twostep_recall,196,0.4658710556901946,0.2389397022267359,0.17574812200171508,0.25651195776333635,1.0,0.23944292662723365,False
intensity,0.2375220728879286,precision_region_2,TwoStep (tuned),twostep_tuned,192,0.4781531881191973,0.23890904527116452,0.23585688322257664,0.16514853634333915,1.0,0.2697614724088035,False
rareness,0.04674841824230089,accuracy,λ=4,divtree_lambda4_region2,245,0.4532514069796705,0.23879716007455254,0.3023127184251938,0.2757350296424841,1.0,0.2696365511972895,False
data_size,35845.419997710356,accuracy,λ=8,divtree_lambda8_region2,189,0.4254937670243601,0.23857157558952427,0.184525591479059,0.23931270346330474,1.0,0.26345044784067795,False
sparsity,5.0,f1_region_2,TwoStep (recall),twostep_recall,791,0.2818596904117658,0.23836655990943134,0.4818734538001665,0.0,0.6324622463234177,0.2986094916088595,False
rareness,0.04674841824230089,accuracy,λ=8,divtree_lambda8_region2,245,0.45053350651534946,0.2383626824389815,0.2741266914010538,0.27581411775145304,1.0,0.26768526260589653,False
rareness,0.36511043497450824,f1_region_2,λ=4,divtree_lambda4_region2,197,0.566235215328179,0.2383587103091762,0.1659893834936116,0.14803466828143236,1.0,0.37882363801075863,False
noise,0.01704130491500777,accuracy,λ=8,divtree_lambda8_region2,224,0.44903222754257477,0.2383257982445508,0.2748562969220732,0.24771289132250277,1.0,0.26562571911739824,False
data_size,253368.11425203207,accuracy,TwoStep (tuned),twostep_tuned,216,0.49443218042730425,0.2382999829232751,0.25805290723533225,0.27022232150896064,1.0,0.24577795574155753,False
rareness,0.3895998208769857,accuracy,λ=2,divtree_lambda2_region2,221,0.49637556080546763,0.23827237879157318,0.22106433167730277,0.23169445030597172,1.0,0.2698663723359985,False
data_size,24242.087597150792,accuracy,λ=0,divtree_lambda0,233,0.4247219412630476,0.23810891354852742,0.17261029305282027,0.2370983032365913,1.0,0.26548798019147923,False
data_size,35845.419997710356,accuracy,λ=2,divtree_lambda2_region2,189,0.42893266869377156,0.23810365812376127,0.20157161821078856,0.24150756042461613,1.0,0.2637043300959525,False
noise,0.03399607980711228,accuracy,λ=4,divtree_lambda4_region2,202,0.47735414762269934,0.23808516067562024,0.3248328033595286,0.2499829758197634,1.0,0.2666562186726746,False
intensity,0.11906916196297226,accuracy,λ=2,divtree_lambda2_region2,195,0.39960712989380415,0.2379421153624582,0.14913446708015876,0.21701533615117188,1.0,0.26071213132642695,False
rareness,0.04674841824230089,accuracy,λ=0,divtree_lambda0,245,0.45663417920850313,0.23790507328347607,0.27972901801810784,0.3084108180920144,1.0,0.26760180831431135,False
noise,8.527795614328893,precision_region_2,λ=2,divtree_lambda2_region2,165,0.353614998463303,0.23789083673407474,0.268602754766579,0.0,1.0,0.31075443045813095,False
noise,8.527795614328893,f1_region_2,TwoStep (recall),twostep_recall,228,0.26039568723482615,0.23784311880503645,0.4736608479420785,0.0,0.626744875635643,0.33541338825174577,False
rareness,0.36511043497450824,accuracy,λ=2,divtree_lambda2_region2,197,0.47844055039783945,0.23755977845210735,0.26750980637144905,0.2222652929903805,1.0,0.2698663723359985,False
rareness,0.36511043497450824,accuracy,TwoStep (tuned),twostep_tuned,197,0.5055278202587122,0.23754621339947268,0.21336204348370935,0.28176403557776236,1.0,0.24058999319368396,False
sparsity,5.0,f1_region_2,TwoStep (tuned),twostep_tuned,791,0.2819498557742945,0.23752515953876308,0.4764223761562516,0.0,0.6383128745113137,0.29951406461796964,False
noise,0.04801664771977973,accuracy,TwoStep (tuned),twostep_tuned,227,0.5171283345910952,0.2374987823390633,0.23771686679975002,0.288450998241806,1.0,0.2510324596675154,False
noise,0.04801664771977973,precision_region_2,TwoStep (tuned),twostep_tuned,206,0.5573586090702805,0.23747493471184253,0.2920651739224112,0.30873721115596736,1.0,0.27258040516543924,False
sparsity,6.0,f1_region_2,λ=4,divtree_lambda4_region2,701,0.26231060601856143,0.23747380294774717,0.5143393773026078,0.0,0.6407059274889699,0.2421201515656707,False
intensity,0.47381483315153217,accuracy,λ=2,divtree_lambda2_region2,230,0.45704954570838924,0.23735033609358774,0.2591060024497389,0.2493287294443969,1.0,0.26071213132642695,False
data_size,78372.01043754505,accuracy,λ=8,divtree_lambda8_region2,202,0.4548945632360268,0.23730783913714615,0.29898956864112997,0.24873995210936686,1.0,0.26345044784067795,False
data_size,171351.654420983,precision_region_2,TwoStep (recall),twostep_recall,180,0.4635154087198101,0.23721762307005914,0.16332004286707208,0.19900912061361345,1.0,0.2719922722140517,False
intensity,0.3354720276494002,accuracy,TwoStep (tuned),twostep_tuned,204,0.48450568581375214,0.23718323078193845,0.23785004402690035,0.2587972103221319,1.0,0.24666502510582755,False
noise,0.09578948302920401,precision_region_2,TwoStep (tuned),twostep_tuned,197,0.5475691867683877,0.23692152654136986,0.24383653423911378,0.29307026470181785,1.0,0.27258040516543924,False
noise,8.527795614328893,precision_region_2,λ=8,divtree_lambda8_region2,203,0.3438692531266611,0.23688592349474105,0.26807269188329697,0.04141671713665304,1.0,0.3100843316189223,False
rareness,0.36511043497450824,f1_region_2,λ=2,divtree_lambda2_region2,197,0.564439224151239,0.236804990642762,0.15439108010159508,0.13776585459724375,1.0,0.3766809924017986,False
intensity,0.10612438439422897,precision_region_2,TwoStep (recall),twostep_recall,183,0.40812138152446664,0.23672900445190584,0.1815779718741949,0.10188145067882874,1.0,0.26655417392710745,False
noise,2.142815589586332,accuracy,λ=2,divtree_lambda2_region2,205,0.42609695616480603,0.23666860861990896,0.1815233662268944,0.2440584039173275,1.0,0.2635194616214479,False
noise,2.142815589586332,accuracy,λ=8,divtree_lambda8_region2,205,0.4220126422016453,0.23649777213312853,0.18977030748626966,0.24403672750717567,1.0,0.26562571911739824,False
intensity,0.2664944002069672,accuracy,TwoStep (recall),twostep_recall,218,0.4567642163907257,0.2361159149257174,0.17600867397927927,0.257891091975228,1.0,0.23944292662723365,False
rareness,0.04674841824230089,accuracy,λ=2,divtree_lambda2_region2,245,0.4515606263437077,0.23608639286904592,0.2817647680104139,0.28495273832359563,1.0,0.2698663723359985,False
noise,0.01704130491500777,accuracy,TwoStep (tuned),twostep_tuned,224,0.5160898324067626,0.2359301571093998,0.2682900208925191,0.2880385493299479,1.0,0.2510324596675154,False
noise,2.142815589586332,accuracy,λ=0,divtree_lambda0,205,0.42727844627296246,0.23589904092134967,0.1605911582268843,0.24271944887931504,1.0,0.26628083036352895,False
data_size,171351.654420983,precision_region_2,TwoStep (tuned),twostep_tuned,181,0.49865292121490373,0.23585855501922479,0.21745207048040488,0.1951219512195122,1.0,0.27439081569502427,False
rareness,0.3406210490720307,precision_region_2,λ=8,divtree_lambda8_region2,191,0.4772084386107934,0.2358028533879447,0.18274028257760433,0.3293315595728824,1.0,0.3933268879194818,False
rareness,0.4875573644868957,fnr_region_2,λ=4,divtree_lambda4_region2,197,0.10598991968052737,0.2357407624358219,0.09497100122100122,0.0,0.8386838408498645,0.37789458136097254,False
rareness,0.4875573644868957,recall_region_2,λ=4,divtree_lambda4_region2,197,0.8940100803194728,0.2357407624358219,0.09497100122100122,0.16131615915013547,1.0,0.37789458136097254,False
noise,0.03399607980711228,accuracy,λ=8,divtree_lambda8_region2,202,0.4769512235029467,0.23569362449842154,0.31327490037592826,0.24887320047167433,1.0,0.26562571911739824,False
data_size,374641.26936243696,precision_region_2,TwoStep (recall),twostep_recall,193,0.46603359356109486,0.23567068083411874,0.16538873761618755,0.22953987811250695,1.0,0.2719922722140517,False
rareness,0.36511043497450824,accuracy,TwoStep (recall),twostep_recall,197,0.4654040269458915,0.23565171125192613,0.018528462450242367,0.2849007052336355,1.0,0.23642002383494726,False
data_size,308094.3880361152,precision_region_2,TwoStep (tuned),twostep_tuned,191,0.523047040008313,0.23546641543258148,0.28589818670376255,0.25198363692497683,1.0,0.27439081569502427,False
rareness,0.3406210490720307,precision_region_2,λ=2,divtree_lambda2_region2,183,0.4755727769778738,0.23540675068980055,0.1467050174374223,0.3295767201855793,1.0,0.40591300028870575,False
data_size,78372.01043754505,accuracy,λ=2,divtree_lambda2_region2,202,0.4567428934027421,0.2353947138529251,0.30613649428223016,0.25277866588209874,1.0,0.2637043300959525,False
rareness,0.29164227726707576,precision_region_2,TwoStep (tuned),twostep_tuned,216,0.44701609454481084,0.2353040707718627,0.17153666490451758,0.2812812585844928,1.0,0.34421405595942656,False
noise,1.0741348427807047,accuracy,λ=2,divtree_lambda2_region2,204,0.4705751703308991,0.23528069013398126,0.3103693696010998,0.25707945500994017,1.0,0.2635194616214479,False
intensity,0.47381483315153217,precision_region_2,TwoStep (recall),twostep_recall,201,0.4621031909460939,0.23526646680989774,0.18532628204618956,0.19658119658119658,1.0,0.26655417392710745,False
noise,8.527795614328893,f1_region_2,TwoStep (tuned),twostep_tuned,228,0.2572407164428407,0.2352071394867298,0.4645843253413103,0.0,0.6275481577857764,0.34331462425450227,False
intensity,0.8424210637824314,accuracy,λ=0,divtree_lambda0,220,0.4731620171585524,0.23520095440635852,0.260990355221329,0.2690202562217975,1.0,0.2615880585486085,False
sparsity,1.0,fnr_region_2,λ=2,divtree_lambda2_region2,699,0.0709276441504051,0.23508682878208798,0.0,0.0,0.8360062406309068,0.4262964165071911,False
sparsity,1.0,recall_region_2,λ=2,divtree_lambda2_region2,699,0.9290723558495949,0.23508682878208798,0.0,0.16399375936909338,1.0,0.4262964165071911,False
intensity,0.5964538942816824,accuracy,λ=2,divtree_lambda2_region2,217,0.46306949551576837,0.23506797525096673,0.2947709756581933,0.25980040330485793,1.0,0.26071213132642695,False
rareness,0.3895998208769857,precision_region_2,λ=8,divtree_lambda8_region2,220,0.5290043651008279,0.23504539450521242,0.21480333054336315,0.37712849692186856,1.0,0.3933268879194818,False
rareness,0.04674841824230089,accuracy,TwoStep (recall),twostep_recall,245,0.46842603028872754,0.23503204831276128,0.17923831477905322,0.31110371769574635,1.0,0.23642002383494726,False
noise,1.0741348427807047,accuracy,λ=0,divtree_lambda0,204,0.47422944114772003,0.23488680583384672,0.30877683060735117,0.2613986133379925,1.0,0.26628083036352895,False
sparsity,4.0,f1_region_2,λ=2,divtree_lambda2_region2,717,0.24374677305151307,0.23485438474735423,0.4769860958761807,0.0,0.6322815692832268,0.24237299265523937,False
intensity,0.5964538942816824,accuracy,λ=8,divtree_lambda8_region2,217,0.4607279529475695,0.23474421075086332,0.26523734235826774,0.2552978580720349,1.0,0.2620327782747425,False
rareness,0.36511043497450824,precision_region_2,λ=2,divtree_lambda2_region2,191,0.5204929417232353,0.23468158606606454,0.2522010670992391,0.3556033034373691,1.0,0.40591300028870575,False
intensity,0.8424210637824314,accuracy,λ=2,divtree_lambda2_region2,220,0.47137274910054144,0.23461077113720133,0.29146006979352246,0.2673484335809198,1.0,0.26071213132642695,False
sparsity,5.0,f1_region_2,λ=4,divtree_lambda4_region2,791,0.24587140917779216,0.23454893145200797,0.4829200524481407,0.0,0.6323117575196531,0.2421201515656707,False
intensity,0.4223033626515117,accuracy,λ=0,divtree_lambda0,235,0.470796031617276,0.23453593195772948,0.33404966681748965,0.24659342064801484,1.0,0.2615880585486085,False
intensity,0.5964538942816824,accuracy,λ=0,divtree_lambda0,217,0.46225725252201383,0.2345146888395616,0.2649210621407267,0.2606587149374375,1.0,0.2615880585486085,False
intensity,0.47381483315153217,accuracy,λ=8,divtree_lambda8_region2,230,0.45305856843812425,0.23448438270111455,0.23610559187675484,0.24874167380297102,1.0,0.2620327782747425,False
rareness,0.3406210490720307,precision_region_2,λ=4,divtree_lambda4_region2,188,0.47596778633529624,0.23436213840133255,0.16474866624524087,0.3290950677131168,1.0,0.40481784666359927,False
intensity,0.5964538942816824,accuracy,λ=4,divtree_lambda4_region2,217,0.4603653634030421,0.23425287755104737,0.2735225938282596,0.25842376840519504,1.0,0.26183838418660527,False
data_size,13482.627330113071,accuracy,TwoStep (recall),twostep_recall,236,0.43506229306977784,0.2342414309148079,0.17020842853267643,0.24118218456195523,1.0,0.24429338439632456,False
rareness,0.3406210490720307,f1_region_2,λ=8,divtree_lambda8_region2,192,0.5204264987378537,0.2341150027268182,0.04768395012403842,0.16343423919275313,1.0,0.3737367058482066,False
sparsity,6.0,f1_region_2,λ=8,divtree_lambda8_region2,701,0.26593160863864457,0.23410569095236738,0.488019045696211,0.0,0.6424767801857585,0.24185015935756682,False
intensity,0.8424210637824314,accuracy,λ=4,divtree_lambda4_region2,220,0.4676733592203635,0.2338876248463176,0.3036973721153184,0.2667791762015413,1.0,0.26183838418660527,False
data_size,64450.92564416891,accuracy,TwoStep (tuned),twostep_tuned,213,0.4494232026369677,0.2338513931462251,0.13748278243564077,0.25882634105551566,1.0,0.24577795574155753,False
data_size,43587.85544382496,precision_region_2,TwoStep (recall),twostep_recall,175,0.473240820231164,0.23378092918781604,0.17875341844240789,0.17332065906210392,1.0,0.2719922722140517,False
data_size,308094.3880361152,precision_region_2,TwoStep (recall),twostep_recall,190,0.48535195016814475,0.23376310082092983,0.2019458194859295,0.24121504891468587,1.0,0.2719922722140517,False
noise,1.5171265228807906,precision_region_2,TwoStep (tuned),twostep_tuned,178,0.4201410892957906,0.23370339862571468,0.21598049402938513,0.11813924050632911,1.0,0.27258040516543924,False
intensity,0.8424210637824314,accuracy,λ=8,divtree_lambda8_region2,220,0.46413357456724835,0.2336580722513728,0.29638865885681914,0.2619832612669267,1.0,0.2620327782747425,False
rareness,0.3406210490720307,accuracy,λ=0,divtree_lambda0,192,0.42907770019051256,0.23358551721434503,0.08673794660121403,0.2237121200303664,1.0,0.26760180831431135,False
data_size,253368.11425203207,accuracy,TwoStep (recall),twostep_recall,216,0.4665473847206129,0.23356702589730824,0.17943214349493558,0.26776745627378395,1.0,0.24429338439632456,False
rareness,0.46306797858441817,recall_region_2,λ=2,divtree_lambda2_region2,210,0.889021331045495,0.23350853783188597,0.10786506090776071,0.1705220851255131,1.0,0.3798287770404419,False
rareness,0.46306797858441817,fnr_region_2,λ=2,divtree_lambda2_region2,210,0.11097866895450509,0.23350853783188594,0.10786506090776071,0.0,0.8294779148744869,0.3798287770404419,False
intensity,0.6692077956169817,accuracy,TwoStep (tuned),twostep_tuned,209,0.496390101350851,0.23317654833379492,0.24526117538424858,0.2738462139055078,1.0,0.24666502510582755,False
rareness,0.36511043497450824,precision_region_2,λ=8,divtree_lambda8_region2,197,0.5213376073509477,0.2330816584093983,0.25518865984367056,0.3553720558847588,1.0,0.3933268879194818,False
noise,1.0741348427807047,accuracy,λ=4,divtree_lambda4_region2,204,0.4677369104425251,0.23303749464144555,0.3096692708984401,0.24560428208087037,1.0,0.2666562186726746,False
rareness,0.1691953477546883,accuracy,TwoStep (tuned),twostep_tuned,228,0.4417568045286576,0.23301898293717158,0.20937749370899683,0.27021115500376225,1.0,0.24058999319368396,False
intensity,0.4223033626515117,accuracy,λ=4,divtree_lambda4_region2,235,0.4645575432387412,0.23296607194081204,0.32506121942728927,0.2452776584370758,1.0,0.26183838418660527,False
rareness,0.3406210490720307,accuracy,λ=2,divtree_lambda2_region2,192,0.4297395621071316,0.2329479401237329,0.09657144657246325,0.22674901428827485,1.0,0.2698663723359985,False
intensity,0.4223033626515117,accuracy,λ=8,divtree_lambda8_region2,235,0.46148833530480626,0.23277863637359278,0.30584731315055036,0.2447989384932225,1.0,0.2620327782747425,False
rareness,0.4140892067794632,accuracy,λ=2,divtree_lambda2_region2,204,0.5132584619186789,0.23268170698038793,0.2522485209693721,0.22565129952697646,1.0,0.2698663723359985,False
data_size,374641.26936243696,precision_region_2,TwoStep (tuned),twostep_tuned,194,0.4947545067117876,0.23266197919640008,0.17672617632442633,0.23710405049040634,1.0,0.27439081569502427,False
intensity,0.6692077956169817,accuracy,TwoStep (recall),twostep_recall,209,0.4692097249992297,0.2323453075376712,0.16833741031456378,0.2648073436768807,1.0,0.23944292662723365,False
rareness,0.3161316631695532,accuracy,TwoStep (recall),twostep_recall,234,0.4074631053046463,0.23228226850305822,0.018458187907973544,0.24855156825829078,1.0,0.23642002383494726,False
rareness,0.3161316631695532,precision_region_2,TwoStep (tuned),twostep_tuned,228,0.46769667425041606,0.23226865652538858,0.17114800170210215,0.3074203509033525,1.0,0.34421405595942656,False
noise,1.0741348427807047,accuracy,λ=8,divtree_lambda8_region2,204,0.46703094851414095,0.2320287347249848,0.2912863162015801,0.24560428208087037,1.0,0.26562571911739824,False
rareness,0.3406210490720307,accuracy,λ=4,divtree_lambda4_region2,192,0.4271498764463319,0.23198308261659684,0.057100766845763706,0.23315721894973973,1.0,0.2696365511972895,False
rareness,0.2426635054621208,accuracy,TwoStep (tuned),twostep_tuned,213,0.4222518101943833,0.23185982127002422,0.2717948200176881,0.24910509019984559,1.0,0.24058999319368396,False
rareness,0.3895998208769857,f1_region_2,λ=0,divtree_lambda0,221,0.5907725070780963,0.231795343725097,0.13352523885976164,0.0,1.0,0.3684886277994117,False
rareness,0.3406210490720307,accuracy,λ=8,divtree_lambda8_region2,192,0.4291604164551665,0.23160222247306553,0.05489318941431309,0.2347122731637343,1.0,0.26768526260589653,False
data_size,64450.92564416891,accuracy,TwoStep (recall),twostep_recall,213,0.42840507796793054,0.23158305680879865,0.11502759400112589,0.25642930227358846,1.0,0.24429338439632456,False
rareness,0.4140892067794632,accuracy,λ=0,divtree_lambda0,204,0.5177953022790738,0.23139633159442574,0.28062234908614914,0.22773261971956119,1.0,0.26760180831431135,False
sparsity,5.0,f1_region_2,λ=8,divtree_lambda8_region2,791,0.25158642392870045,0.23117184746090544,0.46189194292224334,0.0,0.6324560064886595,0.24185015935756682,False
rareness,0.12021657594973335,accuracy,TwoStep (tuned),twostep_tuned,232,0.4446158153098376,0.2310904686114514,0.1757534377769982,0.2870318971112218,1.0,0.24058999319368396,False
rareness,0.43857859268194066,fnr_region_2,λ=0,divtree_lambda0,223,0.13531983295518332,0.23088531560328507,0.15918358647573336,0.0,0.8291286315951997,0.3917487596737324,False
rareness,0.43857859268194066,recall_region_2,λ=0,divtree_lambda0,223,0.8646801670448168,0.23088531560328507,0.15918358647573339,0.17087136840480013,1.0,0.3917487596737324,False
noise,0.38121485453303716,accuracy,TwoStep (tuned),twostep_tuned,211,0.49190402456881466,0.23080786613552973,0.23771685453042796,0.2747264618340177,1.0,0.2510324596675154,False
data_size,53002.61908810494,accuracy,TwoStep (tuned),twostep_tuned,231,0.4663662356283328,0.23071066112466196,0.1871775046791413,0.25434266653951365,1.0,0.24577795574155753,False
rareness,0.1691953477546883,accuracy,TwoStep (recall),twostep_recall,228,0.43889258839749806,0.23068108473123636,0.20895030784478552,0.2700927033903894,1.0,0.23642002383494726,False
noise,0.09578948302920401,accuracy,TwoStep (tuned),twostep_tuned,216,0.5037086509587075,0.23066374876966994,0.23802943453459308,0.289022933297734,1.0,0.2510324596675154,False
rareness,0.12021657594973335,accuracy,TwoStep (recall),twostep_recall,232,0.44275333360430486,0.23060261748172717,0.1718972245133651,0.28702525265272594,1.0,0.23642002383494726,False
rareness,0.4875573644868957,fnr_region_2,λ=0,divtree_lambda0,197,0.11194441760277991,0.23027476940834982,0.09792965112114048,0.0,0.8136501024315419,0.3917487596737324,False
rareness,0.4875573644868957,recall_region_2,λ=0,divtree_lambda0,197,0.8880555823972199,0.23027476940834982,0.09792965112114049,0.18634989756845755,1.0,0.3917487596737324,False
data_size,16394.80890739932,accuracy,λ=4,divtree_lambda4_region2,231,0.4069698762793434,0.2302077237747249,0.19690904443214063,0.22296787728306117,1.0,0.2650731879885524,False
data_size,29478.2599815721,accuracy,λ=8,divtree_lambda8_region2,239,0.4212115690883854,0.23017375385648067,0.20690351450708405,0.23707875403932743,1.0,0.26345044784067795,False
intensity,0.7508360294199752,accuracy,TwoStep (recall),twostep_recall,230,0.46709024685401435,0.23012215200284736,0.18553590265387304,0.2588966066870663,1.0,0.23944292662723365,False
rareness,0.36511043497450824,precision_region_2,TwoStep (recall),twostep_recall,193,0.48158863287294895,0.23004903214111785,0.018947372828182152,0.3558428374277239,1.0,0.34299908832738524,False
rareness,0.3406210490720307,fnr_region_2,TwoStep (tuned),twostep_tuned,192,0.22444831169044221,0.22987894931977632,0.24085913308317106,0.0,0.7584326897761728,0.3328522872156383,False
rareness,0.3406210490720307,recall_region_2,TwoStep (tuned),twostep_tuned,192,0.7755516883095578,0.22987894931977632,0.24085913308317108,0.24156731022382683,1.0,0.33285228721563836,False
rareness,0.36511043497450824,precision_region_2,λ=4,divtree_lambda4_region2,194,0.5125351665034634,0.2296981096335517,0.21087531890594413,0.35394498498247823,1.0,0.40481784666359927,False
intensity,0.1498882271567853,precision_region_2,TwoStep (tuned),twostep_tuned,177,0.43493185300541165,0.229566969675854,0.17588932486222297,0.13113528115447504,1.0,0.2697614724088035,False
intensity,0.13359290997532036,accuracy,TwoStep (tuned),twostep_tuned,226,0.45752712692080316,0.22952999417361483,0.2707383363878513,0.2520593835906821,1.0,0.24666502510582755,False
data_size,29478.2599815721,accuracy,λ=4,divtree_lambda4_region2,239,0.4155668807593588,0.22945811684258316,0.2016242493472376,0.23707875403932743,1.0,0.2650731879885524,False
noise,0.024069432106053914,accuracy,TwoStep (tuned),twostep_tuned,221,0.5039778224583824,0.2293885559615918,0.26455959155936387,0.29033683590297554,1.0,0.2510324596675154,False
rareness,0.46306797858441817,recall_region_2,λ=0,divtree_lambda0,210,0.8874264379795068,0.22934067263928853,0.11324239633463207,0.2010604440532283,1.0,0.3917487596737324,False
rareness,0.46306797858441817,fnr_region_2,λ=0,divtree_lambda0,210,0.11257356202049314,0.2293406726392885,0.11324239633463208,0.0,0.7989395559467717,0.3917487596737324,False
sparsity,4.0,f1_region_2,λ=4,divtree_lambda4_region2,717,0.24974231356581714,0.22922688381699735,0.45612232207426107,0.0,0.6324084439708719,0.2421201515656707,False
data_size,16394.80890739932,accuracy,λ=2,divtree_lambda2_region2,231,0.4075167453681806,0.22922070063015793,0.1978428423152811,0.22143654127520557,1.0,0.2637043300959525,False
rareness,0.36511043497450824,precision_region_2,λ=0,divtree_lambda0,187,0.5106896220269002,0.2291982809172765,0.20062387362870876,0.35575656535248684,1.0,0.3970608242769601,False
intensity,0.4223033626515117,accuracy,λ=2,divtree_lambda2_region2,235,0.46405851844856866,0.2291227077875054,0.32173016444469205,0.24739191974729816,1.0,0.26071213132642695,False
rareness,0.36511043497450824,f1_region_2,λ=8,divtree_lambda8_region2,197,0.5700267797781059,0.2289828285212698,0.15747149609894984,0.18854130905971267,1.0,0.3737367058482066,False
rareness,0.3895998208769857,f1_region_2,λ=8,divtree_lambda8_region2,221,0.5929573337506561,0.22896481166201937,0.1408382872517251,0.21839328020676288,1.0,0.3737367058482066,False
noise,0.09578948302920401,accuracy,TwoStep (recall),twostep_recall,216,0.4692348958787331,0.22869672247165942,0.14598142699911132,0.27505288363172153,1.0,0.25129338371074594,False
rareness,0.29164227726707576,f1_region_2,TwoStep (tuned),twostep_tuned,222,0.4970090523542267,0.22859396556824713,0.0922425476263965,0.14473647623288233,1.0,0.33485917844274565,False
intensity,0.9451774034505906,accuracy,TwoStep (tuned),twostep_tuned,200,0.4851393096887539,0.2285338270833248,0.24774788986666335,0.27732718377421417,1.0,0.24666502510582755,False
data_size,29478.2599815721,accuracy,λ=2,divtree_lambda2_region2,239,0.41998345889203315,0.22853284948917676,0.19279402782807598,0.23767952038076828,1.0,0.2637043300959525,False
rareness,0.3895998208769857,precision_region_2,λ=4,divtree_lambda4_region2,217,0.5265597721734828,0.22846572164383233,0.1893786353197055,0.3782964504696994,1.0,0.40481784666359927,False
intensity,0.3354720276494002,accuracy,TwoStep (recall),twostep_recall,204,0.45457414117227524,0.22837570315726344,0.1664056163734733,0.2587972103221319,1.0,0.23944292662723365,False
sparsity,1.0,f1_region_2,λ=2,divtree_lambda2_region2,699,0.925001976858521,0.22833986941734083,0.0,0.2445615966609077,1.0,0.24237299265523937,False
rareness,0.36511043497450824,precision_region_2,TwoStep (tuned),twostep_tuned,193,0.5251075121629308,0.2280583257942123,0.17547672204664289,0.36174534660140595,1.0,0.34421405595942656,False
rareness,0.4140892067794632,accuracy,λ=8,divtree_lambda8_region2,204,0.5067461627917749,0.22804099699282215,0.19874514479484756,0.22460836742535542,1.0,0.26768526260589653,False
rareness,0.4140892067794632,accuracy,λ=4,divtree_lambda4_region2,204,0.5100106010680303,0.22772407458458102,0.2128869691046945,0.2296028895887033,1.0,0.2696365511972895,False
intensity,0.9451774034505906,accuracy,TwoStep (recall),twostep_recall,200,0.45171662280423014,0.22726292586565708,0.15893076562884018,0.26760272787224465,1.0,0.23944292662723365,False
noise,8.527795614328893,precision_region_2,λ=0,divtree_lambda0,131,0.3820069513708333,0.22724898090806703,0.2083044100176935,0.02013752455795678,1.0,0.305302699174431,False
sparsity,3.0,f1_region_2,λ=2,divtree_lambda2_region2,752,0.30083716919784603,0.22722797645560536,0.42713881493725686,0.0,0.6416117026520436,0.24237299265523937,False
rareness,0.3161316631695532,precision_region_2,TwoStep (recall),twostep_recall,228,0.4202085454803902,0.22722335414927794,0.021267747517629387,0.30687202314179507,1.0,0.34299908832738524,False
rareness,0.3895998208769857,precision_region_2,λ=0,divtree_lambda0,210,0.5216452506353125,0.22717219266840352,0.17060153901914726,0.37849168037783937,1.0,0.3970608242769601,False
rareness,0.3895998208769857,precision_region_2,λ=2,divtree_lambda2_region2,217,0.5253452629997313,0.22711457358358464,0.18056740924121273,0.3785349817331461,1.0,0.40591300028870575,False
data_size,29478.2599815721,accuracy,TwoStep (tuned),twostep_tuned,239,0.44954962617322,0.22709652641495182,0.2125341470878268,0.24348867456949086,1.0,0.24577795574155753,False
rareness,0.3895998208769857,f1_region_2,λ=4,divtree_lambda4_region2,221,0.5929188343421717,0.22689980614667182,0.12474295383216327,0.2146298729741568,1.0,0.37882363801075863,False
noise,0.13529471303661472,accuracy,TwoStep (tuned),twostep_tuned,234,0.502550225454277,0.2268917785309469,0.24386123808237892,0.28603229010522907,1.0,0.2510324596675154,False
rareness,0.29164227726707576,accuracy,TwoStep (recall),twostep_recall,222,0.37891050523198516,0.22687499992782684,0.024506671447108108,0.2424834427451458,1.0,0.23642002383494726,False
data_size,16394.80890739932,accuracy,λ=0,divtree_lambda0,231,0.4086570281593756,0.22684874348486714,0.18706172872145388,0.21404141639919272,1.0,0.26548798019147923,False
data_size,53002.61908810494,accuracy,TwoStep (recall),twostep_recall,231,0.44501929828342385,0.22668679596331393,0.15050183733719869,0.25375033224527566,1.0,0.24429338439632456,False
data_size,29478.2599815721,accuracy,λ=0,divtree_lambda0,239,0.418778683605426,0.22666741853198302,0.1613952205661382,0.23735807952155266,1.0,0.26548798019147923,False
data_size,13482.627330113071,accuracy,λ=4,divtree_lambda4_region2,236,0.3998200777273067,0.22653526875077473,0.18877631817404433,0.23415820521765954,1.0,0.2650731879885524,False
intensity,0.5964538942816824,accuracy,TwoStep (tuned),twostep_tuned,217,0.4754830391012811,0.22632201209793978,0.19651742720226623,0.2673962437131133,1.0,0.24666502510582755,False
data_size,13482.627330113071,accuracy,λ=8,divtree_lambda8_region2,236,0.4002935830434362,0.22609667881106232,0.1990766124287981,0.23685645691006005,1.0,0.26345044784067795,False
data_size,13482.627330113071,accuracy,λ=0,divtree_lambda0,236,0.39836293295232234,0.2260866421346311,0.15514785960698463,0.21419826410951412,1.0,0.26548798019147923,False
data_size,16394.80890739932,accuracy,λ=8,divtree_lambda8_region2,231,0.4049101823856277,0.22603571047057427,0.20508277050684914,0.2243652859641314,1.0,0.26345044784067795,False
data_size,13482.627330113071,accuracy,λ=2,divtree_lambda2_region2,236,0.40363113573312936,0.22592704949086334,0.18573730754646972,0.22130509847965615,1.0,0.2637043300959525,False
noise,0.01704130491500777,accuracy,TwoStep (recall),twostep_recall,224,0.46803805692241385,0.2257921694293302,0.17062581996761994,0.27778841721500563,1.0,0.25129338371074594,False
data_size,115884.31148680957,accuracy,TwoStep (tuned),twostep_tuned,236,0.47573249935856393,0.2255675605823221,0.2328634662580535,0.262909500938618,1.0,0.24577795574155753,False
noise,0.5384344159537604,accuracy,TwoStep (recall),twostep_recall,220,0.451231526264085,0.22551648417485995,0.16635585914222428,0.27271004003287463,1.0,0.25129338371074594,False
noise,0.5384344159537604,accuracy,TwoStep (tuned),twostep_tuned,220,0.4712735756428281,0.22524069362661972,0.21261184865374805,0.277197094468201,1.0,0.2510324596675154,False
intensity,0.21169951438065343,accuracy,TwoStep (tuned),twostep_tuned,251,0.44720834336413123,0.2250944144393318,0.18832495561460694,0.2533697788217543,1.0,0.24666502510582755,False
noise,0.024069432106053914,accuracy,TwoStep (recall),twostep_recall,221,0.46641138686435263,0.22502064190745585,0.16076407120973824,0.27469774284006804,1.0,0.25129338371074594,False
rareness,0.19368473365716582,accuracy,TwoStep (tuned),twostep_tuned,248,0.42778133913214694,0.22500678023194257,0.25423719384286436,0.2580724039218551,1.0,0.24058999319368396,False
data_size,11087.731534380375,accuracy,λ=2,divtree_lambda2_region2,220,0.39148132960610693,0.2248463584441094,0.1561175265224794,0.22161729587655313,1.0,0.2637043300959525,False
data_size,11087.731534380375,accuracy,λ=4,divtree_lambda4_region2,220,0.3913451499307121,0.2245696234094772,0.1766848290512455,0.22170002187980842,1.0,0.2650731879885524,False
noise,4.274750681290067,accuracy,λ=4,divtree_lambda4_region2,224,0.39507562303464017,0.22445783184642143,0.15764290112845897,0.22907705199179176,1.0,0.2666562186726746,False
rareness,0.2426635054621208,accuracy,TwoStep (recall),twostep_recall,213,0.4014189569768641,0.22435227701896962,0.1637385858334976,0.24821430732293087,1.0,0.23642002383494726,False
data_size,308094.3880361152,accuracy,TwoStep (tuned),twostep_tuned,210,0.5003551532968648,0.22393803551963865,0.27345577663672077,0.277229834913593,1.0,0.24577795574155753,False
intensity,0.1681712049266273,accuracy,TwoStep (tuned),twostep_tuned,211,0.4506945215541913,0.22392543578399374,0.19055348436063158,0.25296252094535043,1.0,0.24666502510582755,False
noise,4.274750681290067,accuracy,λ=0,divtree_lambda0,224,0.4024533550739106,0.22381660177286924,0.16341394101166123,0.22617445538143535,1.0,0.26628083036352895,False
noise,4.274750681290067,accuracy,λ=8,divtree_lambda8_region2,224,0.39265132883355497,0.2235701505097112,0.16756635325803437,0.22364676762044677,1.0,0.26562571911739824,False
noise,4.274750681290067,accuracy,λ=2,divtree_lambda2_region2,224,0.3995456426560358,0.22354138881492708,0.17486628151092454,0.22829837789621352,1.0,0.2635194616214479,False
intensity,0.13359290997532036,accuracy,TwoStep (recall),twostep_recall,226,0.44072964220651334,0.2235195389385041,0.1805140075306103,0.25140656978955583,1.0,0.23944292662723365,False
noise,0.38121485453303716,accuracy,TwoStep (recall),twostep_recall,211,0.4587272095232297,0.22332033238809915,0.15166276221212843,0.2668181352570852,1.0,0.25129338371074594,False
data_size,11087.731534380375,accuracy,λ=0,divtree_lambda0,220,0.39866193225946894,0.22277821323100325,0.15668502969923287,0.21318417972971965,1.0,0.26548798019147923,False
data_size,11087.731534380375,accuracy,λ=8,divtree_lambda8_region2,220,0.38975252686601625,0.22256902472417484,0.1797871245743059,0.2202745942244938,1.0,0.26345044784067795,False
sparsity,4.0,f1_region_2,λ=8,divtree_lambda8_region2,717,0.2544345434471812,0.222198729140351,0.41958040246264616,0.0,0.6331980137486204,0.24185015935756682,False
intensity,0.5964538942816824,accuracy,TwoStep (recall),twostep_recall,217,0.4563705979011088,0.22219376511229075,0.15999990233871275,0.26630202975901457,1.0,0.23944292662723365,False
data_size,208362.77391753628,accuracy,TwoStep (tuned),twostep_tuned,212,0.46837286927706373,0.22185472286487545,0.1951637065763842,0.2621112190585039,1.0,0.24577795574155753,False
data_size,11087.731534380375,precision_region_2,TwoStep (recall),twostep_recall,182,0.42729202683485146,0.22161068915017657,0.18278645797077153,0.12478797877810235,1.0,0.2719922722140517,False
data_size,95299.98147634632,accuracy,TwoStep (tuned),twostep_tuned,199,0.47216559666042596,0.2214685861947253,0.23011995062451762,0.2593592531170298,1.0,0.24577795574155753,False
intensity,0.8424210637824314,accuracy,TwoStep (tuned),twostep_tuned,220,0.4823490995871631,0.2211618100181101,0.23165400498133631,0.27284174254581733,1.0,0.24666502510582755,False
intensity,0.47381483315153217,accuracy,TwoStep (tuned),twostep_tuned,230,0.46500886621269233,0.22108261985183825,0.18458097555107628,0.2598685337203911,1.0,0.24666502510582755,False
intensity,0.13359290997532036,accuracy,λ=2,divtree_lambda2_region2,226,0.3961710471049981,0.2205010857975352,0.14144422095857379,0.2213377759024772,1.0,0.26071213132642695,False
data_size,29478.2599815721,accuracy,TwoStep (recall),twostep_recall,239,0.42594192049529556,0.2203106841935188,0.16940144809117286,0.2433003949625501,1.0,0.24429338439632456,False
rareness,0.21817411955964328,accuracy,TwoStep (tuned),twostep_tuned,220,0.39849821584488865,0.2202141200210183,0.16002175252847572,0.2531916591345876,1.0,0.24058999319368396,False
data_size,24242.087597150792,accuracy,TwoStep (tuned),twostep_tuned,233,0.441723111599922,0.22010398589207286,0.2019356929728498,0.250474934035857,1.0,0.24577795574155753,False
rareness,0.29164227726707576,precision_region_2,TwoStep (recall),twostep_recall,216,0.3861535199274852,0.21992231356241607,0.023127475089185723,0.27874422569464774,1.0,0.34299908832738524,False
sparsity,1.0,fnr_region_2,λ=4,divtree_lambda4_region2,699,0.06301846974477114,0.21958433569619926,0.0,0.0,0.754005531113977,0.4240016410553663,False
sparsity,1.0,recall_region_2,λ=4,divtree_lambda4_region2,699,0.936981530255229,0.21958433569619926,0.0,0.24599446888602367,1.0,0.4240016410553663,False
rareness,0.43857859268194066,accuracy,λ=0,divtree_lambda0,223,0.5286743038545841,0.21957837902161453,0.21542093976281163,0.2360694958156755,1.0,0.26760180831431135,False
rareness,0.3161316631695532,f1_region_2,TwoStep (tuned),twostep_tuned,234,0.5388927080116142,0.21911744887258194,0.10278741292203164,0.2562000435716326,1.0,0.33485917844274565,False
intensity,0.18868429297579686,accuracy,TwoStep (tuned),twostep_tuned,239,0.4547664048324828,0.2190964522541018,0.2249359042575162,0.2564727912871378,1.0,0.24666502510582755,False
rareness,0.3895998208769857,f1_region_2,λ=2,divtree_lambda2_region2,221,0.598710773837965,0.2190377143125538,0.10637241674207454,0.20481617410340608,1.0,0.3766809924017986,False
intensity,0.13359290997532036,accuracy,λ=8,divtree_lambda8_region2,226,0.3947804870380802,0.2188888411329384,0.18445752534805565,0.2240043544780511,1.0,0.2620327782747425,False
rareness,0.19368473365716582,accuracy,TwoStep (recall),twostep_recall,248,0.42184689573765277,0.21888722616367956,0.23091903802890312,0.25743207431276904,1.0,0.23642002383494726,False
rareness,0.43857859268194066,accuracy,λ=4,divtree_lambda4_region2,223,0.521261719303652,0.21882991172603136,0.19826434990026093,0.22761760079697693,1.0,0.2696365511972895,False
data_size,115884.31148680957,accuracy,TwoStep (recall),twostep_recall,236,0.4516514417878758,0.21869553985065907,0.16492746643748335,0.2600778371937117,1.0,0.24429338439632456,False
rareness,0.4140892067794632,accuracy,TwoStep (tuned),twostep_tuned,204,0.5222451378140938,0.21862541594017879,0.19167801888841002,0.3025481945836495,1.0,0.24058999319368396,False
intensity,0.13359290997532036,accuracy,λ=4,divtree_lambda4_region2,226,0.3915996653630765,0.2185645490910518,0.17888796694554354,0.22076853162283544,1.0,0.26183838418660527,False
noise,1.5171265228807906,precision_region_2,TwoStep (recall),twostep_recall,176,0.3989789644314939,0.21827297510596055,0.19090888672361395,0.13706193892498966,1.0,0.27202819206766726,False
intensity,0.11906916196297226,accuracy,TwoStep (tuned),twostep_tuned,195,0.42313578889234654,0.218256814369945,0.13079522332834348,0.25279348961625714,1.0,0.24666502510582755,False
intensity,0.1681712049266273,accuracy,TwoStep (recall),twostep_recall,211,0.4325009308065124,0.21822599119785535,0.159408891717703,0.2525140401631454,1.0,0.23944292662723365,False
rareness,0.43857859268194066,accuracy,λ=2,divtree_lambda2_region2,223,0.5237726344889427,0.21778968776985802,0.17822015882804032,0.22982863271535822,1.0,0.2698663723359985,False
noise,0.13529471303661472,accuracy,TwoStep (recall),twostep_recall,234,0.4722163152413197,0.2176964082557892,0.1672099170739822,0.2774621448925166,1.0,0.25129338371074594,False
data_size,16394.80890739932,accuracy,TwoStep (tuned),twostep_tuned,231,0.428717817980019,0.21728789532881476,0.1662064435466314,0.2404986780253392,1.0,0.24577795574155753,False
data_size,171351.654420983,accuracy,TwoStep (tuned),twostep_tuned,203,0.47224707611824984,0.21699506923663503,0.22248642206421643,0.2670182342781433,1.0,0.24577795574155753,False
rareness,0.4140892067794632,f1_region_2,λ=8,divtree_lambda8_region2,204,0.6178703203268353,0.2169018107836914,0.1357084045705813,0.17796030145552738,1.0,0.3737367058482066,False
sparsity,3.0,f1_region_2,λ=4,divtree_lambda4_region2,752,0.30922190243117215,0.21677302822740604,0.4008486352718662,0.0,0.6400430316530186,0.2421201515656707,False
intensity,0.21169951438065343,accuracy,TwoStep (recall),twostep_recall,251,0.4247825478711303,0.2166930265972745,0.12987773278186926,0.2517033069821316,1.0,0.23944292662723365,False
data_size,35845.419997710356,accuracy,TwoStep (tuned),twostep_tuned,189,0.4461017385370792,0.2166446257318269,0.21074290023240816,0.2525026106405735,1.0,0.24577795574155753,False
data_size,171351.654420983,accuracy,TwoStep (recall),twostep_recall,203,0.4428261243306848,0.21662903882498774,0.14991230128201272,0.26237064020238526,1.0,0.24429338439632456,False
data_size,308094.3880361152,accuracy,TwoStep (recall),twostep_recall,210,0.4669829598912351,0.21648691300994297,0.1659634077009206,0.2700448482520658,1.0,0.24429338439632456,False
intensity,0.13359290997532036,accuracy,λ=0,divtree_lambda0,226,0.3995822086333011,0.21635283158670834,0.14165164543640207,0.22044137213053025,1.0,0.2615880585486085,False
sparsity,3.0,precision_region_2,λ=8,divtree_lambda8_region2,710,0.4093201608601639,0.2163016843285988,0.21362323668737038,0.07671437502791051,0.8823668330157742,0.23819701112493474,False
rareness,0.21817411955964328,accuracy,TwoStep (recall),twostep_recall,220,0.3934146697060485,0.21615753889860057,0.15013173903924742,0.25265719026371974,1.0,0.23642002383494726,False
rareness,0.4140892067794632,f1_region_2,λ=2,divtree_lambda2_region2,204,0.6174524497733458,0.2155425792377538,0.14604493817868625,0.19112007215766724,1.0,0.3766809924017986,False
intensity,0.8424210637824314,accuracy,TwoStep (recall),twostep_recall,220,0.45117993027545045,0.2151620036225139,0.1606639759902394,0.27284174254581733,1.0,0.23944292662723365,False
rareness,0.43857859268194066,accuracy,λ=8,divtree_lambda8_region2,223,0.518607248296624,0.2149229485840447,0.1723207963617806,0.22982863271535822,1.0,0.26768526260589653,False
intensity,0.1498882271567853,precision_region_2,TwoStep (recall),twostep_recall,177,0.40533723650856995,0.2147834518450721,0.15794493244550872,0.13113528115447504,1.0,0.26655417392710745,False
rareness,0.4140892067794632,f1_region_2,λ=0,divtree_lambda0,204,0.6195801630711775,0.21474311971896537,0.1616708083711894,0.19729327407752523,1.0,0.3684886277994117,False
rareness,0.14470596185221085,accuracy,TwoStep (tuned),twostep_tuned,219,0.4145978625699134,0.21414979920725602,0.13800663653098555,0.27762651250990755,1.0,0.24058999319368396,False
data_size,208362.77391753628,accuracy,TwoStep (recall),twostep_recall,212,0.439737770795521,0.2141201739854033,0.14759640349698244,0.25955070236469147,1.0,0.24429338439632456,False
sparsity,1.0,f1_region_2,λ=4,divtree_lambda4_region2,699,0.9324404433675294,0.21406787079775752,0.0,0.3231652559472423,1.0,0.2421201515656707,False
rareness,0.4140892067794632,precision_region_2,λ=8,divtree_lambda8_region2,203,0.5454803697333941,0.21382672001476558,0.19614641980700487,0.4028768819431394,1.0,0.3933268879194818,False
intensity,0.3763920367806187,accuracy,TwoStep (tuned),twostep_tuned,221,0.45179662704805745,0.21351228214330137,0.1530831873442805,0.2731825212683681,1.0,0.24666502510582755,False
intensity,0.18868429297579686,accuracy,TwoStep (recall),twostep_recall,239,0.42937520444929445,0.21349628058401388,0.15273204827465026,0.25483791254934374,1.0,0.23944292662723365,False
intensity,0.47381483315153217,accuracy,TwoStep (recall),twostep_recall,230,0.43733487651661784,0.2134742152460115,0.14663111559681025,0.2581567216647736,1.0,0.23944292662723365,False
data_size,95299.98147634632,accuracy,TwoStep (recall),twostep_recall,199,0.44501576519655256,0.21345649482021561,0.16570429122724523,0.25893242164576413,1.0,0.24429338439632456,False
rareness,0.4140892067794632,precision_region_2,λ=4,divtree_lambda4_region2,203,0.5411957853292556,0.21329288918352246,0.19288347475419954,0.4018790996345659,1.0,0.40481784666359927,False
rareness,0.4140892067794632,accuracy,TwoStep (recall),twostep_recall,204,0.49005513041677823,0.21311141574060163,0.019499715502747872,0.3025481945836495,1.0,0.23642002383494726,False
rareness,0.0222590323398234,accuracy,TwoStep (tuned),twostep_tuned,222,0.4575236287459397,0.21310236495170776,0.13691377110398056,0.3193089770395927,1.0,0.24058999319368396,False
rareness,0.14470596185221085,accuracy,TwoStep (recall),twostep_recall,219,0.4127668764995916,0.21290541354777903,0.13559523159382025,0.2776553556181019,1.0,0.23642002383494726,False
rareness,0.3406210490720307,accuracy,TwoStep (tuned),twostep_tuned,192,0.44401411989150974,0.21263117094481934,0.09777168409370351,0.25184522240211826,1.0,0.24058999319368396,False
data_size,24242.087597150792,accuracy,TwoStep (recall),twostep_recall,233,0.42165776847532727,0.21242468215794727,0.14912119301543814,0.2506541368356632,1.0,0.24429338439632456,False
sparsity,1.0,fnr_region_2,λ=8,divtree_lambda8_region2,699,0.059356762696289964,0.212138986613562,0.0,0.0,0.6803492891771133,0.42347527811960817,False
sparsity,1.0,recall_region_2,λ=8,divtree_lambda8_region2,699,0.94064323730371,0.212138986613562,0.0,0.3196507108228884,1.0,0.42347527811960817,False
rareness,0.4140892067794632,precision_region_2,λ=2,divtree_lambda2_region2,201,0.5412940387310994,0.21207947552206366,0.20514871120471706,0.4028213374441846,1.0,0.40591300028870575,False
data_size,374641.26936243696,accuracy,TwoStep (tuned),twostep_tuned,231,0.4632115444369989,0.21151193768961168,0.1700418268620918,0.27026324097843846,1.0,0.24577795574155753,False
intensity,0.11906916196297226,accuracy,TwoStep (recall),twostep_recall,195,0.41083508840667143,0.21144283457632,0.1305463605606706,0.2511178385059878,1.0,0.23944292662723365,False
intensity,0.2375220728879286,accuracy,TwoStep (tuned),twostep_tuned,226,0.4425877060873725,0.21137124334724477,0.17974862226769311,0.25172436132024395,1.0,0.24666502510582755,False
rareness,0.4140892067794632,f1_region_2,λ=4,divtree_lambda4_region2,204,0.6209874128284114,0.2111940194317319,0.12940770493703735,0.19507858552154564,1.0,0.37882363801075863,False
sparsity,3.0,f1_region_2,λ=8,divtree_lambda8_region2,752,0.31547768039249185,0.21116111320962586,0.38623096244030064,0.0,0.6408475727984508,0.24185015935756682,False
sparsity,1.0,f1_region_2,λ=8,divtree_lambda8_region2,699,0.9328663245640416,0.2110275725909906,0.0,0.3148723373954794,1.0,0.24185015935756682,False
rareness,0.29164227726707576,f1_region_2,TwoStep (recall),twostep_recall,222,0.4775068057055153,0.21051228847585315,0.036576731024791864,0.14473647623288233,1.0,0.3347925455448858,False
intensity,0.3763920367806187,accuracy,TwoStep (recall),twostep_recall,221,0.43744444238153773,0.21039387106966748,0.1406063871106371,0.27244513411660387,1.0,0.23944292662723365,False
rareness,0.46306797858441817,accuracy,TwoStep (tuned),twostep_tuned,210,0.5547586181536659,0.20951684535835277,0.1757129859342983,0.32825047132532437,1.0,0.24058999319368396,False
data_size,374641.26936243696,accuracy,TwoStep (recall),twostep_recall,231,0.4426623326973681,0.2091137618924772,0.13883373422472323,0.2676717834486623,1.0,0.24429338439632456,False
sparsity,3.0,precision_region_2,λ=2,divtree_lambda2_region2,648,0.41299426981608994,0.2086944839930476,0.19187222569524587,0.0843070346482676,0.9035471182088494,0.231901354944401,False
rareness,0.4140892067794632,precision_region_2,λ=0,divtree_lambda0,197,0.5435259076501923,0.20866676289017108,0.17282041855752467,0.4028020459690268,1.0,0.3970608242769601,False
data_size,35845.419997710356,accuracy,TwoStep (recall),twostep_recall,189,0.4217962528103969,0.20857292032784291,0.1541298565855626,0.2519259387057055,1.0,0.24429338439632456,False
rareness,0.43857859268194066,f1_region_2,λ=4,divtree_lambda4_region2,223,0.6348956832362812,0.20839668328173852,0.11767996763136934,0.1956242540544336,1.0,0.37882363801075863,False
sparsity,3.0,precision_region_2,λ=4,divtree_lambda4_region2,689,0.40316207702113244,0.2076928571955774,0.2067986708524504,0.08039819376026273,0.8273161076689695,0.23217033308764162,False
rareness,0.3161316631695532,f1_region_2,TwoStep (recall),twostep_recall,234,0.5195438390307039,0.20767648737795155,0.02183368098672489,0.2562000435716326,1.0,0.3347925455448858,False
rareness,0.07123780414477837,accuracy,TwoStep (tuned),twostep_tuned,198,0.43656684360037473,0.2076214732248585,0.14065289165392753,0.3043760992192862,1.0,0.24058999319368396,False
rareness,0.07123780414477837,accuracy,TwoStep (recall),twostep_recall,198,0.4345064696416881,0.2074386340216048,0.1317250135156368,0.30431939559025395,1.0,0.23642002383494726,False
rareness,0.36511043497450824,fnr_region_2,TwoStep (recall),twostep_recall,197,0.08737824601624351,0.20719952814559167,0.045523664702528034,0.0,0.49670322818009083,0.3486937994511189,False
rareness,0.36511043497450824,recall_region_2,TwoStep (recall),twostep_recall,197,0.9126217539837564,0.20719952814559167,0.045523664702528,0.5032967718199085,1.0,0.3486937994511189,False
rareness,0.46306797858441817,accuracy,λ=0,divtree_lambda0,210,0.5430505733960018,0.2059081983912072,0.24782719385775692,0.23657865315117171,1.0,0.26760180831431135,False
rareness,0.4140892067794632,precision_region_2,TwoStep (tuned),twostep_tuned,203,0.5396046955906694,0.2059072702050349,0.1586081608901872,0.40200627178658904,1.0,0.34421405595942656,False
rareness,0.4875573644868957,accuracy,λ=0,divtree_lambda0,197,0.563750815139297,0.20557552728894687,0.17873587254453088,0.23060618730012106,1.0,0.26760180831431135,False
sparsity,4.0,f1_region_2,TwoStep (tuned),twostep_tuned,717,0.3331178340698471,0.20544173681893935,0.3746443031880525,0.023875830873519015,0.6512237867937978,0.29951406461796964,False
sparsity,3.0,f1_region_2,TwoStep (tuned),twostep_tuned,752,0.48791401192581324,0.2054301284476958,0.21481572100450264,0.0,0.7310744635217252,0.29951406461796964,False
rareness,0.3406210490720307,precision_region_2,TwoStep (tuned),twostep_tuned,188,0.4627031589339086,0.20497340667434463,0.1157898542969662,0.3320633625610549,1.0,0.34421405595942656,False
intensity,0.2375220728879286,accuracy,TwoStep (recall),twostep_recall,226,0.42300632145117106,0.20462252883656717,0.16365241536459513,0.25172436132024395,0.9989311613811018,0.23944292662723365,False
rareness,0.4875573644868957,accuracy,λ=2,divtree_lambda2_region2,197,0.5578893216699534,0.20452201592121663,0.1549543512585106,0.21573598042454975,1.0,0.2698663723359985,False
rareness,0.4140892067794632,precision_region_2,TwoStep (recall),twostep_recall,203,0.5049677584042508,0.20445290004545502,0.020105519497333135,0.4011007201208355,1.0,0.34299908832738524,False
rareness,0.36511043497450824,fnr_region_2,TwoStep (tuned),twostep_tuned,197,0.16985912232263106,0.20444552952020897,0.22982635342185903,0.0,0.5537174593766269,0.3328522872156383,False
rareness,0.36511043497450824,recall_region_2,TwoStep (tuned),twostep_tuned,197,0.8301408776773689,0.20444552952020897,0.2298263534218591,0.44628254062337275,1.0,0.33285228721563836,False
rareness,0.36511043497450824,f1_region_2,TwoStep (tuned),twostep_tuned,197,0.6111743557265609,0.2044099936910454,0.1079160677248776,0.40355025531913274,1.0,0.33485917844274565,False
rareness,0.46306797858441817,accuracy,λ=2,divtree_lambda2_region2,210,0.5412115950792106,0.2042186604053847,0.21117605120534005,0.22962814284905309,1.0,0.2698663723359985,False
rareness,0.43857859268194066,accuracy,TwoStep (tuned),twostep_tuned,223,0.5385056902314564,0.20421785163794923,0.19439992020767788,0.30470750030170823,1.0,0.24058999319368396,False
rareness,0.0222590323398234,accuracy,TwoStep (recall),twostep_recall,222,0.44972860225962147,0.20395648639671826,0.13363825108482064,0.31833823245305026,1.0,0.23642002383494726,False
rareness,0.3406210490720307,accuracy,TwoStep (recall),twostep_recall,192,0.407520704605054,0.20362795089426347,0.02108515805398048,0.2506317125582622,1.0,0.23642002383494726,False
rareness,0.3895998208769857,accuracy,TwoStep (tuned),twostep_tuned,221,0.48112399307050624,0.20305837010148936,0.09282681609675658,0.30052576235541534,1.0,0.24058999319368396,False
rareness,0.43857859268194066,f1_region_2,λ=2,divtree_lambda2_region2,223,0.6367427729445425,0.20261243066669066,0.11482784777652333,0.2424359468497638,1.0,0.3766809924017986,False
noise,2.142815589586332,precision_region_2,TwoStep (tuned),twostep_tuned,155,0.38785197280628825,0.20235916073078095,0.19471353406867709,0.10677804800676748,0.878350785761267,0.27258040516543924,False
rareness,0.46306797858441817,accuracy,λ=4,divtree_lambda4_region2,210,0.5344467097775802,0.20212870429529023,0.1674846104050336,0.22153065135927472,1.0,0.2696365511972895,False
data_size,16394.80890739932,accuracy,TwoStep (recall),twostep_recall,231,0.4107888275194873,0.2016831497760352,0.16086572291624368,0.23842158757837,1.0,0.24429338439632456,False
data_size,43587.85544382496,accuracy,TwoStep (tuned),twostep_tuned,211,0.43895426129514675,0.20125236904712746,0.16636135971524446,0.25989757453851803,1.0,0.24577795574155753,False
rareness,0.4875573644868957,accuracy,λ=4,divtree_lambda4_region2,197,0.5580530048058497,0.20031627691214932,0.16989631426206708,0.22861353917583796,1.0,0.2696365511972895,False
data_size,11087.731534380375,accuracy,TwoStep (tuned),twostep_tuned,220,0.4199335093625215,0.2000679240663352,0.17393375049220816,0.24773922653486233,1.0,0.24577795574155753,False
rareness,0.43857859268194066,f1_region_2,λ=8,divtree_lambda8_region2,223,0.638079151928701,0.19956985310137945,0.10497439832135058,0.2424359468497638,1.0,0.3737367058482066,False
rareness,0.43857859268194066,f1_region_2,λ=0,divtree_lambda0,223,0.6413322505611061,0.19930692142532666,0.12867786714133078,0.24897195756467358,1.0,0.3684886277994117,False
rareness,0.36511043497450824,f1_region_2,TwoStep (recall),twostep_recall,197,0.5913808276276623,0.1992098781242383,0.01933925390348712,0.4264428590323393,1.0,0.3347925455448858,False
rareness,0.43857859268194066,precision_region_2,λ=8,divtree_lambda8_region2,222,0.5525417370557271,0.19853735705839748,0.15729019027586572,0.4267718298633923,1.0,0.3933268879194818,False
noise,2.142815589586332,precision_region_2,TwoStep (recall),twostep_recall,154,0.3724681318372996,0.1984304418101602,0.17610597605992884,0.09538125376732973,0.8800882839751417,0.27202819206766726,False
rareness,0.43857859268194066,precision_region_2,λ=4,divtree_lambda4_region2,220,0.5553677469651097,0.1981822419646446,0.17716255442639628,0.42671936974559943,1.0,0.40481784666359927,False
sparsity,4.0,f1_region_2,TwoStep (recall),twostep_recall,717,0.3235725607852205,0.19817351367748523,0.355456486863357,0.02249319542732717,0.6298103834966682,0.2986094916088595,False
noise,6.037731371322748,accuracy,λ=4,divtree_lambda4_region2,214,0.35519697761038627,0.19809503216663601,0.09915682316192864,0.2146871809539497,0.9771611037474393,0.2666562186726746,False
noise,3.026549586817165,precision_region_2,TwoStep (tuned),twostep_tuned,178,0.3686673730285759,0.19776462719261326,0.2183944955951736,0.1020128161441769,0.7701244488280352,0.27258040516543924,False
rareness,0.3406210490720307,precision_region_2,TwoStep (recall),twostep_recall,188,0.42015107203438534,0.19769369358665606,0.018348871188471783,0.3283691837304872,1.0,0.34299908832738524,False
rareness,0.4875573644868957,accuracy,λ=8,divtree_lambda8_region2,197,0.5503458893361319,0.19759322465974485,0.13414617419231584,0.21550682017390435,1.0,0.26768526260589653,False
intensity,0.10612438439422897,accuracy,TwoStep (tuned),twostep_tuned,226,0.40678762048092604,0.1971829246274917,0.152760016476913,0.24329220282126057,1.0,0.24666502510582755,False
rareness,0.46306797858441817,accuracy,TwoStep (recall),twostep_recall,210,0.523249530586858,0.1968464839403415,0.019128512440176992,0.33104293692149933,1.0,0.23642002383494726,False
rareness,0.46306797858441817,accuracy,λ=8,divtree_lambda8_region2,210,0.5300220485415863,0.19671716583209384,0.15056199351102395,0.22153065135927472,1.0,0.26768526260589653,False
rareness,0.3895998208769857,fnr_region_2,TwoStep (recall),twostep_recall,221,0.07747975693927643,0.19653025984594746,0.01438753080663425,0.0,0.4367196367763905,0.3486937994511189,False
rareness,0.3895998208769857,recall_region_2,TwoStep (recall),twostep_recall,221,0.9225202430607236,0.19653025984594746,0.014387530806634241,0.5632803632236095,1.0,0.3486937994511189,False
rareness,0.4875573644868957,f1_region_2,λ=2,divtree_lambda2_region2,197,0.6735489076324959,0.19607715067869863,0.09654728207437513,0.23045104586563905,1.0,0.3766809924017986,False
intensity,0.1498882271567853,accuracy,TwoStep (tuned),twostep_tuned,212,0.41192198667416957,0.19564078310237454,0.15632400127165164,0.24069540421356397,1.0,0.24666502510582755,False
rareness,0.43857859268194066,precision_region_2,λ=0,divtree_lambda0,217,0.5548435044678219,0.19478872905603406,0.17348651752721517,0.42722755975093507,1.0,0.3970608242769601,False
noise,6.037731371322748,accuracy,λ=8,divtree_lambda8_region2,214,0.35604931213003527,0.19406243826002598,0.11458934570764723,0.2261547937807792,1.0,0.26562571911739824,False
rareness,0.43857859268194066,accuracy,TwoStep (recall),twostep_recall,223,0.5000562115093962,0.1939768599252827,0.018133637303127892,0.31943149368335955,1.0,0.23642002383494726,False
noise,6.037731371322748,accuracy,λ=2,divtree_lambda2_region2,214,0.36023171180960933,0.1936090943394575,0.1079203441433379,0.2244203987362929,1.0,0.2635194616214479,False
rareness,0.43857859268194066,precision_region_2,λ=2,divtree_lambda2_region2,218,0.5507621674700449,0.1934498155213578,0.1556346487081346,0.42630818226937733,1.0,0.40591300028870575,False
rareness,0.46306797858441817,f1_region_2,λ=0,divtree_lambda0,210,0.656667224024543,0.1934436500240712,0.1364594975204504,0.2821055076159375,1.0,0.3684886277994117,False
rareness,0.3895998208769857,precision_region_2,TwoStep (tuned),twostep_tuned,217,0.49914598419953843,0.1933400453129382,0.09613638520884543,0.37740957023884725,1.0,0.34421405595942656,False
rareness,0.3895998208769857,fnr_region_2,TwoStep (tuned),twostep_tuned,221,0.13752887814032766,0.1932484865569939,0.18759264749481175,0.0,0.43479718404290985,0.3328522872156383,False
rareness,0.3895998208769857,recall_region_2,TwoStep (tuned),twostep_tuned,221,0.8624711218596723,0.1932484865569939,0.18759264749481175,0.5652028159570902,1.0,0.33285228721563836,False
noise,1.5171265228807906,accuracy,TwoStep (tuned),twostep_tuned,224,0.4064670795628357,0.1924011249100263,0.15104123479909148,0.25273384006518856,1.0,0.2510324596675154,False
rareness,0.3406210490720307,f1_region_2,TwoStep (tuned),twostep_tuned,192,0.5482424960468982,0.19224843458617155,0.04383944593904754,0.28474440312290994,1.0,0.33485917844274565,False
intensity,0.10612438439422897,accuracy,TwoStep (recall),twostep_recall,226,0.39129728821902215,0.19105212131250912,0.13382331320435747,0.24210140237375372,0.9823581306657097,0.23944292662723365,False
sparsity,1.0,precision_region_2,λ=8,divtree_lambda8_region2,699,0.9487807941656397,0.1907117528443989,0.0,0.49707343528237097,1.0,0.23819701112493474,False
rareness,0.4875573644868957,f1_region_2,λ=0,divtree_lambda0,197,0.6796455525254697,0.19057011838549073,0.10908380461391842,0.26673763935228934,1.0,0.3684886277994117,False
rareness,0.4875573644868957,accuracy,TwoStep (tuned),twostep_tuned,197,0.5719107029124598,0.19038789769010833,0.1582600665680829,0.3764141589369046,1.0,0.24058999319368396,False
rareness,0.46306797858441817,precision_region_2,TwoStep (tuned),twostep_tuned,208,0.5764245768777096,0.19021866053971748,0.1359237178381636,0.4521531916326916,1.0,0.34421405595942656,False
rareness,0.46306797858441817,f1_region_2,λ=2,divtree_lambda2_region2,210,0.6578523337368868,0.18999626080632193,0.12039252215385376,0.2501131552025931,1.0,0.3766809924017986,False
rareness,0.43857859268194066,precision_region_2,TwoStep (tuned),twostep_tuned,221,0.5559372360107805,0.18992864355541675,0.1485208844528516,0.4287968712477272,1.0,0.34421405595942656,False
rareness,0.4875573644868957,f1_region_2,λ=8,divtree_lambda8_region2,197,0.6716845594981936,0.189787795020497,0.07613436395059614,0.2104537736165643,1.0,0.3737367058482066,False
rareness,0.46306797858441817,recall_region_2,TwoStep (recall),twostep_recall,210,0.9272122632293353,0.18963461029704648,0.01152937575657298,0.5317442654339019,1.0,0.3486937994511189,False
rareness,0.46306797858441817,fnr_region_2,TwoStep (recall),twostep_recall,210,0.07278773677066463,0.18963461029704645,0.01152937575657295,0.0,0.46825573456609754,0.3486937994511189,False
noise,3.026549586817165,precision_region_2,TwoStep (recall),twostep_recall,176,0.358048652794943,0.18956427276974663,0.19920035460154006,0.10117682102717314,0.7510052392458083,0.27202819206766726,False
noise,6.037731371322748,accuracy,λ=0,divtree_lambda0,214,0.36289039612131097,0.18879506886348724,0.0977000811686704,0.22351065339317855,1.0,0.26628083036352895,False
rareness,0.46306797858441817,f1_region_2,λ=4,divtree_lambda4_region2,210,0.6537366492539526,0.18831129255647489,0.09705407545140665,0.21691447380947848,1.0,0.37882363801075863,False
data_size,43587.85544382496,accuracy,TwoStep (recall),twostep_recall,211,0.4203552415633917,0.18814778338803348,0.1407787821396952,0.25989757453851803,1.0,0.24429338439632456,False
sparsity,3.0,precision_region_2,TwoStep (recall),twostep_recall,718,0.4641683963203313,0.18702030562257257,0.2569884578076054,0.17577817178881008,0.7949270684885572,0.20491959721272143,False
rareness,0.4875573644868957,f1_region_2,λ=4,divtree_lambda4_region2,197,0.6782790292330982,0.18683256268327528,0.09961643331811809,0.2513446101234843,1.0,0.37882363801075863,False
rareness,0.46306797858441817,f1_region_2,λ=8,divtree_lambda8_region2,210,0.6523241146482013,0.18604525299296557,0.0821528081377767,0.21691447380947848,1.0,0.3737367058482066,False
data_size,11087.731534380375,accuracy,TwoStep (recall),twostep_recall,220,0.4037183122719673,0.18586753143463744,0.1436024596908932,0.24773922653486233,0.9665924004963486,0.24429338439632456,False
noise,4.274750681290067,precision_region_2,TwoStep (tuned),twostep_tuned,168,0.3378592652512802,0.18497040519827812,0.24110632697618156,0.04240349455818492,0.6205444814421581,0.27258040516543924,False
rareness,0.46306797858441817,fnr_region_2,TwoStep (tuned),twostep_tuned,210,0.09991509103190019,0.18457498864140462,0.10888338179277095,0.0,0.4816821082937007,0.3328522872156383,False
rareness,0.46306797858441817,recall_region_2,TwoStep (tuned),twostep_tuned,210,0.9000849089680998,0.18457498864140462,0.1088833817927709,0.5183178917062984,1.0,0.33285228721563836,False
rareness,0.4140892067794632,fnr_region_2,TwoStep (tuned),twostep_tuned,204,0.11266062499964473,0.18409790980390378,0.13454931498258246,0.0,0.5166547769797595,0.3328522872156383,False
rareness,0.4140892067794632,recall_region_2,TwoStep (tuned),twostep_tuned,204,0.8873393750003552,0.18409790980390378,0.1345493149825825,0.4833452230202406,1.0,0.33285228721563836,False
rareness,0.43857859268194066,precision_region_2,TwoStep (recall),twostep_recall,221,0.512661783457284,0.18318662749528877,0.015595781215369753,0.4267952840300107,1.0,0.34299908832738524,False
rareness,0.4140892067794632,fnr_region_2,TwoStep (recall),twostep_recall,204,0.06512989328278078,0.1830456996103039,0.005013852801267366,0.0,0.5123018340333664,0.3486937994511189,False
rareness,0.4140892067794632,recall_region_2,TwoStep (recall),twostep_recall,204,0.9348701067172192,0.1830456996103039,0.005013852801267316,0.48769816596663346,1.0,0.3486937994511189,False
sparsity,3.0,precision_region_2,λ=0,divtree_lambda0,582,0.41817459184265643,0.18255309664974687,0.16451236295292876,0.13138872675389532,0.7978631709587337,0.21857312413984842,False
rareness,0.46306797858441817,precision_region_2,λ=4,divtree_lambda4_region2,208,0.5660176195174491,0.1824178061750369,0.16191208634467308,0.4489143390227365,1.0,0.40481784666359927,False
rareness,0.3406210490720307,f1_region_2,TwoStep (recall),twostep_recall,192,0.532525016148539,0.18214049697607432,0.02087411322586985,0.2849668190249831,1.0,0.3347925455448858,False
noise,6.037731371322748,precision_region_2,TwoStep (tuned),twostep_tuned,161,0.3111420283773421,0.18157573736654534,0.2444875489738031,0.03575535807631992,0.504628789253948,0.27258040516543924,False
rareness,0.46306797858441817,precision_region_2,λ=2,divtree_lambda2_region2,205,0.5660472235214001,0.18156229740999166,0.15135127059577502,0.45048818357062936,1.0,0.40591300028870575,False
rareness,0.46306797858441817,precision_region_2,λ=8,divtree_lambda8_region2,209,0.5600540149821099,0.18119185217301087,0.13054438110986433,0.4478098577127647,1.0,0.3933268879194818,False
rareness,0.4875573644868957,precision_region_2,λ=8,divtree_lambda8_region2,197,0.5858040048023838,0.18059008762105203,0.15342801567999126,0.47630945816817444,1.0,0.3933268879194818,False
rareness,0.3895998208769857,accuracy,TwoStep (recall),twostep_recall,221,0.44197808814424444,0.18051432100090978,0.020383193660792387,0.29915878023133546,1.0,0.23642002383494726,False
sparsity,3.0,f1_region_2,TwoStep (recall),twostep_recall,752,0.44518361368861714,0.18000331655837085,0.15776170200201933,0.0,0.6467555236072234,0.2986094916088595,False
noise,1.5171265228807906,accuracy,TwoStep (recall),twostep_recall,224,0.3930992161072733,0.1799868458041317,0.13648645825236527,0.2521890768012844,0.9004972237642872,0.25129338371074594,False
rareness,0.46306797858441817,precision_region_2,TwoStep (recall),twostep_recall,208,0.5416156797070056,0.17946617455046504,0.01917574170893499,0.45027661353444204,1.0,0.34299908832738524,False
rareness,0.46306797858441817,precision_region_2,λ=0,divtree_lambda0,202,0.5653753250119115,0.17921833495136064,0.15125745436723687,0.4509316692398641,1.0,0.3970608242769601,False
noise,6.037731371322748,precision_region_2,TwoStep (recall),twostep_recall,160,0.30969006117714903,0.1790431179897083,0.23443119719990163,0.03831905682969513,0.5052821815234136,0.27202819206766726,False
intensity,0.1498882271567853,accuracy,TwoStep (recall),twostep_recall,212,0.3896629826879763,0.17897714412179633,0.1456643744274711,0.24014883697169837,0.9401671408627671,0.23944292662723365,False
sparsity,3.0,precision_region_2,TwoStep (tuned),twostep_tuned,719,0.5361926679196787,0.17792612505684074,0.17533580853645075,0.1758274231678487,0.801738676007401,0.19423274253556727,False
rareness,0.4875573644868957,precision_region_2,λ=4,divtree_lambda4_region2,195,0.5917584577083973,0.17713953740325036,0.16607463522184185,0.4769946176295726,1.0,0.40481784666359927,False
noise,4.274750681290067,precision_region_2,TwoStep (recall),twostep_recall,168,0.33241108946360615,0.17706500508040038,0.2347268130574032,0.04587834529087557,0.6010111978234473,0.27202819206766726,False
rareness,0.4875573644868957,precision_region_2,λ=0,divtree_lambda0,193,0.5949724747260782,0.1766737065984614,0.15898092195310676,0.4786076821184022,1.0,0.3970608242769601,False
rareness,0.4875573644868957,accuracy,TwoStep (recall),twostep_recall,197,0.5406258187840158,0.1765436864426038,0.017360808023280383,0.38991518100746,1.0,0.23642002383494726,False
rareness,0.4875573644868957,precision_region_2,λ=2,divtree_lambda2_region2,194,0.5907373263630291,0.17523618078095315,0.1445472425642081,0.4771461338982002,1.0,0.40591300028870575,False
rareness,0.4140892067794632,f1_region_2,TwoStep (tuned),twostep_tuned,204,0.6446800349512779,0.17517915442101423,0.10129733935841645,0.4442229172259918,1.0,0.33485917844274565,False
rareness,0.4875573644868957,precision_region_2,TwoStep (tuned),twostep_tuned,195,0.5916039950141682,0.17436574221720616,0.12804822701493523,0.47986307808098966,1.0,0.34421405595942656,False
sparsity,1.0,precision_region_2,λ=4,divtree_lambda4_region2,694,0.955617840585376,0.17410438979673712,0.0,0.6517181002030548,1.0,0.23217033308764162,False
rareness,0.3895998208769857,f1_region_2,TwoStep (tuned),twostep_tuned,221,0.605016909523657,0.17407014109777566,0.057898726391426236,0.43998244459073954,1.0,0.33485917844274565,False
sparsity,1.0,precision_region_2,λ=2,divtree_lambda2_region2,687,0.956380998630444,0.172541233776939,0.0,0.6666105776721288,1.0,0.231901354944401,False
noise,8.527795614328893,precision_region_2,TwoStep (tuned),twostep_tuned,177,0.32163082180731545,0.17119675660406986,0.21708873022303984,0.05058373870743572,0.5066709763051043,0.27258040516543924,False
rareness,0.43857859268194066,fnr_region_2,TwoStep (tuned),twostep_tuned,223,0.10779441921611005,0.17079363050382895,0.13143737788498683,0.0,0.5373897645755589,0.3328522872156383,False
rareness,0.43857859268194066,recall_region_2,TwoStep (tuned),twostep_tuned,223,0.89220558078389,0.17079363050382895,0.13143737788498688,0.4626102354244406,1.0,0.33285228721563836,False
rareness,0.4140892067794632,f1_region_2,TwoStep (recall),twostep_recall,204,0.6270496899664514,0.1705422568757513,0.018521736803961075,0.4451449088649118,1.0,0.3347925455448858,False
rareness,0.46306797858441817,f1_region_2,TwoStep (tuned),twostep_tuned,210,0.6800587694279562,0.16946488323369055,0.09335681993072886,0.4913861352264392,1.0,0.33485917844274565,False
noise,8.527795614328893,precision_region_2,TwoStep (recall),twostep_recall,176,0.321048468615785,0.1682271524472648,0.21468991086329098,0.07057005494505494,0.497049650143659,0.27202819206766726,False
rareness,0.3895998208769857,precision_region_2,TwoStep (recall),twostep_recall,217,0.45257915442789076,0.16785048040155492,0.01610348505803766,0.3756122023232166,1.0,0.34299908832738524,False
rareness,0.43857859268194066,fnr_region_2,TwoStep (recall),twostep_recall,223,0.056458081301469815,0.16616275155844654,0.002032441509269128,0.0,0.505437664569064,0.3486937994511189,False
rareness,0.43857859268194066,recall_region_2,TwoStep (recall),twostep_recall,223,0.9435419186985302,0.1661627515584465,0.0020324415092691783,0.49456233543093414,1.0,0.3486937994511189,False
rareness,0.4875573644868957,precision_region_2,TwoStep (recall),twostep_recall,195,0.5562358821002815,0.1622046399530132,0.017172434095772182,0.47644334225330165,1.0,0.34299908832738524,False
rareness,0.4875573644868957,fnr_region_2,TwoStep (tuned),twostep_tuned,197,0.08003605401237472,0.1609397515127253,0.08204088343289308,0.0,0.3940792442268691,0.3328522872156383,False
rareness,0.4875573644868957,recall_region_2,TwoStep (tuned),twostep_tuned,197,0.9199639459876252,0.1609397515127253,0.08204088343289306,0.6059207557731306,1.0,0.33285228721563836,False
rareness,0.46306797858441817,f1_region_2,TwoStep (recall),twostep_recall,210,0.6600463822458971,0.1607461633414817,0.018223458440669638,0.4967425958922742,1.0,0.3347925455448858,False
rareness,0.43857859268194066,f1_region_2,TwoStep (tuned),twostep_tuned,223,0.6636626509004876,0.1601658992213655,0.10635210105221193,0.44461528813119233,1.0,0.33485917844274565,False
rareness,0.4875573644868957,fnr_region_2,TwoStep (recall),twostep_recall,197,0.05222241163602229,0.15973858547066033,0.0036189193738427874,0.0,0.37983858069780224,0.3486937994511189,False
rareness,0.4875573644868957,recall_region_2,TwoStep (recall),twostep_recall,197,0.9477775883639776,0.15973858547066033,0.0036189193738427328,0.6201614193021976,1.0,0.3486937994511189,False
sparsity,1.0,precision_region_2,λ=0,divtree_lambda0,675,0.9583356677352944,0.159111404696969,0.0,0.6534896927340955,1.0,0.21857312413984842,False
rareness,0.3895998208769857,f1_region_2,TwoStep (recall),twostep_recall,221,0.5815512663043976,0.15652796050215714,0.020041110394332318,0.4371765224094263,1.0,0.3347925455448858,False
sparsity,4.0,precision_region_2,λ=8,divtree_lambda8_region2,630,0.32128004936127996,0.15519599766676184,0.19274335952391908,0.06845467100720135,0.5417701946297591,0.23819701112493474,False
sparsity,2.0,accuracy,λ=0,divtree_lambda0,740,0.5461365393528237,0.15487875010155436,0.25155995079119037,0.2600656114031418,0.7152567673235658,0.16959693451546642,False
noise,3.026549586817165,accuracy,TwoStep (tuned),twostep_tuned,231,0.3620369311863155,0.1513781994458107,0.1341213545303127,0.24031644218456272,0.5899895102918962,0.2510324596675154,False
rareness,0.43857859268194066,f1_region_2,TwoStep (recall),twostep_recall,223,0.6421881716886902,0.15131486388086396,0.016886249759659577,0.46893613368340414,1.0,0.3347925455448858,False
rareness,0.4875573644868957,f1_region_2,TwoStep (tuned),twostep_tuned,197,0.7006982257414291,0.15056502723621562,0.09204138754574742,0.5433685075991003,1.0,0.33485917844274565,False
noise,2.142815589586332,accuracy,TwoStep (tuned),twostep_tuned,205,0.37814649150105684,0.1504514109286937,0.12590667627290236,0.2519492016706402,0.6352663978673007,0.2510324596675154,False
sparsity,2.0,accuracy,λ=4,divtree_lambda4_region2,740,0.5354167626578231,0.14906797147181805,0.2184649609635751,0.2589193158992818,0.6849143382253143,0.16846445232480378,False
sparsity,2.0,accuracy,λ=2,divtree_lambda2_region2,740,0.5426862248014922,0.1489442009605975,0.22955954242794752,0.2609877633354805,0.6977550782027108,0.17072577055806915,False
sparsity,5.0,precision_region_2,TwoStep (tuned),twostep_tuned,734,0.3625155179411144,0.14790615445431912,0.13119785582166266,0.10867719582995193,0.5326344086021505,0.19423274253556727,False
sparsity,6.0,precision_region_2,TwoStep (tuned),twostep_tuned,593,0.3560094290144388,0.1478557523369159,0.13382536707278975,0.11160714285714286,0.5,0.19423274253556727,False
noise,3.026549586817165,accuracy,TwoStep (recall),twostep_recall,231,0.3565153147614341,0.1468881218152811,0.12355190211930078,0.23874564885851274,0.5224626768160847,0.25129338371074594,False
noise,8.527795614328893,accuracy,λ=4,divtree_lambda4_region2,228,0.32659134381700233,0.14606819147210734,0.08844818674966104,0.2106154698561353,0.5202407161508991,0.2666562186726746,False
sparsity,4.0,precision_region_2,λ=4,divtree_lambda4_region2,591,0.31807525766936734,0.1456692957010762,0.19032458198723834,0.06448990612949261,0.5131486792956244,0.23217033308764162,False
noise,2.142815589586332,accuracy,TwoStep (recall),twostep_recall,205,0.37109301232455727,0.14499891536739123,0.12541900426943298,0.2516844083400545,0.5508480308316462,0.25129338371074594,False
sparsity,2.0,accuracy,λ=8,divtree_lambda8_region2,740,0.5324217310958961,0.1435910375902961,0.21083935545629212,0.25927257337418197,0.679263647300656,0.16704340357803174,False
rareness,0.4875573644868957,f1_region_2,TwoStep (recall),twostep_recall,197,0.6819472268827118,0.1411585530847966,0.015733386957683115,0.5682007131956817,1.0,0.3347925455448858,False
sparsity,5.0,precision_region_2,TwoStep (recall),twostep_recall,724,0.34692023234105035,0.14074580957745267,0.1376113090596931,0.10848991822211125,0.5146428571428571,0.20491959721272143,False
noise,8.527795614328893,accuracy,λ=8,divtree_lambda8_region2,228,0.32206354761548456,0.14001742960392502,0.08474172426788223,0.21258942731277533,0.5331903424979825,0.26562571911739824,False
noise,8.527795614328893,accuracy,λ=0,divtree_lambda0,228,0.3310715809699444,0.13991125246254307,0.10011096680932774,0.20459712520849832,0.5119011014468358,0.26628083036352895,False
sparsity,4.0,precision_region_2,TwoStep (tuned),twostep_tuned,698,0.39660265819183194,0.13907184186234225,0.12737286177257673,0.12332754154226921,0.54496235444075,0.19423274253556727,False
noise,8.527795614328893,accuracy,λ=2,divtree_lambda2_region2,228,0.3258573319020682,0.13880484718116487,0.10036498950898565,0.20715181829469342,0.5223214852479855,0.2635194616214479,False
sparsity,6.0,precision_region_2,TwoStep (recall),twostep_recall,581,0.3467263601262821,0.1378337828522524,0.13251480343081656,0.11711711711711711,0.4949346263745779,0.20491959721272143,False
sparsity,4.0,precision_region_2,λ=2,divtree_lambda2_region2,554,0.3177296471480927,0.13463493800822326,0.18248512956373208,0.0774263266805368,0.49388329396503095,0.231901354944401,False
sparsity,4.0,precision_region_2,TwoStep (recall),twostep_recall,697,0.3661561593101649,0.13218356123657748,0.13410960477671846,0.12249260732486526,0.5150212860680597,0.20491959721272143,False
sparsity,5.0,precision_region_2,λ=4,divtree_lambda4_region2,608,0.3053019738362049,0.13148480400710968,0.18446573081097586,0.07028719154775813,0.4801638414513153,0.23217033308764162,False
sparsity,5.0,precision_region_2,λ=8,divtree_lambda8_region2,639,0.3007009266307548,0.1287119448978334,0.18749002262016573,0.07280798047511965,0.48088936395148973,0.23819701112493474,False
sparsity,6.0,precision_region_2,λ=8,divtree_lambda8_region2,554,0.3004857260876947,0.12754864516427794,0.19109892133768516,0.07373934799307934,0.48380202746247686,0.23819701112493474,False
sparsity,4.0,precision_region_2,λ=0,divtree_lambda0,467,0.3375415225414215,0.12738639492394188,0.1533420596376605,0.09525302121234483,0.49855281680876357,0.21857312413984842,False
sparsity,3.0,accuracy,TwoStep (tuned),twostep_tuned,752,0.513811160022969,0.12630821019677888,0.18115113370840552,0.2705775981426627,0.646018638429823,0.19353031025134115,False
sparsity,6.0,precision_region_2,λ=4,divtree_lambda4_region2,527,0.30448095104741074,0.12592954742400878,0.18660645157852362,0.07177098013912236,0.4839591951118695,0.23217033308764162,False
noise,4.274750681290067,accuracy,TwoStep (tuned),twostep_tuned,224,0.3403386532111209,0.12579516254824968,0.09753775741415577,0.22980475021330027,0.5549179282459721,0.2510324596675154,False
sparsity,6.0,precision_region_2,λ=2,divtree_lambda2_region2,492,0.3129122763664057,0.12569670838106925,0.1789287500933987,0.07553498945501967,0.4844913639365913,0.231901354944401,False
sparsity,5.0,precision_region_2,λ=2,divtree_lambda2_region2,553,0.3137062031424084,0.12403646177225171,0.17360159059192795,0.08041658684177495,0.4806591662702023,0.231901354944401,False
noise,4.274750681290067,accuracy,TwoStep (recall),twostep_recall,224,0.3385621745115874,0.12260195283962003,0.10463791962190638,0.2309363646616836,0.5173003486110448,0.25129338371074594,False
sparsity,5.0,precision_region_2,λ=0,divtree_lambda0,480,0.3283212445394932,0.12073670228602329,0.1553569322712356,0.10684219787226315,0.4884404253952805,0.21857312413984842,False
sparsity,3.0,accuracy,TwoStep (recall),twostep_recall,752,0.4382561092893307,0.11982681896898412,0.23589663775594888,0.2695441087735673,0.6156996729603271,0.19085951246497934,False
sparsity,6.0,precision_region_2,λ=0,divtree_lambda0,417,0.3311673889932327,0.11685515874038369,0.15895710509394168,0.0960381431487093,0.48583234285044774,0.21857312413984842,False
noise,6.037731371322748,accuracy,TwoStep (tuned),twostep_tuned,214,0.3284161516132278,0.11147017042649247,0.08071761232867314,0.23180169214945634,0.47969275059513283,0.2510324596675154,False
noise,6.037731371322748,accuracy,TwoStep (recall),twostep_recall,214,0.3267864586012186,0.11091448745429201,0.08098141138668657,0.23104903145775044,0.47597210514145755,0.25129338371074594,False
noise,8.527795614328893,accuracy,TwoStep (tuned),twostep_tuned,228,0.32002113987652886,0.09275870980767428,0.08811195449754211,0.22653534319700414,0.4658143592892268,0.2510324596675154,False
noise,8.527795614328893,accuracy,TwoStep (recall),twostep_recall,228,0.3204845033751291,0.09262428977154294,0.08633497451115757,0.22039970486171157,0.46063662424500096,0.25129338371074594,False
sparsity,1.0,precision_region_2,TwoStep (tuned),twostep_tuned,319,0.37871078177164874,0.07872236430205722,0.11623733263007074,0.2705395645360728,0.4909940383530693,0.19423274253556727,False
sparsity,1.0,precision_region_2,TwoStep (recall),twostep_recall,319,0.37871078177164874,0.07872236430205722,0.11623733263007074,0.2705395645360728,0.4909940383530693,0.20491959721272143,False
sparsity,3.0,accuracy,λ=0,divtree_lambda0,752,0.35079146992806326,0.07683444560856559,0.10730312005436082,0.241813293483194,0.495510287943224,0.16959693451546642,False
sparsity,3.0,accuracy,λ=2,divtree_lambda2_region2,752,0.3470242911661005,0.07544581111080262,0.11084334506998117,0.24069732215901338,0.4862021732360692,0.17072577055806915,False
sparsity,3.0,accuracy,λ=4,divtree_lambda4_region2,752,0.3432493322864982,0.07413609256103317,0.11049321191840578,0.23918742846606228,0.47753610058373563,0.16846445232480378,False
sparsity,6.0,accuracy,λ=8,divtree_lambda8_region2,701,0.3125457940155835,0.07342746480624009,0.09028047432174374,0.23762193999631878,0.47327130085750774,0.16704340357803174,False
sparsity,3.0,accuracy,λ=8,divtree_lambda8_region2,752,0.3414576660550181,0.07329599253927195,0.10714774529545879,0.23860742654358294,0.4773885816328269,0.16704340357803174,False
sparsity,6.0,accuracy,λ=4,divtree_lambda4_region2,701,0.3120625942854745,0.07237402999357899,0.08779823992910518,0.23829588014981273,0.47135196161445103,0.16846445232480378,False
sparsity,4.0,accuracy,TwoStep (tuned),twostep_tuned,717,0.3938523853561288,0.07187789482203218,0.09732483784811086,0.2589469432940327,0.5008413934046517,0.19353031025134115,False
sparsity,6.0,accuracy,λ=2,divtree_lambda2_region2,701,0.3122597109733136,0.07134888923426477,0.0864917431502138,0.2346014492753623,0.4690781489103477,0.17072577055806915,False
sparsity,5.0,accuracy,λ=8,divtree_lambda8_region2,791,0.3120505000917323,0.06949526960738198,0.07263756051852821,0.2391998086590218,0.4623215576063838,0.16704340357803174,False
sparsity,6.0,accuracy,λ=0,divtree_lambda0,701,0.3117489909478091,0.0691989749423159,0.07611646490234392,0.22991649870429023,0.46181090237141975,0.16959693451546642,False
sparsity,5.0,accuracy,λ=4,divtree_lambda4_region2,791,0.31178698088823126,0.06915562357399624,0.07236962188210172,0.23844391852029273,0.4620768129753603,0.16846445232480378,False
sparsity,1.0,accuracy,TwoStep (tuned),twostep_tuned,699,0.32728696915414385,0.06909454469827435,0.09596852909180043,0.24990831524876594,0.46965669079297506,0.19353031025134115,False
sparsity,1.0,accuracy,TwoStep (recall),twostep_recall,699,0.32728696915414385,0.06909454469827435,0.09596852909180043,0.24990831524876594,0.46965669079297506,0.19085951246497934,False
sparsity,4.0,accuracy,TwoStep (recall),twostep_recall,717,0.36877242825717044,0.06829813076564571,0.11191471104721795,0.25735009578841356,0.464871901495222,0.19085951246497934,False
sparsity,5.0,accuracy,λ=2,divtree_lambda2_region2,791,0.3125891602817888,0.06793731772729891,0.06944210531302503,0.23822893835349918,0.46130904638530956,0.17072577055806915,False
sparsity,4.0,accuracy,λ=2,divtree_lambda2_region2,717,0.3163777619536244,0.0667315580097655,0.07408717811474086,0.23496465049788623,0.4612640738935804,0.17072577055806915,False
sparsity,4.0,accuracy,λ=8,divtree_lambda8_region2,717,0.31500614276771716,0.06635078276638691,0.0725793545730003,0.23812583045553123,0.463015526024653,0.16704340357803174,False
sparsity,5.0,accuracy,λ=0,divtree_lambda0,791,0.3139055404338235,0.06618331736771706,0.0689900891747941,0.2365688259250321,0.4568724279202625,0.16959693451546642,False
sparsity,4.0,accuracy,λ=4,divtree_lambda4_region2,717,0.31574580510824696,0.06575168754360397,0.07580471986743775,0.23930931249134643,0.4631771528890058,0.16846445232480378,False
sparsity,4.0,accuracy,λ=0,divtree_lambda0,717,0.31799355749715635,0.06547070350121549,0.07217185264338993,0.2351315801989915,0.45082771125792104,0.16959693451546642,False
sparsity,6.0,accuracy,TwoStep (recall),twostep_recall,701,0.3339078843186568,0.06459674880315827,0.07727816143803629,0.25269096984470435,0.4736010116977553,0.19085951246497934,False
sparsity,6.0,accuracy,TwoStep (tuned),twostep_tuned,701,0.33573638720984933,0.062931388705839,0.07066883331611185,0.25355799116636674,0.4738176197836167,0.19353031025134115,False
sparsity,5.0,accuracy,TwoStep (tuned),twostep_tuned,791,0.3482306761411537,0.059913415568959974,0.055916479106473294,0.2560804102567567,0.471028089086648,0.19353031025134115,False
sparsity,5.0,accuracy,TwoStep (recall),twostep_recall,791,0.3398540052523688,0.05919381596882715,0.057644471295362376,0.25591140456118244,0.46248248484919974,0.19085951246497934,False
