factor,factor_bin,metric,method,prefix,n,mean,std,iqr,q05,q95,std_p90,unpredictable
sparsity,1.0,fnr_region_2,TwoStep (tuned),twostep_tuned,1602,0.39294675281842695,0.4849827894070427,1.0,0.0,1.0,0.4666569756731672,True
sparsity,1.0,fnr_region_2,TwoStep (recall),twostep_recall,1602,0.39294675281842695,0.4849827894070427,1.0,0.0,1.0,0.468609799522099,True
sparsity,1.0,recall_region_2,TwoStep (tuned),twostep_tuned,1602,0.6070532471815732,0.4849827894070427,1.0,0.0,1.0,0.4666569756731672,True
sparsity,1.0,recall_region_2,TwoStep (recall),twostep_recall,1602,0.6070532471815732,0.4849827894070427,1.0,0.0,1.0,0.468609799522099,True
noise,0.514239595217779,fnr_region_2,TwoStep (recall),twostep_recall,458,0.5445430718223444,0.47824811940516676,1.0,0.0,1.0,0.4717900250831958,True
noise,0.514239595217779,recall_region_2,TwoStep (recall),twostep_recall,458,0.4554569281776556,0.47824811940516676,1.0,0.0,1.0,0.4717900250831959,True
dispersion,0.03519200285202227,fnr_region_2,λ=0,divtree_lambda0,102,0.4889735712593104,0.4755338324772729,1.0,0.0,1.0,0.472027492752479,True
dispersion,0.03519200285202227,recall_region_2,λ=0,divtree_lambda0,102,0.5110264287406896,0.4755338324772729,1.0,0.0,1.0,0.472027492752479,True
data_size,71258.98905136844,fnr_region_2,TwoStep (recall),twostep_recall,492,0.5814386067879567,0.47447642261612055,1.0,0.0,1.0,0.4682167119352864,True
data_size,71258.98905136844,recall_region_2,TwoStep (recall),twostep_recall,492,0.4185613932120433,0.4744764226161205,1.0,0.0,1.0,0.46821671193528636,True
data_size,71258.98905136844,recall_region_2,λ=0,divtree_lambda0,492,0.48957104188459827,0.4739464382315165,1.0,0.0,1.0,0.46755311465612187,True
data_size,71258.98905136844,fnr_region_2,λ=0,divtree_lambda0,492,0.5104289581154017,0.47394643823151644,1.0,0.0,1.0,0.46755311465612187,True
noise,0.00815515817940046,fnr_region_2,TwoStep (recall),twostep_recall,533,0.5808183678924524,0.4725118021141882,1.0,0.0,1.0,0.4717900250831958,True
noise,0.00815515817940046,recall_region_2,TwoStep (recall),twostep_recall,533,0.41918163210754755,0.4725118021141882,1.0,0.0,1.0,0.4717900250831959,True
data_size,4496.35407866857,fnr_region_2,TwoStep (recall),twostep_recall,458,0.5671740202466293,0.47241394853998936,1.0,0.0,1.0,0.4682167119352864,True
data_size,4496.35407866857,recall_region_2,TwoStep (recall),twostep_recall,458,0.43282597975337067,0.47241394853998936,1.0,0.0,1.0,0.46821671193528636,True
dispersion,0.08620199281382501,fnr_region_2,λ=0,divtree_lambda0,463,0.5044160135355059,0.4721953036871785,1.0,0.0,1.0,0.472027492752479,True
dispersion,0.08620199281382501,recall_region_2,λ=0,divtree_lambda0,463,0.49558398646449414,0.4721953036871785,1.0,0.0,1.0,0.472027492752479,True
noise,0.514239595217779,fnr_region_2,TwoStep (tuned),twostep_tuned,458,0.5559662954324099,0.4707659907151915,1.0,0.0,1.0,0.46519416601509667,True
noise,0.514239595217779,recall_region_2,TwoStep (tuned),twostep_tuned,458,0.44403370456759006,0.4707659907151915,1.0,0.0,1.0,0.46519416601509667,True
data_size,71258.98905136844,fnr_region_2,λ=2,divtree_lambda2_region2,492,0.5090545488591004,0.47014333621359183,1.0,0.0,1.0,0.4643323767479587,True
data_size,71258.98905136844,recall_region_2,λ=2,divtree_lambda2_region2,492,0.4909454511408996,0.47014333621359183,1.0,0.0,1.0,0.4643323767479587,True
data_size,14218.435672247866,fnr_region_2,λ=0,divtree_lambda0,445,0.5390376537231224,0.4694797239600085,1.0,0.0,1.0,0.46755311465612187,True
data_size,14218.435672247866,recall_region_2,λ=0,divtree_lambda0,445,0.46096234627687765,0.4694797239600085,1.0,0.0,1.0,0.46755311465612187,True
noise,2.046805402410199,fnr_region_2,λ=0,divtree_lambda0,507,0.5155728534813518,0.4689775454419004,1.0,0.0,1.0,0.4678039898912517,True
noise,2.046805402410199,recall_region_2,λ=0,divtree_lambda0,507,0.48442714651864816,0.4689775454419004,1.0,0.0,1.0,0.4678039898912517,True
dispersion,0.05507831494294404,fnr_region_2,λ=2,divtree_lambda2_region2,255,0.5163285787814097,0.4685741287641669,0.9997545409916544,0.0,1.0,0.46770664313895816,True
dispersion,0.05507831494294404,recall_region_2,λ=2,divtree_lambda2_region2,255,0.4836714212185903,0.4685741287641669,0.9997545409916544,0.0,1.0,0.46770664313895816,True
noise,0.0032470703266739244,fnr_region_2,λ=0,divtree_lambda0,516,0.5208981582429014,0.4684359581176308,1.0,0.0,1.0,0.4678039898912517,True
noise,0.0032470703266739244,recall_region_2,λ=0,divtree_lambda0,516,0.47910184175709847,0.4684359581176307,1.0,0.0,1.0,0.4678039898912517,True
dispersion,0.08620199281382501,fnr_region_2,λ=2,divtree_lambda2_region2,463,0.5096595633498504,0.46776573240954,0.9983669678901654,0.0,1.0,0.46770664313895816,True
dispersion,0.08620199281382501,recall_region_2,λ=2,divtree_lambda2_region2,463,0.4903404366501496,0.46776573240954,0.9983669678901654,0.0,1.0,0.46770664313895816,True
data_size,71258.98905136844,recall_region_2,λ=4,divtree_lambda4_region2,492,0.491626508029317,0.46748695673074747,1.0,0.0,1.0,0.4616540934519816,True
data_size,71258.98905136844,fnr_region_2,λ=4,divtree_lambda4_region2,492,0.508373491970683,0.46748695673074736,1.0,0.0,1.0,0.46165409345198155,True
dispersion,0.08620199281382501,fnr_region_2,TwoStep (recall),twostep_recall,463,0.5553638047051366,0.4668408905257102,1.0,0.0,1.0,0.46454373110690567,True
dispersion,0.08620199281382501,recall_region_2,TwoStep (recall),twostep_recall,463,0.4446361952948634,0.4668408905257102,1.0,0.0,1.0,0.46454373110690567,True
noise,0.00815515817940046,fnr_region_2,TwoStep (tuned),twostep_tuned,533,0.5880293069616669,0.4667613225009858,1.0,0.0,1.0,0.46519416601509667,True
noise,0.00815515817940046,recall_region_2,TwoStep (tuned),twostep_tuned,533,0.4119706930383331,0.4667613225009858,1.0,0.0,1.0,0.46519416601509667,True
noise,2.046805402410199,fnr_region_2,λ=2,divtree_lambda2_region2,507,0.5019188735425701,0.4666378572089789,0.9949415449849619,0.0,1.0,0.4617353153248416,True
noise,2.046805402410199,recall_region_2,λ=2,divtree_lambda2_region2,507,0.49808112645742986,0.4666378572089789,0.9949415449849618,0.0,1.0,0.4617353153248416,True
dispersion,0.04402631277493798,fnr_region_2,λ=8,divtree_lambda8_region2,157,0.45842631622550606,0.46596491924935507,0.9681684622918707,0.0,1.0,0.4649339863645606,True
dispersion,0.04402631277493798,recall_region_2,λ=8,divtree_lambda8_region2,157,0.541573683774494,0.46596491924935496,0.9681684622918707,0.0,1.0,0.4649339863645606,True
dispersion,0.05507831494294404,fnr_region_2,λ=4,divtree_lambda4_region2,255,0.5180982347492966,0.46589746135632176,0.988337909241608,0.0,1.0,0.46444913408922456,True
dispersion,0.05507831494294404,recall_region_2,λ=4,divtree_lambda4_region2,255,0.4819017652507034,0.46589746135632176,0.9883379092416079,0.0,1.0,0.4644491340892246,True
data_size,71258.98905136844,fnr_region_2,λ=8,divtree_lambda8_region2,492,0.5110995572475956,0.4658752643285275,1.0,0.0,1.0,0.4607771654598311,True
data_size,71258.98905136844,recall_region_2,λ=8,divtree_lambda8_region2,492,0.4889004427524044,0.4658752643285275,1.0,0.0,1.0,0.4607771654598311,True
dispersion,0.04402631277493798,fnr_region_2,TwoStep (recall),twostep_recall,157,0.45914395989062057,0.46555625851933,1.0,0.0,1.0,0.46454373110690567,True
dispersion,0.04402631277493798,recall_region_2,TwoStep (recall),twostep_recall,157,0.5408560401093794,0.46555625851933,1.0,0.0,1.0,0.46454373110690567,True
data_size,14218.435672247866,fnr_region_2,λ=2,divtree_lambda2_region2,445,0.5421414366574,0.4654507645415916,1.0,0.0,1.0,0.4643323767479587,True
data_size,14218.435672247866,recall_region_2,λ=2,divtree_lambda2_region2,445,0.4578585633426,0.4654507645415916,1.0,0.0,1.0,0.4643323767479587,True
noise,2.046805402410199,fnr_region_2,λ=8,divtree_lambda8_region2,507,0.5002883723187209,0.46526225737865634,0.9642909143855563,0.0,1.0,0.4575199543635616,True
noise,2.046805402410199,recall_region_2,λ=8,divtree_lambda8_region2,507,0.4997116276812791,0.4652622573786563,0.9642909143855563,0.0,1.0,0.4575199543635616,True
noise,2.046805402410199,fnr_region_2,λ=4,divtree_lambda4_region2,507,0.4936973327075277,0.4651121793691249,0.9803727980335928,0.0,1.0,0.45962939764688054,True
noise,2.046805402410199,recall_region_2,λ=4,divtree_lambda4_region2,507,0.5063026672924723,0.4651121793691249,0.9803727980335928,0.0,1.0,0.45962939764688054,True
dispersion,0.02248574717690055,fnr_region_2,λ=8,divtree_lambda8_region2,27,0.5104473800498778,0.46501482659832427,0.9568119676239244,0.0,0.9935265088868185,0.4649339863645606,True
dispersion,0.02248574717690055,recall_region_2,λ=8,divtree_lambda8_region2,27,0.4895526199501222,0.46501482659832427,0.9568119676239244,0.0064734911131815575,1.0,0.4649339863645606,True
dispersion,0.08620199281382501,fnr_region_2,λ=4,divtree_lambda4_region2,463,0.502775911980149,0.46447615256564057,0.9832186522032823,0.0,1.0,0.46444913408922456,True
dispersion,0.08620199281382501,recall_region_2,λ=4,divtree_lambda4_region2,463,0.497224088019851,0.46447615256564057,0.9832186522032823,0.0,1.0,0.4644491340892246,True
data_size,4496.35407866857,fnr_region_2,TwoStep (tuned),twostep_tuned,458,0.5810521756241057,0.463861196344123,1.0,0.0,1.0,0.45724077172614974,True
data_size,4496.35407866857,recall_region_2,TwoStep (tuned),twostep_tuned,458,0.4189478243758941,0.463861196344123,1.0,0.0,1.0,0.45724077172614974,True
data_size,14218.435672247866,recall_region_2,λ=4,divtree_lambda4_region2,445,0.46046557253221115,0.4633896773284637,0.994969256567915,0.0,1.0,0.4616540934519816,True
data_size,14218.435672247866,fnr_region_2,λ=4,divtree_lambda4_region2,445,0.5395344274677888,0.4633896773284636,0.994969256567915,0.0,1.0,0.46165409345198155,True
noise,0.12919760763693183,fnr_region_2,λ=2,divtree_lambda2_region2,498,0.5310428083795767,0.46293025103762586,0.9922031072797892,0.0,1.0,0.4617353153248416,True
noise,0.12919760763693183,recall_region_2,λ=2,divtree_lambda2_region2,498,0.4689571916204231,0.46293025103762586,0.9922031072797892,0.0,1.0,0.4617353153248416,True
data_size,71258.98905136844,fnr_region_2,TwoStep (tuned),twostep_tuned,492,0.5956985171355852,0.4626596593127506,0.999325219218122,0.0,1.0,0.45724077172614974,True
data_size,71258.98905136844,recall_region_2,TwoStep (tuned),twostep_tuned,492,0.4043014828644148,0.4626596593127506,0.9993252192181221,0.0,1.0,0.45724077172614974,True
dispersion,0.028130383551941408,fnr_region_2,TwoStep (tuned),twostep_tuned,73,0.47979777541366675,0.46218414742386443,1.0,0.0,1.0,0.45795869417439905,True
dispersion,0.028130383551941408,recall_region_2,TwoStep (tuned),twostep_tuned,73,0.5202022245863333,0.46218414742386443,1.0,0.0,1.0,0.45795869417439905,True
data_size,28369.168428963523,fnr_region_2,λ=8,divtree_lambda8_region2,492,0.5123356457294127,0.4613849431266544,0.9933913857037101,0.0,1.0,0.4607771654598311,True
data_size,28369.168428963523,recall_region_2,λ=8,divtree_lambda8_region2,492,0.48766435427058735,0.4613849431266544,0.9933913857037101,0.0,1.0,0.4607771654598311,True
noise,0.8149591878462659,fnr_region_2,λ=8,divtree_lambda8_region2,507,0.5123328586710376,0.4597672046726499,0.9778401122019635,0.0,1.0,0.4575199543635616,True
noise,0.8149591878462659,recall_region_2,λ=8,divtree_lambda8_region2,507,0.48766714132896233,0.45976720467264987,0.9778401122019635,0.0,1.0,0.4575199543635616,True
noise,0.8149591878462659,fnr_region_2,λ=4,divtree_lambda4_region2,507,0.5188830223742853,0.4597544879722198,0.9904427478127454,0.0,1.0,0.45962939764688054,True
noise,0.8149591878462659,recall_region_2,λ=4,divtree_lambda4_region2,507,0.48111697762571465,0.4597544879722198,0.9904427478127454,0.0,1.0,0.45962939764688054,True
dispersion,0.04402631277493798,fnr_region_2,TwoStep (tuned),twostep_tuned,157,0.4748797067915906,0.459055809561785,0.9949870879538204,0.0,1.0,0.45795869417439905,True
dispersion,0.04402631277493798,recall_region_2,TwoStep (tuned),twostep_tuned,157,0.5251202932084094,0.459055809561785,0.9949870879538204,0.0,1.0,0.45795869417439905,True
rareness,0.029153571634755276,precision_region_2,λ=2,divtree_lambda2_region2,41,0.5137534931071941,0.4571083776269152,0.974910394265233,0.0,1.0,0.44840864800223723,True
sparsity,4.0,fnr_region_2,λ=0,divtree_lambda0,1647,0.657608018773627,0.4558850965217935,0.9386166097838453,0.0,1.0,0.45101120398933037,True
sparsity,4.0,recall_region_2,λ=0,divtree_lambda0,1647,0.34239198122637315,0.45588509652179343,0.9386166097838453,0.0,1.0,0.45101120398933037,True
sparsity,4.0,fnr_region_2,λ=2,divtree_lambda2_region2,1647,0.6507454073366352,0.4553676216794786,0.9920967064688337,0.0,1.0,0.4494067659717432,True
sparsity,4.0,recall_region_2,λ=2,divtree_lambda2_region2,1647,0.3492545926633647,0.4553676216794786,0.9920967064688337,0.0,1.0,0.4494067659717432,True
rareness,0.03638808066694245,precision_region_2,λ=0,divtree_lambda0,45,0.6279018676796454,0.4547398382493435,0.9444444444444444,0.0,1.0,0.4347942564941138,True
rareness,0.029153571634755276,precision_region_2,λ=4,divtree_lambda4_region2,43,0.4405293167865227,0.4544242497566426,0.9761021543729491,0.0,1.0,0.44723907984467964,True
rareness,0.03638808066694245,precision_region_2,λ=2,divtree_lambda2_region2,60,0.5398016535660342,0.4532444306404756,0.958023958023958,0.0,1.0,0.44840864800223723,True
sparsity,4.0,fnr_region_2,λ=4,divtree_lambda4_region2,1647,0.6497210225298581,0.45300433619916036,0.9969187491574149,0.0,1.0,0.4475644281862241,True
sparsity,4.0,recall_region_2,λ=4,divtree_lambda4_region2,1647,0.3502789774701418,0.45300433619916036,0.9969187491574149,0.0,1.0,0.4475644281862242,True
sparsity,4.0,fnr_region_2,λ=8,divtree_lambda8_region2,1647,0.65195861565993,0.45074802943750514,0.9990698924607272,0.0,1.0,0.44563878230870924,True
sparsity,4.0,recall_region_2,λ=8,divtree_lambda8_region2,1647,0.3480413843400699,0.45074802943750514,0.9990698924607272,0.0,1.0,0.44563878230870924,True
rareness,0.029153571634755276,precision_region_2,λ=8,divtree_lambda8_region2,47,0.4043570255044033,0.4485058172857537,0.9747969692845152,0.0,1.0,0.44668270894847406,True
rareness,0.045417845580381686,precision_region_2,λ=4,divtree_lambda4_region2,109,0.51498655227648,0.44823560600624346,0.9473684210526316,0.0,1.0,0.44723907984467964,True
rareness,0.03638808066694245,precision_region_2,λ=8,divtree_lambda8_region2,71,0.45656959020133026,0.4473027805308277,0.9544513457556936,0.0,1.0,0.44668270894847406,True
sparsity,1.0,f1_region_2,TwoStep (tuned),twostep_tuned,1602,0.5399859059778709,0.4463508298007972,1.0,0.0,1.0,0.4064245174016671,True
sparsity,1.0,f1_region_2,TwoStep (recall),twostep_recall,1602,0.539009234932877,0.44561445269036076,1.0,0.0,1.0,0.4037780391783897,True
rareness,0.029153571634755276,precision_region_2,λ=0,divtree_lambda0,29,0.6527936234122649,0.4433238073807343,0.9459459459459459,0.0,1.0,0.4347942564941138,True
dispersion,0.028130383551941408,f1_region_2,TwoStep (tuned),twostep_tuned,73,0.5066300564954681,0.4415230759914964,0.9977644024075666,0.0,1.0,0.41406364200007645,True
rareness,0.33391271330047,fnr_region_2,λ=0,divtree_lambda0,1004,0.5858401669689772,0.4407513037014392,0.946248622392308,0.0,1.0,0.4269225696109904,True
rareness,0.33391271330047,recall_region_2,λ=0,divtree_lambda0,1004,0.4141598330310228,0.4407513037014392,0.946248622392308,0.0,1.0,0.42692256961099034,True
rareness,0.41677372843092897,fnr_region_2,λ=4,divtree_lambda4_region2,981,0.388975127131341,0.43432473716635855,0.9145800543711546,0.0,0.9668141592920354,0.4158661160922854,True
rareness,0.41677372843092897,recall_region_2,λ=4,divtree_lambda4_region2,981,0.6110248728686589,0.43432473716635855,0.9145800543711546,0.033185840707964605,1.0,0.4158661160922854,True
rareness,0.41677372843092897,fnr_region_2,λ=0,divtree_lambda0,981,0.3713048171021194,0.43358443667661695,0.9259497746297489,0.0,1.0,0.4269225696109904,True
rareness,0.41677372843092897,recall_region_2,λ=0,divtree_lambda0,981,0.6286951828978807,0.43358443667661695,0.9259497746297489,0.0,1.0,0.42692256961099034,True
dispersion,0.028130383551941408,f1_region_2,λ=0,divtree_lambda0,73,0.5274702454820985,0.43296427305347074,0.9621408593948639,0.0,1.0,0.4182125270569303,True
dispersion,0.028130383551941408,f1_region_2,TwoStep (recall),twostep_recall,73,0.5007732176274691,0.43272072439215803,0.9911171848308848,0.0,1.0,0.41144058137571676,True
rareness,0.41677372843092897,fnr_region_2,λ=8,divtree_lambda8_region2,981,0.4035754580839078,0.4325866478001838,0.915389685285879,0.0,0.9584077115315959,0.41673009671363453,True
rareness,0.41677372843092897,recall_region_2,λ=8,divtree_lambda8_region2,981,0.5964245419160922,0.4325866478001838,0.915389685285879,0.04159228846840414,1.0,0.41673009671363453,True
rareness,0.41677372843092897,fnr_region_2,λ=2,divtree_lambda2_region2,981,0.385725092837514,0.4317775807841981,0.9143598615916955,0.0,0.9966898755849789,0.4210176578267515,True
rareness,0.41677372843092897,recall_region_2,λ=2,divtree_lambda2_region2,981,0.6142749071624861,0.4317775807841981,0.9143598615916955,0.0033101244150211162,1.0,0.4210176578267515,True
rareness,0.33391271330047,fnr_region_2,TwoStep (recall),twostep_recall,1004,0.602444575734689,0.4313285172798681,0.9499572578946093,0.0,1.0,0.4067749558697657,True
rareness,0.33391271330047,recall_region_2,TwoStep (recall),twostep_recall,1004,0.397555424265311,0.4313285172798681,0.9499572578946092,0.0,1.0,0.4067749558697657,True
dispersion,0.028130383551941408,f1_region_2,λ=2,divtree_lambda2_region2,73,0.5453162388863289,0.4289470445386519,0.9061054509011963,0.0,1.0,0.4134333686034613,True
dispersion,0.028130383551941408,f1_region_2,λ=4,divtree_lambda4_region2,73,0.5448105853714935,0.4284730315669579,0.9089856492298506,0.0,1.0,0.4094392641516213,True
rareness,0.33391271330047,fnr_region_2,λ=2,divtree_lambda2_region2,1004,0.5954324996873844,0.4284025585053702,0.9382091379885633,0.0,1.0,0.4210176578267515,True
rareness,0.33391271330047,recall_region_2,λ=2,divtree_lambda2_region2,1004,0.4045675003126155,0.4284025585053702,0.9382091379885633,0.0,1.0,0.4210176578267515,True
dispersion,0.02248574717690055,f1_region_2,λ=8,divtree_lambda8_region2,27,0.4727728276530047,0.42679188226604203,0.9031294705882826,0.012712681136935439,1.0,0.4122571721106004,True
rareness,0.33391271330047,fnr_region_2,λ=4,divtree_lambda4_region2,1004,0.5870344558485118,0.4264316847503847,0.9382795820963982,0.0,1.0,0.4158661160922854,True
rareness,0.33391271330047,recall_region_2,λ=4,divtree_lambda4_region2,1004,0.4129655441514883,0.4264316847503846,0.9382795820963983,0.0,1.0,0.4158661160922854,True
rareness,0.33391271330047,fnr_region_2,λ=8,divtree_lambda8_region2,1004,0.5868626016304824,0.4256902962429949,0.9386707409088175,0.0,1.0,0.41673009671363453,True
rareness,0.33391271330047,recall_region_2,λ=8,divtree_lambda8_region2,1004,0.4131373983695175,0.4256902962429949,0.9386707409088175,0.0,1.0,0.41673009671363453,True
dispersion,0.02248574717690055,f1_region_2,λ=0,divtree_lambda0,27,0.460032678120585,0.4236762765732927,0.898681820848209,0.0,1.0,0.4182125270569303,True
dispersion,0.028130383551941408,f1_region_2,λ=8,divtree_lambda8_region2,73,0.5494680899104318,0.4218083720500213,0.8914610658380235,0.0,1.0,0.4122571721106004,True
dispersion,0.02248574717690055,f1_region_2,TwoStep (tuned),twostep_tuned,27,0.4539104900928063,0.42126637112178733,0.9031586388430388,0.0,1.0,0.41406364200007645,True
dispersion,0.02248574717690055,f1_region_2,TwoStep (recall),twostep_recall,27,0.45542182131374465,0.41898070758202927,0.8959082603394554,0.0,1.0,0.41144058137571676,True
dispersion,0.02248574717690055,f1_region_2,λ=2,divtree_lambda2_region2,27,0.4882695486331289,0.41848355883035426,0.8886725283329537,0.0,1.0,0.4134333686034613,True
dispersion,0.02248574717690055,f1_region_2,λ=4,divtree_lambda4_region2,27,0.4794900811314059,0.4166017906190123,0.8434866911529352,0.0034543844109831716,1.0,0.4094392641516213,True
rareness,0.41677372843092897,fnr_region_2,TwoStep (recall),twostep_recall,981,0.3467768525474346,0.4115186254853271,0.805,0.0,1.0,0.4067749558697657,True
rareness,0.41677372843092897,recall_region_2,TwoStep (recall),twostep_recall,981,0.6532231474525653,0.4115186254853271,0.8049999999999999,0.0,1.0,0.4067749558697657,True
rareness,0.33391271330047,fnr_region_2,TwoStep (tuned),twostep_tuned,1004,0.6281051628444209,0.4111375225038418,0.8566840240266194,0.0,1.0,0.39211844455319544,True
rareness,0.33391271330047,recall_region_2,TwoStep (tuned),twostep_tuned,1004,0.37189483715557925,0.4111375225038418,0.8566840240266194,0.0,1.0,0.39211844455319544,True
data_size,71258.98905136844,f1_region_2,λ=0,divtree_lambda0,492,0.4294718157881158,0.4106776298020319,0.8511888482137709,0.0,1.0,0.4033554121603962,True
noise,0.00815515817940046,f1_region_2,λ=0,divtree_lambda0,533,0.4232228051355016,0.40980593914514024,0.8574445617740233,0.0,1.0,0.4044462951583576,True
noise,0.0032470703266739244,f1_region_2,λ=0,divtree_lambda0,516,0.41298600535205554,0.40861045765610804,0.8107177106927044,0.0,1.0,0.4044462951583576,True
data_size,89709.39328288496,f1_region_2,λ=0,divtree_lambda0,509,0.42581572229717274,0.4085470893074011,0.8497108723448921,0.0,1.0,0.4033554121603962,True
data_size,71258.98905136844,f1_region_2,λ=2,divtree_lambda2_region2,492,0.4357769048328014,0.40734237699453946,0.8501752664337805,0.0,1.0,0.39668873810593525,True
data_size,71258.98905136844,f1_region_2,λ=4,divtree_lambda4_region2,492,0.4388953662338297,0.4055985532763922,0.8529546456905507,0.0,1.0,0.394661866044936,True
data_size,71258.98905136844,f1_region_2,λ=8,divtree_lambda8_region2,492,0.43952586386302817,0.4055669396302129,0.8523096889035403,0.0,1.0,0.39415822622742586,True
data_size,89709.39328288496,f1_region_2,λ=2,divtree_lambda2_region2,509,0.43341081950777616,0.40275740668883725,0.8400063252039371,0.0,1.0,0.39668873810593525,True
data_size,89709.39328288496,f1_region_2,λ=4,divtree_lambda4_region2,509,0.43467692907957783,0.40217263446591395,0.8370881186445593,0.0,1.0,0.394661866044936,True
noise,0.00815515817940046,f1_region_2,λ=2,divtree_lambda2_region2,533,0.4361678960102398,0.3995799826853856,0.8438991976323761,0.0,1.0,0.39840402574235867,True
data_size,89709.39328288496,f1_region_2,λ=8,divtree_lambda8_region2,509,0.4373828822922912,0.3991455975423635,0.8287326852939224,0.0,1.0,0.39415822622742586,True
rareness,0.41677372843092897,fnr_region_2,TwoStep (tuned),twostep_tuned,981,0.3863797569341033,0.3985239479429742,0.8108108108108109,0.0,1.0,0.39211844455319544,True
rareness,0.41677372843092897,recall_region_2,TwoStep (tuned),twostep_tuned,981,0.6136202430658967,0.3985239479429742,0.8108108108108107,0.0,1.0,0.39211844455319544,True
noise,0.12919760763693183,f1_region_2,λ=2,divtree_lambda2_region2,498,0.41763918961574786,0.39841826056744606,0.8068278788167451,0.0,1.0,0.39840402574235867,True
noise,0.0032470703266739244,f1_region_2,λ=4,divtree_lambda4_region2,516,0.4322818648101009,0.3971985379211523,0.8081433050347663,0.0,1.0,0.3938406995679612,True
noise,0.0032470703266739244,f1_region_2,λ=8,divtree_lambda8_region2,516,0.43698337422346606,0.3956932641194049,0.8009513833540026,0.0,1.0,0.3929945993469245,True
rareness,0.11022904674946227,precision_region_2,TwoStep (tuned),twostep_tuned,194,0.40691413827069745,0.39488166902315025,0.7765642671146622,0.0,1.0,0.38740544582759256,True
noise,0.00815515817940046,f1_region_2,λ=8,divtree_lambda8_region2,533,0.4408914305528113,0.39472393764762087,0.786580962010689,0.0,1.0,0.3929945993469245,True
rareness,0.045417845580381686,precision_region_2,TwoStep (recall),twostep_recall,36,0.3154424739125878,0.39469987716171956,0.6531352219482727,0.0,1.0,0.3852468728546817,True
rareness,0.045417845580381686,precision_region_2,TwoStep (tuned),twostep_tuned,36,0.3167138637287223,0.3944365395264498,0.6531352219482727,0.0,1.0,0.38740544582759256,True
noise,0.12919760763693183,f1_region_2,λ=4,divtree_lambda4_region2,498,0.42165071838218754,0.3940096586646863,0.7823035228098398,0.0,1.0,0.3938406995679612,True
rareness,0.11022904674946227,precision_region_2,TwoStep (recall),twostep_recall,203,0.40041305336758415,0.39155518709645837,0.7610760868417005,0.0,1.0,0.3852468728546817,True
data_size,71258.98905136844,f1_region_2,TwoStep (tuned),twostep_tuned,492,0.3436626872502539,0.38803692136260404,0.7595227024537007,0.0,1.0,0.3771595723741076,True
rareness,0.029153571634755276,f1_region_2,λ=2,divtree_lambda2_region2,68,0.24371347512936126,0.3871659251104442,0.33614864864864863,0.0,1.0,0.3714824320098797,True
data_size,71258.98905136844,f1_region_2,TwoStep (recall),twostep_recall,492,0.34370843301015697,0.3864502103841607,0.749252097108815,0.0,1.0,0.3751304056691058,True
rareness,0.029153571634755276,f1_region_2,λ=4,divtree_lambda4_region2,68,0.2334853385000111,0.38381151416213577,0.2200375696103596,0.0,1.0,0.3769077654089158,True
rareness,0.02335739405554703,f1_region_2,λ=8,divtree_lambda8_region2,32,0.20560142071813048,0.3804167799303235,0.08912159773771651,0.0,1.0,0.3773597443848267,True
rareness,0.029153571634755276,f1_region_2,λ=8,divtree_lambda8_region2,68,0.23964349360326942,0.3803707906962047,0.2500827818786647,0.0,1.0,0.3773597443848267,True
rareness,0.02335739405554703,f1_region_2,λ=4,divtree_lambda4_region2,32,0.2025689616724583,0.37981666033515393,0.06700361680422888,0.0,1.0,0.3769077654089158,True
noise,0.0032470703266739244,f1_region_2,TwoStep (tuned),twostep_tuned,516,0.32248865431458645,0.37958021741249476,0.7241776045637826,0.0,0.9994399781451597,0.3788721995127087,True
noise,0.00815515817940046,f1_region_2,TwoStep (tuned),twostep_tuned,533,0.3320261506582429,0.379135893588212,0.714863044454423,0.0,1.0,0.3788721995127087,True
data_size,89709.39328288496,f1_region_2,TwoStep (tuned),twostep_tuned,509,0.36220034333088064,0.3781321186672776,0.7279574842030381,0.0,1.0,0.3771595723741076,True
noise,0.514239595217779,f1_region_2,TwoStep (recall),twostep_recall,458,0.35834170705585855,0.37744094601825523,0.7338184676065282,0.0,0.9448644492165155,0.3767897655575654,True
noise,0.00815515817940046,f1_region_2,TwoStep (recall),twostep_recall,533,0.33195785377884895,0.3772107943522512,0.714863044454423,0.0,0.998315282791817,0.3767897655575654,True
data_size,5660.551766902119,f1_region_2,TwoStep (recall),twostep_recall,477,0.34148728178497767,0.375948753145569,0.7022735474557922,0.0,1.0,0.3751304056691058,True
rareness,0.11022904674946227,f1_region_2,λ=0,divtree_lambda0,626,0.22149763305168363,0.37573040354911247,0.24514503637893748,0.0,1.0,0.365592354748749,True
rareness,0.11022904674946227,f1_region_2,λ=2,divtree_lambda2_region2,626,0.2379978809011726,0.37424566353519206,0.3156466404641587,0.0,1.0,0.3714824320098797,True
rareness,0.03638808066694245,f1_region_2,λ=0,divtree_lambda0,116,0.19004546569279518,0.36745733559012117,0.08208255159474673,0.0,1.0,0.365592354748749,True
dispersion,0.02248574717690055,precision_region_2,λ=8,divtree_lambda8_region2,26,0.5532510833216773,0.34980843169647236,0.6647535529649964,0.051657119476268415,1.0,0.34277236287307356,True
dispersion,0.05507831494294404,precision_region_2,λ=8,divtree_lambda8_region2,209,0.5733133846417969,0.3447845157799711,0.7285566858322277,0.061,1.0,0.34277236287307356,True
dispersion,0.02248574717690055,precision_region_2,λ=4,divtree_lambda4_region2,25,0.5601946955868295,0.3422372332110243,0.6051994392761565,0.05330854506644633,1.0,0.33917236320782856,True
dispersion,0.05507831494294404,precision_region_2,λ=4,divtree_lambda4_region2,207,0.5753031057364238,0.3399932936345346,0.6859151728306554,0.06375,1.0,0.33917236320782856,True
noise,0.05144151821540545,precision_region_2,λ=8,divtree_lambda8_region2,406,0.5658890467696331,0.330696005654281,0.6334175431520102,0.08040816326530612,1.0,0.3258113248335312,True
sparsity,4.0,f1_region_2,λ=0,divtree_lambda0,1647,0.24768320590751072,0.3297621360639318,0.5936656493726687,0.0,0.843043293390027,0.32696038285494566,True
dispersion,0.05507831494294404,precision_region_2,λ=2,divtree_lambda2_region2,195,0.6032304510123666,0.3291590291366816,0.6408385323683254,0.06541666666666666,1.0,0.32230125594218284,True
noise,0.0032470703266739244,precision_region_2,λ=4,divtree_lambda4_region2,424,0.5789567371466166,0.32894657392215626,0.6301304246786634,0.04969858156028369,1.0,0.32221309642920903,True
data_size,2253.5423055237598,precision_region_2,λ=8,divtree_lambda8_region2,459,0.4870998699459843,0.3281447485626003,0.5844483276952792,0.036904761904761905,1.0,0.31867392607990874,True
noise,0.05144151821540545,precision_region_2,λ=4,divtree_lambda4_region2,398,0.5754133967665859,0.32768411431044137,0.6556110752011467,0.08627099802371542,1.0,0.32221309642920903,True
data_size,1790.0594419330469,precision_region_2,λ=2,divtree_lambda2_region2,412,0.48273697107206687,0.3273814406348305,0.5589247879151744,0.01882002801120448,1.0,0.3176964253032731,True
noise,0.0032470703266739244,precision_region_2,λ=8,divtree_lambda8_region2,434,0.5747727002790386,0.3269920698735001,0.643304904452778,0.07457743710691825,1.0,0.3258113248335312,True
data_size,2253.5423055237598,precision_region_2,λ=2,divtree_lambda2_region2,415,0.5152248806866875,0.3260494546027143,0.5749948624582958,0.039511494252873584,1.0,0.3176964253032731,True
data_size,2253.5423055237598,precision_region_2,λ=4,divtree_lambda4_region2,452,0.48547478119377263,0.325075864016011,0.5629414288033019,0.028748125937031493,1.0,0.3186120202421891,True
data_size,1790.0594419330469,precision_region_2,λ=0,divtree_lambda0,313,0.562563568207584,0.32398241830550595,0.6089527027027026,0.0420875420875421,1.0,0.30911726842873716,True
data_size,2253.5423055237598,precision_region_2,λ=0,divtree_lambda0,342,0.5810744257284404,0.3234752519370648,0.5597076692489321,0.06785505552308592,1.0,0.30911726842873716,True
dispersion,0.04402631277493798,precision_region_2,λ=2,divtree_lambda2_region2,129,0.6078950962386663,0.32344050583268835,0.6650601443464315,0.08111436950146628,1.0,0.32230125594218284,True
data_size,5660.551766902119,precision_region_2,λ=8,divtree_lambda8_region2,426,0.5309913496441088,0.32325600818626504,0.5781059573858036,0.07003105590062111,1.0,0.31867392607990874,True
sparsity,4.0,f1_region_2,λ=2,divtree_lambda2_region2,1647,0.2576779396127096,0.32322215210344307,0.5967266751269986,0.0,0.8480269251652877,0.32042417507994103,True
data_size,5660.551766902119,precision_region_2,λ=4,divtree_lambda4_region2,411,0.5472563365703899,0.3218575808063062,0.568506448052361,0.061473533619456365,1.0,0.3186120202421891,True
noise,0.05144151821540545,precision_region_2,λ=2,divtree_lambda2_region2,372,0.6020606666251217,0.32144365767156863,0.6391286895474342,0.08801932367149759,1.0,0.31857080858748177,True
noise,0.0032470703266739244,precision_region_2,λ=2,divtree_lambda2_region2,410,0.5915645068281611,0.3213182362465497,0.6507207845917523,0.07636858889184162,1.0,0.31857080858748177,True
noise,0.0032470703266739244,precision_region_2,λ=0,divtree_lambda0,358,0.6352743497365819,0.31998343472039126,0.6038140255695956,0.06515723270440253,1.0,0.3066813765864899,True
sparsity,4.0,f1_region_2,λ=4,divtree_lambda4_region2,1647,0.26170714011455337,0.319312200205631,0.5961731766348048,0.0,0.8495492746714929,0.3168613779798698,True
sparsity,4.0,f1_region_2,λ=8,divtree_lambda8_region2,1647,0.2624994372745989,0.31718300371361585,0.5935511598561954,0.0,0.8495492746714929,0.31479642463560176,True
dispersion,0.05507831494294404,precision_region_2,TwoStep (recall),twostep_recall,173,0.6058172445805653,0.31550235652644376,0.5972058548637468,0.06755191717329802,1.0,0.30293362486690256,True
dispersion,0.05507831494294404,precision_region_2,λ=0,divtree_lambda0,172,0.6260963096957549,0.31547277635418025,0.6178331415446744,0.09951255341880344,1.0,0.30865922715890526,True
dispersion,0.05507831494294404,precision_region_2,TwoStep (tuned),twostep_tuned,169,0.6300104271326153,0.3146047608405057,0.6199097374334512,0.10025839793281655,1.0,0.296017843416024,True
noise,0.05144151821540545,precision_region_2,λ=0,divtree_lambda0,335,0.6434832759167988,0.3107393065269609,0.6023559334636945,0.11153389565760699,1.0,0.3066813765864899,True
rareness,0.33391271330047,f1_region_2,TwoStep (tuned),twostep_tuned,1004,0.29651383613337945,0.30900209338585777,0.4981102218401026,0.0,0.9945244335690526,0.29532883924156567,True
dispersion,0.330466384177277,precision_region_2,λ=0,divtree_lambda0,688,0.6296004876901766,0.30884145439665134,0.5857563652252176,0.08416666666666667,1.0,0.30865922715890526,True
rareness,0.33391271330047,f1_region_2,TwoStep (recall),twostep_recall,1004,0.3003066925182173,0.30653598810294475,0.5024215453999938,0.0,0.9889856462944944,0.29195352066298685,True
dispersion,0.028130383551941408,precision_region_2,TwoStep (recall),twostep_recall,53,0.7467407567945004,0.30444577967322967,0.4607547973116808,0.1145922746781116,1.0,0.30293362486690256,True
rareness,0.26752573998233714,f1_region_2,TwoStep (tuned),twostep_tuned,967,0.22491583702100698,0.3038824970899224,0.4055563641656357,0.0,0.9672527414781886,0.29532883924156567,True
rareness,0.26752573998233714,f1_region_2,TwoStep (recall),twostep_recall,967,0.22624855493652785,0.3015035756342358,0.41395554067830137,0.0,0.9672527414781886,0.29195352066298685,True
noise,3.2437464635937765,precision_region_2,TwoStep (tuned),twostep_tuned,377,0.45808533968553894,0.29980825910065634,0.4491452991452992,0.0,1.0,0.2920792478392795,True
noise,3.2437464635937765,precision_region_2,TwoStep (recall),twostep_recall,391,0.4378272381625355,0.29975289934814453,0.44504097243920643,0.0,1.0,0.2908680371833374,True
dispersion,0.10784142958281023,precision_region_2,TwoStep (tuned),twostep_tuned,392,0.6030387606277614,0.2979743392077929,0.523681083777053,0.08346751412429379,1.0,0.296017843416024,True
noise,5.140640682151394,precision_region_2,TwoStep (recall),twostep_recall,396,0.40887298580344983,0.2968472680095846,0.46713288637364314,0.0,1.0,0.2908680371833374,True
noise,5.140640682151394,precision_region_2,TwoStep (tuned),twostep_tuned,388,0.4176560845061413,0.2967002853974779,0.46754160731305183,0.0,1.0,0.2920792478392795,True
data_size,71258.98905136844,precision_region_2,TwoStep (tuned),twostep_tuned,324,0.5983557349294067,0.29181556665483915,0.42236913437053913,0.05399610136452243,1.0,0.2812059992285255,True
data_size,71258.98905136844,precision_region_2,TwoStep (recall),twostep_recall,328,0.5852863898213452,0.29028801761761003,0.4163781315785059,0.05191844695699875,1.0,0.28451671930019684,True
data_size,5660.551766902119,precision_region_2,TwoStep (recall),twostep_recall,309,0.5344447402573718,0.2890838921547793,0.4427635683094198,0.06376044932079415,1.0,0.28451671930019684,True
data_size,5660.551766902119,precision_region_2,TwoStep (tuned),twostep_tuned,297,0.5470089235723038,0.28564253268093304,0.4542483660130719,0.07508012820512822,1.0,0.2812059992285255,True
dispersion,0.028130383551941408,accuracy,λ=0,divtree_lambda0,73,0.6673770239592713,0.2657991147994857,0.4868154936432033,0.2283563469948513,1.0,0.23890447326163222,True
dispersion,0.028130383551941408,accuracy,λ=4,divtree_lambda4_region2,73,0.6713185822257124,0.26397686068098825,0.5094218091546503,0.2327719888983538,1.0,0.2345341691739384,True
dispersion,0.028130383551941408,accuracy,λ=8,divtree_lambda8_region2,73,0.6674822858462376,0.26297670776825244,0.5053585429466299,0.23470022353426645,1.0,0.23459713158567463,True
dispersion,0.028130383551941408,accuracy,λ=2,divtree_lambda2_region2,73,0.669879595232589,0.26255775412911503,0.5030043793292951,0.23470022353426645,1.0,0.2347657444588988,True
sparsity,2.0,precision_region_2,λ=8,divtree_lambda8_region2,1650,0.6696703636408446,0.2598949186604377,0.3976947973462974,0.17470622796709753,1.0,0.2528327631614482,True
rareness,0.029153571634755276,accuracy,λ=4,divtree_lambda4_region2,68,0.6877150675450452,0.2566974243013575,0.3876566675359945,0.1846165458937198,1.0,0.24319606941612096,True
sparsity,2.0,precision_region_2,λ=4,divtree_lambda4_region2,1636,0.6748412277324352,0.2549033233682619,0.39014343617139924,0.18890516622817508,1.0,0.2478079381918113,True
sparsity,2.0,precision_region_2,λ=2,divtree_lambda2_region2,1607,0.6857590772404318,0.25338974821681,0.36863897847610594,0.18987012987012988,1.0,0.24441833111787253,True
sparsity,2.0,precision_region_2,TwoStep (tuned),twostep_tuned,1070,0.6666064258007993,0.25177218472602114,0.37735642484287213,0.21675702811244982,1.0,0.24690175635670192,True
rareness,0.029153571634755276,accuracy,λ=2,divtree_lambda2_region2,68,0.7029080576693563,0.2517056375069638,0.4015266462918301,0.24394699140401147,1.0,0.24357840857148774,True
sparsity,2.0,precision_region_2,TwoStep (recall),twostep_recall,1070,0.6552661374333029,0.2502438503203481,0.37097597992314724,0.21428571428571427,1.0,0.24493925745585982,True
rareness,0.029153571634755276,accuracy,λ=8,divtree_lambda8_region2,68,0.6919093467799202,0.24937038248210106,0.37353439049170056,0.20599204536541027,1.0,0.2412737949750702,True
rareness,0.03638808066694245,accuracy,λ=2,divtree_lambda2_region2,116,0.650133123701751,0.24770636085601638,0.4009940013495925,0.2325232208953139,1.0,0.24357840857148774,True
rareness,0.03638808066694245,accuracy,λ=4,divtree_lambda4_region2,116,0.6507344545441058,0.24689533097362673,0.39690139972588867,0.23123123123123124,1.0,0.24319606941612096,True
noise,0.12919760763693183,accuracy,λ=2,divtree_lambda2_region2,498,0.5994068545474753,0.2459682114050594,0.34690353461571566,0.2399451140798786,1.0,0.24109389024174385,True
noise,0.12919760763693183,accuracy,λ=4,divtree_lambda4_region2,498,0.5987417949231001,0.24446592590156385,0.3559760375306875,0.24329861111111112,1.0,0.24042728906914249,True
dispersion,0.028130383551941408,accuracy,TwoStep (tuned),twostep_tuned,73,0.6510680686338922,0.24417149441446834,0.4526950456127611,0.25698933179683275,0.9968897085862711,0.22012018879872716,True
noise,0.0012928585165887505,accuracy,λ=0,divtree_lambda0,506,0.6181092943422124,0.24413116601742255,0.37418993743106255,0.24840210691984632,1.0,0.24102553982831249,True
sparsity,2.0,precision_region_2,λ=0,divtree_lambda0,1523,0.7150553448706275,0.24401799477513508,0.37885567151886335,0.23507727652464497,1.0,0.23618352437614304,True
noise,0.12919760763693183,accuracy,λ=0,divtree_lambda0,498,0.6014031171620497,0.24363816698216434,0.3562880688998918,0.24729321508691032,1.0,0.24102553982831249,True
rareness,0.03638808066694245,accuracy,λ=8,divtree_lambda8_region2,116,0.6534644510092952,0.24320626169289325,0.3957026667839304,0.2673513004419329,1.0,0.2412737949750702,True
noise,0.0012928585165887505,accuracy,λ=2,divtree_lambda2_region2,506,0.6214483466782399,0.24311301675248737,0.37216172604906494,0.2498881932021467,1.0,0.24109389024174385,True
rareness,0.33391271330047,accuracy,λ=0,divtree_lambda0,1004,0.4943065217799963,0.24262635980299804,0.24130522409880084,0.2124023920464722,1.0,0.242229978169876,True
rareness,0.41677372843092897,accuracy,λ=0,divtree_lambda0,981,0.49897653124074165,0.24228974190762817,0.16589419475655437,0.17755443886097153,1.0,0.242229978169876,True
noise,0.12919760763693183,accuracy,λ=8,divtree_lambda8_region2,498,0.599962683294451,0.24203282362229736,0.3422724919584612,0.24855340900117018,1.0,0.2402031401958454,True
noise,0.0012928585165887505,accuracy,λ=4,divtree_lambda4_region2,506,0.6212960486442958,0.24122539301058488,0.36722525114395466,0.257492231585146,1.0,0.24042728906914249,True
dispersion,0.08620199281382501,accuracy,λ=0,divtree_lambda0,463,0.597598259992892,0.2411789503724987,0.3481517193339052,0.2500196695515342,1.0,0.23890447326163222,True
noise,0.0012928585165887505,accuracy,λ=8,divtree_lambda8_region2,506,0.619437180965134,0.24079117317727786,0.3701336177814896,0.2609222530152903,1.0,0.2402031401958454,True
data_size,11294.15008639454,accuracy,λ=0,divtree_lambda0,495,0.6061407663719484,0.24012882535541938,0.34217748723746827,0.2441600141287587,1.0,0.2369753673320817,True
data_size,1790.0594419330469,accuracy,λ=2,divtree_lambda2_region2,499,0.5528648457523573,0.23925788931876743,0.32540951879881236,0.2109002702038811,1.0,0.23584420976682907,True
data_size,1790.0594419330469,accuracy,λ=0,divtree_lambda0,499,0.5540504987223317,0.23923473966210185,0.3057094796217674,0.2177397492375466,1.0,0.2369753673320817,True
data_size,11294.15008639454,accuracy,λ=2,divtree_lambda2_region2,495,0.6074569150887003,0.2388263296616072,0.34097463404858896,0.24120816383874724,1.0,0.23584420976682907,True
data_size,11294.15008639454,accuracy,λ=4,divtree_lambda4_region2,495,0.6069652682343842,0.23839600572127514,0.33969374237564465,0.2465213712086016,1.0,0.2347678801736369,True
data_size,11294.15008639454,accuracy,λ=8,divtree_lambda8_region2,495,0.6052587394116739,0.23811275709206656,0.33641715651638515,0.24600757292181757,1.0,0.23500163665211862,True
dispersion,0.028130383551941408,accuracy,TwoStep (recall),twostep_recall,73,0.6402480475565443,0.23801817287755647,0.43152958211515735,0.2501265866987935,0.991255868577525,0.2214475147472897,True
dispersion,0.08620199281382501,accuracy,λ=2,divtree_lambda2_region2,463,0.600970496113603,0.23739265277587834,0.34586565045206275,0.2562561376720978,1.0,0.2347657444588988,True
dispersion,0.08620199281382501,accuracy,λ=8,divtree_lambda8_region2,463,0.6021538085773526,0.23678876316421554,0.34394456149326724,0.2553162672975297,1.0,0.23459713158567463,True
dispersion,0.08620199281382501,accuracy,λ=4,divtree_lambda4_region2,463,0.6008140853602684,0.2364355017089081,0.34397478948023275,0.25832703796415585,1.0,0.2345341691739384,True
data_size,1790.0594419330469,accuracy,λ=4,divtree_lambda4_region2,499,0.5531796906659838,0.23619356910105885,0.2996019025131308,0.21776267896141713,1.0,0.2347678801736369,True
data_size,1790.0594419330469,accuracy,λ=8,divtree_lambda8_region2,499,0.554138661404895,0.23515113334113932,0.29154189637434913,0.2250663379369424,1.0,0.23500163665211862,True
rareness,0.029153571634755276,accuracy,TwoStep (recall),twostep_recall,68,0.6899010013511907,0.22637960890154404,0.31726003691082616,0.278073848104601,0.9810766797809148,0.20177250287395795,True
rareness,0.029153571634755276,accuracy,TwoStep (tuned),twostep_tuned,68,0.6909450108904066,0.22608322405627226,0.315571237302951,0.27869466949906135,0.9810766797809148,0.2019846824322885,True
dispersion,0.02248574717690055,accuracy,TwoStep (tuned),twostep_tuned,27,0.6405302509398383,0.22422114582987293,0.36503384823356294,0.3360763197586727,0.9893413379400272,0.22012018879872716,True
dispersion,0.02248574717690055,accuracy,TwoStep (recall),twostep_recall,27,0.6368190123794348,0.22259571578636336,0.36360386381358867,0.31460965309200606,0.9859727473763598,0.2214475147472897,True
rareness,0.03638808066694245,accuracy,TwoStep (tuned),twostep_tuned,116,0.6400602770557837,0.21255086624508732,0.3748405978155791,0.2916025416025416,0.9644606375628235,0.2019846824322885,True
sparsity,1.0,accuracy,TwoStep (tuned),twostep_tuned,1602,0.7634347901865056,0.21150864039624157,0.33533810628817484,0.35571223365885174,1.0,0.2040129409175267,True
sparsity,1.0,accuracy,TwoStep (recall),twostep_recall,1602,0.7613138179976171,0.21066555113929902,0.3322895024206376,0.35571223365885174,1.0,0.20314396535333862,True
rareness,0.03638808066694245,accuracy,TwoStep (recall),twostep_recall,116,0.6362845318822445,0.21044490065915789,0.3652129002478983,0.290651159185642,0.9616539183081717,0.20177250287395795,True
data_size,22534.52162028631,accuracy,TwoStep (tuned),twostep_tuned,494,0.5775644732647792,0.20945566108013802,0.3260650002703316,0.26517884566289734,0.9502060330400303,0.20266057683426808,True
noise,0.0012928585165887505,accuracy,TwoStep (recall),twostep_recall,506,0.6042226225325502,0.20895370004592725,0.3216354366452077,0.281288682581786,0.9675781602580091,0.20017053805959426,True
data_size,22534.52162028631,accuracy,TwoStep (recall),twostep_recall,494,0.5724271700419287,0.20831734146414338,0.3266114949250508,0.263209943399129,0.9484556618978384,0.20325346961310944,True
data_size,1790.0594419330469,accuracy,TwoStep (tuned),twostep_tuned,499,0.5406430493881407,0.20720853121498917,0.2991103147383236,0.25776065024584915,0.9347592795958708,0.20266057683426808,True
data_size,1790.0594419330469,accuracy,TwoStep (recall),twostep_recall,499,0.5390230981540706,0.2056845992336507,0.30149548797934334,0.2518392370572207,0.9294655884679616,0.20325346961310944,True
noise,0.0012928585165887505,accuracy,TwoStep (tuned),twostep_tuned,506,0.6126985837843512,0.20541978918232726,0.31477531148163357,0.2915205932279103,0.9675781602580091,0.20150129695213972,True
noise,0.00815515817940046,accuracy,TwoStep (recall),twostep_recall,533,0.5750300801383651,0.20401878011345498,0.31574430542188,0.27196544084082075,0.9482609995913606,0.20017053805959426,True
noise,0.00815515817940046,accuracy,TwoStep (tuned),twostep_tuned,533,0.578855770816479,0.20394129665744157,0.3136690647482014,0.2769964748124033,0.950585308556278,0.20150129695213972,True
sparsity,2.0,accuracy,λ=0,divtree_lambda0,1669,0.6470228000096531,0.16835274792414578,0.24642247086247093,0.3789047431052958,0.9077947878079875,0.16695194788555223,True
sparsity,2.0,accuracy,λ=2,divtree_lambda2_region2,1669,0.6432781730745785,0.1668265764735608,0.23606308332955162,0.3665721453684564,0.9034695784521346,0.16606143884679433,True
sparsity,3.0,accuracy,λ=4,divtree_lambda4_region2,1708,0.5112579314151936,0.1649353787674487,0.21947092564668003,0.24269444444444443,0.8095133613547384,0.16438422713933698,True
sparsity,3.0,accuracy,λ=8,divtree_lambda8_region2,1708,0.5105271878359376,0.16456935139105558,0.22040928381240665,0.24204950142450143,0.8058139115463042,0.16381639547334115,True
dispersion,0.04402631277493798,recall_region_2,λ=0,divtree_lambda0,157,0.5215778954871226,0.47191561879601274,1.0,0.0,1.0,0.472027492752479,False
dispersion,0.04402631277493798,fnr_region_2,λ=0,divtree_lambda0,157,0.4784221045128773,0.4719156187960127,1.0,0.0,1.0,0.472027492752479,False
noise,0.8149591878462659,recall_region_2,TwoStep (recall),twostep_recall,507,0.43223409668601065,0.47170982763530783,1.0,0.0,1.0,0.4717900250831959,False
noise,0.8149591878462659,fnr_region_2,TwoStep (recall),twostep_recall,507,0.5677659033139892,0.4717098276353077,1.0,0.0,1.0,0.4717900250831958,False
noise,0.03245961994046289,fnr_region_2,TwoStep (recall),twostep_recall,508,0.572462910247668,0.4713527604967661,1.0,0.0,1.0,0.4717900250831958,False
noise,0.03245961994046289,recall_region_2,TwoStep (recall),twostep_recall,508,0.4275370897523319,0.47135276049676605,1.0,0.0,1.0,0.4717900250831959,False
dispersion,0.028130383551941408,fnr_region_2,λ=0,divtree_lambda0,73,0.43436199234181033,0.46964367613269115,0.98955463728191,0.0,1.0,0.472027492752479,False
dispersion,0.028130383551941408,recall_region_2,λ=0,divtree_lambda0,73,0.5656380076581896,0.46964367613269103,0.98955463728191,0.0,1.0,0.472027492752479,False
dispersion,0.1687805109426452,fnr_region_2,λ=0,divtree_lambda0,880,0.54359193609601,0.4694680228908214,1.0,0.0,1.0,0.472027492752479,False
dispersion,0.1687805109426452,recall_region_2,λ=0,divtree_lambda0,880,0.45640806390399,0.4694680228908214,1.0,0.0,1.0,0.472027492752479,False
noise,0.2047504283424231,fnr_region_2,TwoStep (recall),twostep_recall,476,0.5795416956707166,0.46868997936557416,1.0,0.0,1.0,0.4717900250831958,False
noise,0.2047504283424231,recall_region_2,TwoStep (recall),twostep_recall,476,0.42045830432928344,0.46868997936557416,1.0,0.0,1.0,0.4717900250831959,False
noise,0.12919760763693183,fnr_region_2,TwoStep (recall),twostep_recall,498,0.5923283606757557,0.46835218372424947,1.0,0.0,1.0,0.4717900250831958,False
noise,0.12919760763693183,recall_region_2,TwoStep (recall),twostep_recall,498,0.40767163932424433,0.46835218372424947,1.0,0.0,1.0,0.4717900250831959,False
data_size,22534.52162028631,fnr_region_2,TwoStep (recall),twostep_recall,494,0.5680199848078209,0.46775035231254164,1.0,0.0,1.0,0.4682167119352864,False
data_size,22534.52162028631,recall_region_2,TwoStep (recall),twostep_recall,494,0.43198001519217927,0.4677503523125416,1.0,0.0,1.0,0.46821671193528636,False
noise,0.00815515817940046,fnr_region_2,λ=0,divtree_lambda0,533,0.5211582053484127,0.4677337711994318,1.0,0.0,1.0,0.4678039898912517,False
noise,0.00815515817940046,recall_region_2,λ=0,divtree_lambda0,533,0.47884179465158727,0.4677337711994318,1.0,0.0,1.0,0.4678039898912517,False
dispersion,0.05507831494294404,fnr_region_2,λ=0,divtree_lambda0,255,0.5277884465927177,0.46773096549391535,1.0,0.0,1.0,0.472027492752479,False
dispersion,0.05507831494294404,recall_region_2,λ=0,divtree_lambda0,255,0.4722115534072823,0.4677309654939153,1.0,0.0,1.0,0.472027492752479,False
dispersion,0.04402631277493798,fnr_region_2,λ=2,divtree_lambda2_region2,157,0.4631727819148421,0.4676672502919036,0.9832041343669251,0.0,1.0,0.46770664313895816,False
dispersion,0.04402631277493798,recall_region_2,λ=2,divtree_lambda2_region2,157,0.5368272180851579,0.4676672502919036,0.9832041343669251,0.0,1.0,0.46770664313895816,False
data_size,89709.39328288496,fnr_region_2,λ=0,divtree_lambda0,509,0.5245816677454808,0.46733904695569,1.0,0.0,1.0,0.46755311465612187,False
data_size,89709.39328288496,recall_region_2,λ=0,divtree_lambda0,509,0.4754183322545193,0.46733904695569,1.0,0.0,1.0,0.46755311465612187,False
noise,0.08152374553859773,recall_region_2,TwoStep (recall),twostep_recall,507,0.38586915358294444,0.46729771450924423,1.0,0.0,1.0,0.4717900250831959,False
noise,0.08152374553859773,fnr_region_2,TwoStep (recall),twostep_recall,507,0.6141308464170556,0.4672977145092442,1.0,0.0,1.0,0.4717900250831958,False
noise,2.046805402410199,fnr_region_2,TwoStep (recall),twostep_recall,507,0.5651334883034056,0.4672482689827381,1.0,0.0,1.0,0.4717900250831958,False
noise,2.046805402410199,recall_region_2,TwoStep (recall),twostep_recall,507,0.43486651169659446,0.4672482689827381,1.0,0.0,1.0,0.4717900250831959,False
noise,1.2915350821512999,fnr_region_2,λ=0,divtree_lambda0,493,0.5578079545803074,0.46724496226332934,0.9972410168823491,0.0,1.0,0.4678039898912517,False
noise,1.2915350821512999,recall_region_2,λ=0,divtree_lambda0,493,0.44219204541969265,0.46724496226332934,0.9972410168823491,0.0,1.0,0.4678039898912517,False
dispersion,0.06890472051252551,fnr_region_2,λ=0,divtree_lambda0,378,0.502686128200677,0.4672437943886143,1.0,0.0,1.0,0.472027492752479,False
dispersion,0.06890472051252551,recall_region_2,λ=0,divtree_lambda0,378,0.49731387179932296,0.4672437943886143,1.0,0.0,1.0,0.472027492752479,False
noise,0.32448540397292847,fnr_region_2,TwoStep (recall),twostep_recall,536,0.5861434824364599,0.46709805310779023,1.0,0.0,1.0,0.4717900250831958,False
noise,0.32448540397292847,recall_region_2,TwoStep (recall),twostep_recall,536,0.41385651756354014,0.46709805310779023,1.0,0.0,1.0,0.4717900250831959,False
dispersion,0.02248574717690055,fnr_region_2,λ=0,divtree_lambda0,27,0.4910982423285705,0.4664660545190128,1.0,0.0,1.0,0.472027492752479,False
dispersion,0.02248574717690055,recall_region_2,λ=0,divtree_lambda0,27,0.5089017576714295,0.4664660545190128,1.0,0.0,1.0,0.472027492752479,False
noise,0.012924172211646637,fnr_region_2,TwoStep (recall),twostep_recall,494,0.5881524533758493,0.46638349842342947,1.0,0.0,1.0,0.4717900250831958,False
noise,0.012924172211646637,recall_region_2,TwoStep (recall),twostep_recall,494,0.41184754662415074,0.46638349842342947,1.0,0.0,1.0,0.4717900250831959,False
noise,0.12919760763693183,fnr_region_2,λ=0,divtree_lambda0,498,0.5333714662445272,0.4663184322867136,1.0,0.0,1.0,0.4678039898912517,False
noise,0.12919760763693183,recall_region_2,λ=0,divtree_lambda0,498,0.4666285337554727,0.4663184322867136,1.0,0.0,1.0,0.4678039898912517,False
noise,0.8149591878462659,fnr_region_2,λ=0,divtree_lambda0,507,0.5315857325183372,0.4660561901831804,1.0,0.0,1.0,0.4678039898912517,False
noise,0.8149591878462659,recall_region_2,λ=0,divtree_lambda0,507,0.46841426748166287,0.46605619018318034,1.0,0.0,1.0,0.4678039898912517,False
dispersion,0.03519200285202227,fnr_region_2,λ=2,divtree_lambda2_region2,102,0.5027946944282835,0.4658946496067049,0.9956420966567989,0.0,1.0,0.46770664313895816,False
dispersion,0.03519200285202227,recall_region_2,λ=2,divtree_lambda2_region2,102,0.49720530557171655,0.4658946496067049,0.9956420966567988,0.0,1.0,0.46770664313895816,False
data_size,4496.35407866857,fnr_region_2,λ=0,divtree_lambda0,458,0.5223347683404218,0.4657050799203994,1.0,0.0,1.0,0.46755311465612187,False
data_size,4496.35407866857,recall_region_2,λ=0,divtree_lambda0,458,0.4776652316595782,0.4657050799203994,1.0,0.0,1.0,0.46755311465612187,False
data_size,56603.25340302813,fnr_region_2,λ=0,divtree_lambda0,513,0.5421040601640073,0.46552056223426286,1.0,0.0,1.0,0.46755311465612187,False
data_size,56603.25340302813,recall_region_2,λ=0,divtree_lambda0,513,0.45789593983599275,0.46552056223426286,1.0,0.0,1.0,0.46755311465612187,False
data_size,28369.168428963523,fnr_region_2,λ=0,divtree_lambda0,492,0.5297578577088576,0.4654531334857138,1.0,0.0,1.0,0.46755311465612187,False
data_size,28369.168428963523,recall_region_2,λ=0,divtree_lambda0,492,0.4702421422911424,0.46545313348571377,1.0,0.0,1.0,0.46755311465612187,False
noise,0.0032470703266739244,fnr_region_2,TwoStep (recall),twostep_recall,516,0.6029939441285288,0.46534252498945633,1.0,0.0,1.0,0.4717900250831958,False
noise,0.0032470703266739244,recall_region_2,TwoStep (recall),twostep_recall,516,0.3970060558714712,0.46534252498945633,1.0,0.0,1.0,0.4717900250831959,False
noise,0.03245961994046289,fnr_region_2,TwoStep (tuned),twostep_tuned,508,0.5812440233882556,0.46502003751666454,1.0,0.0,1.0,0.46519416601509667,False
noise,0.03245961994046289,recall_region_2,TwoStep (tuned),twostep_tuned,508,0.41875597661174424,0.46502003751666454,1.0,0.0,1.0,0.46519416601509667,False
dispersion,0.05507831494294404,fnr_region_2,λ=8,divtree_lambda8_region2,255,0.5230230596939879,0.46488009287538484,0.9771957177008627,0.0,1.0,0.4649339863645606,False
dispersion,0.05507831494294404,recall_region_2,λ=8,divtree_lambda8_region2,255,0.47697694030601206,0.46488009287538484,0.9771957177008627,0.0,1.0,0.4649339863645606,False
data_size,7126.183958196354,fnr_region_2,TwoStep (recall),twostep_recall,503,0.5828532245450512,0.4647729192011637,1.0,0.0,1.0,0.4682167119352864,False
data_size,7126.183958196354,recall_region_2,TwoStep (recall),twostep_recall,503,0.41714677545494894,0.4647729192011637,1.0,0.0,1.0,0.46821671193528636,False
dispersion,0.08620199281382501,fnr_region_2,λ=8,divtree_lambda8_region2,463,0.4953610257777444,0.4647414411926438,0.9657871634802966,0.0,1.0,0.4649339863645606,False
dispersion,0.08620199281382501,recall_region_2,λ=8,divtree_lambda8_region2,463,0.5046389742222556,0.4647414411926438,0.9657871634802966,0.0,1.0,0.4649339863645606,False
data_size,2253.5423055237598,fnr_region_2,λ=0,divtree_lambda0,502,0.5453000498959117,0.4646844416566465,0.9745286348054043,0.0,1.0,0.46755311465612187,False
data_size,2253.5423055237598,recall_region_2,λ=0,divtree_lambda0,502,0.45469995010408826,0.46468444165664646,0.9745286348054043,0.0,1.0,0.46755311465612187,False
data_size,44961.74220908192,fnr_region_2,λ=0,divtree_lambda0,513,0.522250685692998,0.4644884427406057,1.0,0.0,1.0,0.46755311465612187,False
data_size,44961.74220908192,recall_region_2,λ=0,divtree_lambda0,513,0.47774931430700196,0.4644884427406057,1.0,0.0,1.0,0.46755311465612187,False
noise,0.32448540397292847,fnr_region_2,λ=0,divtree_lambda0,536,0.5263436370499223,0.46445483398678883,1.0,0.0,1.0,0.4678039898912517,False
noise,0.32448540397292847,recall_region_2,λ=0,divtree_lambda0,536,0.47365636295007785,0.46445483398678883,1.0,0.0,1.0,0.4678039898912517,False
dispersion,0.028130383551941408,recall_region_2,λ=4,divtree_lambda4_region2,73,0.5730532475400969,0.46443112177161394,0.937007874015748,0.0,1.0,0.4644491340892246,False
dispersion,0.028130383551941408,fnr_region_2,λ=4,divtree_lambda4_region2,73,0.4269467524599032,0.4644311217716139,0.937007874015748,0.0,1.0,0.46444913408922456,False
dispersion,0.10784142958281023,fnr_region_2,λ=0,divtree_lambda0,621,0.5135152917976192,0.4644252684180909,1.0,0.0,1.0,0.472027492752479,False
dispersion,0.10784142958281023,recall_region_2,λ=0,divtree_lambda0,621,0.48648470820238077,0.4644252684180909,1.0,0.0,1.0,0.472027492752479,False
data_size,5660.551766902119,fnr_region_2,TwoStep (recall),twostep_recall,477,0.5764857581987108,0.4644142405419954,1.0,0.0,1.0,0.4682167119352864,False
data_size,5660.551766902119,recall_region_2,TwoStep (recall),twostep_recall,477,0.42351424180128916,0.4644142405419954,1.0,0.0,1.0,0.46821671193528636,False
dispersion,0.264155074578139,recall_region_2,λ=0,divtree_lambda0,1025,0.4409927906847007,0.46440727449241875,0.99812382739212,0.0,1.0,0.472027492752479,False
dispersion,0.264155074578139,fnr_region_2,λ=0,divtree_lambda0,1025,0.5590072093152993,0.46440727449241864,0.99812382739212,0.0,1.0,0.472027492752479,False
dispersion,0.330466384177277,fnr_region_2,λ=0,divtree_lambda0,1021,0.5628308886865602,0.4642556546615843,0.9982547993019197,0.0,1.0,0.472027492752479,False
dispersion,0.330466384177277,recall_region_2,λ=0,divtree_lambda0,1021,0.43716911131343994,0.46425565466158425,0.9982547993019197,0.0,1.0,0.472027492752479,False
data_size,89709.39328288496,fnr_region_2,TwoStep (recall),twostep_recall,509,0.568088488662003,0.46421751542728595,1.0,0.0,1.0,0.4682167119352864,False
data_size,89709.39328288496,recall_region_2,TwoStep (recall),twostep_recall,509,0.4319115113379971,0.46421751542728595,1.0,0.0,1.0,0.46821671193528636,False
data_size,4496.35407866857,fnr_region_2,λ=2,divtree_lambda2_region2,458,0.5138095915997107,0.464208111437555,0.9882039352524958,0.0,1.0,0.4643323767479587,False
data_size,4496.35407866857,recall_region_2,λ=2,divtree_lambda2_region2,458,0.48619040840028926,0.464208111437555,0.9882039352524958,0.0,1.0,0.4643323767479587,False
noise,0.0051459082904443,fnr_region_2,TwoStep (recall),twostep_recall,475,0.5989664877626016,0.46392818261366026,1.0,0.0,1.0,0.4717900250831958,False
noise,0.0051459082904443,recall_region_2,TwoStep (recall),twostep_recall,475,0.40103351223739836,0.46392818261366026,1.0,0.0,1.0,0.4717900250831959,False
dispersion,0.028130383551941408,fnr_region_2,TwoStep (recall),twostep_recall,73,0.4723706268114012,0.46386871283195613,1.0,0.0,1.0,0.46454373110690567,False
dispersion,0.028130383551941408,recall_region_2,TwoStep (recall),twostep_recall,73,0.5276293731885988,0.46386871283195613,1.0,0.0,1.0,0.46454373110690567,False
dispersion,0.06890472051252551,fnr_region_2,λ=2,divtree_lambda2_region2,378,0.49015466712181055,0.4637231610403888,0.9958804648019743,0.0,1.0,0.46770664313895816,False
dispersion,0.06890472051252551,recall_region_2,λ=2,divtree_lambda2_region2,378,0.5098453328781895,0.4637231610403888,0.9958804648019743,0.0,1.0,0.46770664313895816,False
dispersion,0.028130383551941408,fnr_region_2,λ=2,divtree_lambda2_region2,73,0.4267249505715216,0.4636947135406326,0.936046511627907,0.0,1.0,0.46770664313895816,False
dispersion,0.028130383551941408,recall_region_2,λ=2,divtree_lambda2_region2,73,0.5732750494284784,0.4636947135406326,0.936046511627907,0.0,1.0,0.46770664313895816,False
dispersion,0.1687805109426452,fnr_region_2,λ=2,divtree_lambda2_region2,880,0.5402536948277162,0.46366880147174344,0.9949097648943727,0.0,1.0,0.46770664313895816,False
dispersion,0.1687805109426452,recall_region_2,λ=2,divtree_lambda2_region2,880,0.4597463051722838,0.46366880147174344,0.9949097648943727,0.0,1.0,0.46770664313895816,False
dispersion,0.02248574717690055,fnr_region_2,λ=2,divtree_lambda2_region2,27,0.4606710651697645,0.46358331082643134,0.985155471050618,0.0,1.0,0.46770664313895816,False
dispersion,0.02248574717690055,recall_region_2,λ=2,divtree_lambda2_region2,27,0.5393289348302355,0.46358331082643134,0.985155471050618,0.0,1.0,0.46770664313895816,False
data_size,35714.5241825939,fnr_region_2,λ=0,divtree_lambda0,513,0.5494918273036539,0.46357067644409616,1.0,0.0,1.0,0.46755311465612187,False
data_size,35714.5241825939,recall_region_2,λ=0,divtree_lambda0,513,0.45050817269634613,0.46357067644409616,1.0,0.0,1.0,0.46755311465612187,False
data_size,28369.168428963523,fnr_region_2,TwoStep (recall),twostep_recall,492,0.5965090762915533,0.46356997543894135,1.0,0.0,1.0,0.4682167119352864,False
data_size,28369.168428963523,recall_region_2,TwoStep (recall),twostep_recall,492,0.40349092370844675,0.46356997543894135,1.0,0.0,1.0,0.46821671193528636,False
noise,0.8149591878462659,fnr_region_2,TwoStep (tuned),twostep_tuned,507,0.5791530436534389,0.46354315180938377,0.9997695317821343,0.0,1.0,0.46519416601509667,False
noise,0.8149591878462659,recall_region_2,TwoStep (tuned),twostep_tuned,507,0.42084695634656105,0.46354315180938377,0.9997695317821343,0.0,1.0,0.46519416601509667,False
dispersion,0.04402631277493798,fnr_region_2,λ=4,divtree_lambda4_region2,157,0.4545317125928076,0.46351169568424977,0.9637462235649547,0.0,1.0,0.46444913408922456,False
dispersion,0.04402631277493798,recall_region_2,λ=4,divtree_lambda4_region2,157,0.5454682874071924,0.46351169568424977,0.9637462235649547,0.0,1.0,0.4644491340892246,False
data_size,28369.168428963523,fnr_region_2,λ=2,divtree_lambda2_region2,492,0.521417574943181,0.4633131033633005,0.9984219929709631,0.0,1.0,0.4643323767479587,False
data_size,28369.168428963523,recall_region_2,λ=2,divtree_lambda2_region2,492,0.47858242505681897,0.4633131033633005,0.9984219929709631,0.0,1.0,0.4643323767479587,False
noise,0.08152374553859773,fnr_region_2,λ=0,divtree_lambda0,507,0.540224354683679,0.4632187759110997,1.0,0.0,1.0,0.4678039898912517,False
noise,0.08152374553859773,recall_region_2,λ=0,divtree_lambda0,507,0.4597756453163209,0.4632187759110997,1.0,0.0,1.0,0.4678039898912517,False
data_size,17899.87838123264,recall_region_2,TwoStep (recall),twostep_recall,497,0.39759634021451484,0.46321084560486475,1.0,0.0,1.0,0.46821671193528636,False
data_size,17899.87838123264,fnr_region_2,TwoStep (recall),twostep_recall,497,0.6024036597854852,0.4632108456048647,1.0,0.0,1.0,0.4682167119352864,False
dispersion,0.5172064705241997,fnr_region_2,TwoStep (recall),twostep_recall,902,0.5962504469564853,0.463177481813132,1.0,0.0,1.0,0.46454373110690567,False
dispersion,0.5172064705241997,recall_region_2,TwoStep (recall),twostep_recall,902,0.40374955304351473,0.463177481813132,1.0,0.0,1.0,0.46454373110690567,False
data_size,7126.183958196354,fnr_region_2,λ=0,divtree_lambda0,503,0.5285358713372901,0.46303330389562153,1.0,0.0,1.0,0.46755311465612187,False
data_size,7126.183958196354,recall_region_2,λ=0,divtree_lambda0,503,0.4714641286627099,0.46303330389562153,1.0,0.0,1.0,0.46755311465612187,False
data_size,8971.298187393322,fnr_region_2,λ=0,divtree_lambda0,522,0.5600311641482719,0.46290494028874746,0.9951214657917592,0.0,1.0,0.46755311465612187,False
data_size,8971.298187393322,recall_region_2,λ=0,divtree_lambda0,522,0.4399688358517281,0.46290494028874746,0.9951214657917591,0.0,1.0,0.46755311465612187,False
dispersion,0.21114977730367337,fnr_region_2,λ=0,divtree_lambda0,1011,0.5635503130699273,0.4629036481254886,0.998724279473328,0.0,1.0,0.472027492752479,False
dispersion,0.21114977730367337,recall_region_2,λ=0,divtree_lambda0,1011,0.4364496869300728,0.4629036481254886,0.998724279473328,0.0,1.0,0.472027492752479,False
data_size,17899.87838123264,recall_region_2,λ=0,divtree_lambda0,497,0.4479062552228418,0.4628365003526688,1.0,0.0,1.0,0.46755311465612187,False
data_size,17899.87838123264,fnr_region_2,λ=0,divtree_lambda0,497,0.5520937447771582,0.46283650035266877,1.0,0.0,1.0,0.46755311465612187,False
noise,0.012924172211646637,fnr_region_2,λ=0,divtree_lambda0,494,0.5209017898384363,0.46265628313276674,1.0,0.0,1.0,0.4678039898912517,False
noise,0.012924172211646637,recall_region_2,λ=0,divtree_lambda0,494,0.47909821016156373,0.46265628313276674,1.0,0.0,1.0,0.4678039898912517,False
data_size,89709.39328288496,fnr_region_2,λ=2,divtree_lambda2_region2,509,0.5190762087683962,0.46248355978315653,0.9988829311885612,0.0,1.0,0.4643323767479587,False
data_size,89709.39328288496,recall_region_2,λ=2,divtree_lambda2_region2,509,0.4809237912316038,0.46248355978315653,0.9988829311885612,0.0,1.0,0.4643323767479587,False
data_size,3571.5952849281794,fnr_region_2,λ=0,divtree_lambda0,513,0.5455146144207098,0.4623130590324604,0.9826689774696707,0.0,1.0,0.46755311465612187,False
data_size,3571.5952849281794,recall_region_2,λ=0,divtree_lambda0,513,0.4544853855792903,0.4623130590324604,0.9826689774696707,0.0,1.0,0.46755311465612187,False
noise,0.514239595217779,fnr_region_2,λ=0,divtree_lambda0,458,0.5030985161190278,0.4620475919830746,1.0,0.0,1.0,0.4678039898912517,False
noise,0.514239595217779,recall_region_2,λ=0,divtree_lambda0,458,0.4969014838809723,0.4620475919830746,1.0,0.0,1.0,0.4678039898912517,False
dispersion,0.6470417138878943,recall_region_2,TwoStep (recall),twostep_recall,768,0.4454080770844279,0.46192623551176626,1.0,0.0,1.0,0.46454373110690567,False
dispersion,0.6470417138878943,fnr_region_2,TwoStep (recall),twostep_recall,768,0.5545919229155721,0.4619262355117662,1.0,0.0,1.0,0.46454373110690567,False
data_size,14218.435672247866,fnr_region_2,TwoStep (recall),twostep_recall,445,0.5986379484197059,0.4618232769663543,1.0,0.0,1.0,0.4682167119352864,False
data_size,14218.435672247866,recall_region_2,TwoStep (recall),twostep_recall,445,0.4013620515802941,0.4618232769663543,1.0,0.0,1.0,0.46821671193528636,False
noise,0.2047504283424231,fnr_region_2,λ=0,divtree_lambda0,476,0.5395795190256156,0.46171763826790996,1.0,0.0,1.0,0.4678039898912517,False
noise,0.2047504283424231,recall_region_2,λ=0,divtree_lambda0,476,0.46042048097438437,0.46171763826790996,1.0,0.0,1.0,0.4678039898912517,False
noise,0.03245961994046289,fnr_region_2,λ=0,divtree_lambda0,508,0.5192424091842924,0.4617046005312346,1.0,0.0,1.0,0.4678039898912517,False
noise,0.03245961994046289,recall_region_2,λ=0,divtree_lambda0,508,0.48075759081570757,0.4617046005312346,1.0,0.0,1.0,0.4678039898912517,False
noise,0.002048902761431835,fnr_region_2,TwoStep (recall),twostep_recall,520,0.6043057444467546,0.46170044390880205,1.0,0.0,1.0,0.4717900250831958,False
noise,0.002048902761431835,recall_region_2,TwoStep (recall),twostep_recall,520,0.39569425555324544,0.46170044390880205,1.0,0.0,1.0,0.4717900250831959,False
dispersion,0.10784142958281023,recall_region_2,TwoStep (recall),twostep_recall,621,0.4380999370303534,0.4616792052103122,1.0,0.0,1.0,0.46454373110690567,False
dispersion,0.10784142958281023,fnr_region_2,TwoStep (recall),twostep_recall,621,0.5619000629696466,0.4616792052103121,1.0,0.0,1.0,0.46454373110690567,False
noise,0.00815515817940046,fnr_region_2,λ=2,divtree_lambda2_region2,533,0.5105390458967201,0.46160254469008777,0.99252443933295,0.0,1.0,0.4617353153248416,False
noise,0.00815515817940046,recall_region_2,λ=2,divtree_lambda2_region2,533,0.4894609541032799,0.46160254469008777,0.99252443933295,0.0,1.0,0.4617353153248416,False
noise,0.08152374553859773,fnr_region_2,TwoStep (tuned),twostep_tuned,507,0.6204448194402392,0.46160074232066933,1.0,0.0,1.0,0.46519416601509667,False
noise,0.08152374553859773,recall_region_2,TwoStep (tuned),twostep_tuned,507,0.3795551805597608,0.46160074232066933,1.0,0.0,1.0,0.46519416601509667,False
data_size,35714.5241825939,fnr_region_2,λ=2,divtree_lambda2_region2,513,0.5416355434632553,0.4615626538695282,1.0,0.0,1.0,0.4643323767479587,False
data_size,35714.5241825939,recall_region_2,λ=2,divtree_lambda2_region2,513,0.45836445653674474,0.4615626538695282,1.0,0.0,1.0,0.4643323767479587,False
data_size,89709.39328288496,recall_region_2,λ=4,divtree_lambda4_region2,509,0.47740898359680795,0.46146125079903916,0.997874601487779,0.0,1.0,0.4616540934519816,False
data_size,89709.39328288496,fnr_region_2,λ=4,divtree_lambda4_region2,509,0.522591016403192,0.4614612507990391,0.997874601487779,0.0,1.0,0.46165409345198155,False
data_size,28369.168428963523,fnr_region_2,λ=4,divtree_lambda4_region2,492,0.5203752613602018,0.4614117171654877,0.9973094754388706,0.0,1.0,0.46165409345198155,False
data_size,28369.168428963523,recall_region_2,λ=4,divtree_lambda4_region2,492,0.47962473863979804,0.4614117171654876,0.9973094754388706,0.0,1.0,0.4616540934519816,False
data_size,4496.35407866857,fnr_region_2,λ=4,divtree_lambda4_region2,458,0.517684002094303,0.4612559942043432,0.9636682266865586,0.0,1.0,0.46165409345198155,False
data_size,4496.35407866857,recall_region_2,λ=4,divtree_lambda4_region2,458,0.482315997905697,0.4612559942043432,0.9636682266865586,0.0,1.0,0.4616540934519816,False
dispersion,0.06890472051252551,fnr_region_2,λ=4,divtree_lambda4_region2,378,0.4936331328629346,0.46123880048418325,0.9563153549807375,0.0,1.0,0.46444913408922456,False
dispersion,0.06890472051252551,recall_region_2,λ=4,divtree_lambda4_region2,378,0.5063668671370655,0.46123880048418325,0.9563153549807375,0.0,1.0,0.4644491340892246,False
noise,0.8149591878462659,fnr_region_2,λ=2,divtree_lambda2_region2,507,0.528482715207335,0.46119805123771107,0.9942527154475124,0.0,1.0,0.4617353153248416,False
noise,0.8149591878462659,recall_region_2,λ=2,divtree_lambda2_region2,507,0.47151728479266497,0.46119805123771107,0.9942527154475124,0.0,1.0,0.4617353153248416,False
noise,0.012924172211646637,fnr_region_2,TwoStep (tuned),twostep_tuned,494,0.5951432185317601,0.46112514631641216,1.0,0.0,1.0,0.46519416601509667,False
noise,0.012924172211646637,recall_region_2,TwoStep (tuned),twostep_tuned,494,0.4048567814682399,0.4611251463164121,1.0,0.0,1.0,0.46519416601509667,False
dispersion,0.1687805109426452,fnr_region_2,TwoStep (recall),twostep_recall,880,0.6155800409175851,0.46112194481640667,1.0,0.0,1.0,0.46454373110690567,False
dispersion,0.1687805109426452,recall_region_2,TwoStep (recall),twostep_recall,880,0.384419959082415,0.46112194481640667,1.0,0.0,1.0,0.46454373110690567,False
noise,1.2915350821512999,fnr_region_2,λ=2,divtree_lambda2_region2,493,0.5570197223892368,0.4611079360321657,0.9956896551724138,0.0,1.0,0.4617353153248416,False
noise,1.2915350821512999,recall_region_2,λ=2,divtree_lambda2_region2,493,0.4429802776107633,0.4611079360321657,0.9956896551724138,0.0,1.0,0.4617353153248416,False
noise,0.0032470703266739244,fnr_region_2,λ=2,divtree_lambda2_region2,516,0.5119166708116243,0.4610978764339162,0.9927748103729002,0.0,1.0,0.4617353153248416,False
noise,0.0032470703266739244,recall_region_2,λ=2,divtree_lambda2_region2,516,0.48808332918837566,0.46109787643391614,0.9927748103729002,0.0,1.0,0.4617353153248416,False
dispersion,0.1687805109426452,fnr_region_2,λ=4,divtree_lambda4_region2,880,0.5378966582461636,0.4610897272605819,0.9779977534400449,0.0,1.0,0.46444913408922456,False
dispersion,0.1687805109426452,recall_region_2,λ=4,divtree_lambda4_region2,880,0.46210334175383644,0.46108972726058184,0.9779977534400449,0.0,1.0,0.4644491340892246,False
data_size,5660.551766902119,fnr_region_2,λ=0,divtree_lambda0,477,0.5372542919230655,0.4610041644215611,1.0,0.0,1.0,0.46755311465612187,False
data_size,5660.551766902119,recall_region_2,λ=0,divtree_lambda0,477,0.4627457080769345,0.4610041644215611,1.0,0.0,1.0,0.46755311465612187,False
noise,0.0012928585165887505,fnr_region_2,TwoStep (recall),twostep_recall,506,0.5963848850888592,0.4609736574521404,1.0,0.0,1.0,0.4717900250831958,False
noise,0.0012928585165887505,recall_region_2,TwoStep (recall),twostep_recall,506,0.4036151149111409,0.4609736574521404,1.0,0.0,1.0,0.4717900250831959,False
noise,0.514239595217779,fnr_region_2,λ=2,divtree_lambda2_region2,458,0.4984311197894935,0.46095609936137766,0.9902376351458987,0.0,1.0,0.4617353153248416,False
noise,0.514239595217779,recall_region_2,λ=2,divtree_lambda2_region2,458,0.5015688802105065,0.46095609936137766,0.9902376351458987,0.0,1.0,0.4617353153248416,False
dispersion,0.264155074578139,fnr_region_2,λ=2,divtree_lambda2_region2,1025,0.5476119686290519,0.460923351307026,1.0,0.0,1.0,0.46770664313895816,False
dispersion,0.264155074578139,recall_region_2,λ=2,divtree_lambda2_region2,1025,0.452388031370948,0.46092335130702594,1.0,0.0,1.0,0.46770664313895816,False
noise,0.020482034030709487,fnr_region_2,λ=0,divtree_lambda0,511,0.5496155332853194,0.46091457877181413,1.0,0.0,1.0,0.4678039898912517,False
noise,0.020482034030709487,recall_region_2,λ=0,divtree_lambda0,511,0.4503844667146804,0.46091457877181413,1.0,0.0,1.0,0.4678039898912517,False
data_size,3571.5952849281794,fnr_region_2,TwoStep (recall),twostep_recall,513,0.5840189566745018,0.4608870480874584,1.0,0.0,1.0,0.4682167119352864,False
data_size,3571.5952849281794,recall_region_2,TwoStep (recall),twostep_recall,513,0.4159810433254982,0.4608870480874584,1.0,0.0,1.0,0.46821671193528636,False
dispersion,0.06890472051252551,fnr_region_2,λ=8,divtree_lambda8_region2,378,0.4882186562927756,0.46087441938482954,0.9514980214810628,0.0,1.0,0.4649339863645606,False
dispersion,0.06890472051252551,recall_region_2,λ=8,divtree_lambda8_region2,378,0.5117813437072244,0.46087441938482954,0.9514980214810628,0.0,1.0,0.4649339863645606,False
noise,0.12919760763693183,fnr_region_2,TwoStep (tuned),twostep_tuned,498,0.6019542622068496,0.46086254084998923,1.0,0.0,1.0,0.46519416601509667,False
noise,0.12919760763693183,recall_region_2,TwoStep (tuned),twostep_tuned,498,0.39804573779315056,0.46086254084998923,1.0,0.0,1.0,0.46519416601509667,False
dispersion,0.13491305194743766,fnr_region_2,λ=0,divtree_lambda0,768,0.5709070701269219,0.46081393258988973,0.9964614615854767,0.0,1.0,0.472027492752479,False
dispersion,0.13491305194743766,recall_region_2,λ=0,divtree_lambda0,768,0.4290929298730781,0.46081393258988973,0.9964614615854767,0.0,1.0,0.472027492752479,False
noise,0.03245961994046289,fnr_region_2,λ=2,divtree_lambda2_region2,508,0.5172688604813784,0.4607848588916967,0.9916819757913198,0.0,1.0,0.4617353153248416,False
noise,0.03245961994046289,recall_region_2,λ=2,divtree_lambda2_region2,508,0.48273113951862157,0.4607848588916967,0.9916819757913198,0.0,1.0,0.4617353153248416,False
data_size,14218.435672247866,fnr_region_2,λ=8,divtree_lambda8_region2,445,0.5415234907803599,0.4607096346079618,0.994059405940594,0.0,1.0,0.4607771654598311,False
data_size,14218.435672247866,recall_region_2,λ=8,divtree_lambda8_region2,445,0.4584765092196401,0.4607096346079618,0.994059405940594,0.0,1.0,0.4607771654598311,False
data_size,35714.5241825939,recall_region_2,TwoStep (recall),twostep_recall,513,0.3988238173740993,0.46070900875843523,1.0,0.0,1.0,0.46821671193528636,False
data_size,35714.5241825939,fnr_region_2,TwoStep (recall),twostep_recall,513,0.6011761826259007,0.4607090087584352,1.0,0.0,1.0,0.4682167119352864,False
data_size,1421.9004443801273,fnr_region_2,TwoStep (recall),twostep_recall,524,0.5902754186706549,0.4605428352253123,1.0,0.0,1.0,0.4682167119352864,False
data_size,1421.9004443801273,recall_region_2,TwoStep (recall),twostep_recall,524,0.40972458132934514,0.4605428352253123,1.0,0.0,1.0,0.46821671193528636,False
data_size,56603.25340302813,recall_region_2,λ=8,divtree_lambda8_region2,513,0.4748150634594864,0.46043652020804504,0.9959223300970874,0.0,1.0,0.4607771654598311,False
data_size,56603.25340302813,fnr_region_2,λ=8,divtree_lambda8_region2,513,0.5251849365405136,0.46043652020804493,0.9959223300970874,0.0,1.0,0.4607771654598311,False
noise,0.08152374553859773,fnr_region_2,λ=2,divtree_lambda2_region2,507,0.519394643303238,0.4604187971498648,0.996096837944664,0.0,1.0,0.4617353153248416,False
noise,0.08152374553859773,recall_region_2,λ=2,divtree_lambda2_region2,507,0.480605356696762,0.4604187971498648,0.9960968379446641,0.0,1.0,0.4617353153248416,False
data_size,56603.25340302813,fnr_region_2,λ=2,divtree_lambda2_region2,513,0.533773327433414,0.46040971273650305,1.0,0.0,1.0,0.4643323767479587,False
data_size,56603.25340302813,recall_region_2,λ=2,divtree_lambda2_region2,513,0.4662266725665859,0.46040971273650305,1.0,0.0,1.0,0.4643323767479587,False
noise,0.0032470703266739244,fnr_region_2,TwoStep (tuned),twostep_tuned,516,0.6094005187424524,0.4603683773446083,1.0,0.0,1.0,0.46519416601509667,False
noise,0.0032470703266739244,recall_region_2,TwoStep (tuned),twostep_tuned,516,0.3905994812575476,0.4603683773446083,1.0,0.0,1.0,0.46519416601509667,False
data_size,17899.87838123264,fnr_region_2,λ=2,divtree_lambda2_region2,497,0.5498645056666295,0.46031286258630605,1.0,0.0,1.0,0.4643323767479587,False
data_size,17899.87838123264,recall_region_2,λ=2,divtree_lambda2_region2,497,0.4501354943333707,0.46031286258630605,1.0,0.0,1.0,0.4643323767479587,False
data_size,44961.74220908192,recall_region_2,TwoStep (recall),twostep_recall,513,0.4110493522606949,0.46021117012400714,1.0,0.0,1.0,0.46821671193528636,False
data_size,44961.74220908192,fnr_region_2,TwoStep (recall),twostep_recall,513,0.588950647739305,0.46021117012400703,1.0,0.0,1.0,0.4682167119352864,False
noise,0.2047504283424231,fnr_region_2,TwoStep (tuned),twostep_tuned,476,0.59055870838499,0.4601711232363521,1.0,0.0,1.0,0.46519416601509667,False
noise,0.2047504283424231,recall_region_2,TwoStep (tuned),twostep_tuned,476,0.40944129161500986,0.46017112323635206,1.0,0.0,1.0,0.46519416601509667,False
noise,0.012924172211646637,fnr_region_2,λ=2,divtree_lambda2_region2,494,0.5100739782766116,0.4600878315668822,0.9923801973220578,0.0,1.0,0.4617353153248416,False
noise,0.012924172211646637,recall_region_2,λ=2,divtree_lambda2_region2,494,0.4899260217233884,0.4600878315668822,0.9923801973220577,0.0,1.0,0.4617353153248416,False
dispersion,0.02248574717690055,fnr_region_2,λ=4,divtree_lambda4_region2,27,0.48183289718900624,0.4600474204044041,0.9392550270174507,0.0,0.9982440342188204,0.46444913408922456,False
dispersion,0.02248574717690055,recall_region_2,λ=4,divtree_lambda4_region2,27,0.5181671028109938,0.4600474204044041,0.9392550270174507,0.0017559657811796491,1.0,0.4644491340892246,False
dispersion,0.5172064705241997,fnr_region_2,λ=0,divtree_lambda0,902,0.5567630809684133,0.46000227543239336,0.9991410388105795,0.0,1.0,0.472027492752479,False
dispersion,0.5172064705241997,recall_region_2,λ=0,divtree_lambda0,902,0.4432369190315867,0.46000227543239336,0.9991410388105795,0.0,1.0,0.472027492752479,False
data_size,4496.35407866857,fnr_region_2,λ=8,divtree_lambda8_region2,458,0.5160932699264468,0.45999800282428843,0.9539253289313978,0.0,1.0,0.4607771654598311,False
data_size,4496.35407866857,recall_region_2,λ=8,divtree_lambda8_region2,458,0.48390673007355317,0.45999800282428843,0.9539253289313978,0.0,1.0,0.4607771654598311,False
dispersion,0.330466384177277,fnr_region_2,λ=2,divtree_lambda2_region2,1021,0.5567018128073651,0.4599844846124192,1.0,0.0,1.0,0.46770664313895816,False
dispersion,0.330466384177277,recall_region_2,λ=2,divtree_lambda2_region2,1021,0.4432981871926349,0.4599844846124192,1.0,0.0,1.0,0.46770664313895816,False
noise,5.140640682151394,recall_region_2,λ=0,divtree_lambda0,454,0.39381437250090756,0.4599765334117245,0.9532599350907819,0.0,1.0,0.4678039898912517,False
noise,5.140640682151394,fnr_region_2,λ=0,divtree_lambda0,454,0.6061856274990923,0.45997653341172445,0.9532599350907818,0.0,1.0,0.4678039898912517,False
data_size,56603.25340302813,fnr_region_2,λ=4,divtree_lambda4_region2,513,0.5275699191056973,0.459970669698225,0.9968911917098445,0.0,1.0,0.46165409345198155,False
data_size,56603.25340302813,recall_region_2,λ=4,divtree_lambda4_region2,513,0.4724300808943027,0.459970669698225,0.9968911917098445,0.0,1.0,0.4616540934519816,False
noise,1.2915350821512999,recall_region_2,TwoStep (recall),twostep_recall,493,0.40487352949707367,0.4599085872965843,1.0,0.0,1.0,0.4717900250831959,False
noise,1.2915350821512999,fnr_region_2,TwoStep (recall),twostep_recall,493,0.5951264705029264,0.45990858729658424,1.0,0.0,1.0,0.4717900250831958,False
noise,3.2437464635937765,fnr_region_2,λ=0,divtree_lambda0,504,0.5959095142584784,0.4598555365903255,0.9625631252211393,0.0,1.0,0.4678039898912517,False
noise,3.2437464635937765,recall_region_2,λ=0,divtree_lambda0,504,0.4040904857415216,0.4598555365903255,0.9625631252211393,0.0,1.0,0.4678039898912517,False
data_size,8971.298187393322,recall_region_2,TwoStep (recall),twostep_recall,522,0.39700611304005246,0.45975847989401164,1.0,0.0,1.0,0.46821671193528636,False
data_size,8971.298187393322,fnr_region_2,TwoStep (recall),twostep_recall,522,0.6029938869599476,0.4597584798940116,1.0,0.0,1.0,0.4682167119352864,False
dispersion,0.21114977730367337,fnr_region_2,λ=2,divtree_lambda2_region2,1011,0.5589795940227862,0.45970501669173447,1.0,0.0,1.0,0.46770664313895816,False
dispersion,0.21114977730367337,recall_region_2,λ=2,divtree_lambda2_region2,1011,0.4410204059772137,0.45970501669173447,1.0,0.0,1.0,0.46770664313895816,False
noise,0.0032470703266739244,recall_region_2,λ=4,divtree_lambda4_region2,516,0.4885400063786525,0.4596154987218429,0.9860014619883041,0.0,1.0,0.45962939764688054,False
noise,0.0032470703266739244,fnr_region_2,λ=4,divtree_lambda4_region2,516,0.5114599936213475,0.4596154987218428,0.9860014619883041,0.0,1.0,0.45962939764688054,False
data_size,2253.5423055237598,fnr_region_2,λ=2,divtree_lambda2_region2,502,0.5421913709820776,0.4595299768659537,0.9723091976516633,0.0,1.0,0.4643323767479587,False
data_size,2253.5423055237598,recall_region_2,λ=2,divtree_lambda2_region2,502,0.4578086290179224,0.4595299768659537,0.9723091976516635,0.0,1.0,0.4643323767479587,False
data_size,1129.460187950577,fnr_region_2,λ=0,divtree_lambda0,483,0.5628773970438874,0.45947984450591806,0.9624598763015736,0.0,1.0,0.46755311465612187,False
data_size,1129.460187950577,recall_region_2,λ=0,divtree_lambda0,483,0.43712260295611266,0.45947984450591806,0.9624598763015737,0.0,1.0,0.46755311465612187,False
noise,0.0051459082904443,fnr_region_2,TwoStep (tuned),twostep_tuned,475,0.6062531379017326,0.45946052958001216,1.0,0.0,1.0,0.46519416601509667,False
noise,0.0051459082904443,recall_region_2,TwoStep (tuned),twostep_tuned,475,0.3937468620982673,0.45946052958001216,1.0,0.0,1.0,0.46519416601509667,False
data_size,35714.5241825939,fnr_region_2,λ=4,divtree_lambda4_region2,513,0.542975200886001,0.4593677932765925,1.0,0.0,1.0,0.46165409345198155,False
data_size,35714.5241825939,recall_region_2,λ=4,divtree_lambda4_region2,513,0.4570247991139989,0.4593677932765925,1.0,0.0,1.0,0.4616540934519816,False
noise,1.2915350821512999,fnr_region_2,λ=4,divtree_lambda4_region2,493,0.5620104003283329,0.4592824773945617,0.9901119402985075,0.0,1.0,0.45962939764688054,False
noise,1.2915350821512999,recall_region_2,λ=4,divtree_lambda4_region2,493,0.43798959967166706,0.4592824773945617,0.9901119402985075,0.0,1.0,0.45962939764688054,False
data_size,7126.183958196354,recall_region_2,λ=2,divtree_lambda2_region2,503,0.47302694456346633,0.45928153024012236,0.9916045652745931,0.0,1.0,0.4643323767479587,False
data_size,7126.183958196354,fnr_region_2,λ=2,divtree_lambda2_region2,503,0.5269730554365336,0.4592815302401223,0.9916045652745931,0.0,1.0,0.4643323767479587,False
data_size,11294.15008639454,fnr_region_2,λ=0,divtree_lambda0,495,0.5590695051201611,0.45910926385836526,1.0,0.0,1.0,0.46755311465612187,False
data_size,11294.15008639454,recall_region_2,λ=0,divtree_lambda0,495,0.44093049487983893,0.45910926385836526,1.0,0.0,1.0,0.46755311465612187,False
data_size,22534.52162028631,fnr_region_2,λ=0,divtree_lambda0,494,0.5201466413085858,0.45908800351230916,1.0,0.0,1.0,0.46755311465612187,False
data_size,22534.52162028631,recall_region_2,λ=0,divtree_lambda0,494,0.47985335869141427,0.45908800351230916,1.0,0.0,1.0,0.46755311465612187,False
dispersion,0.330466384177277,fnr_region_2,TwoStep (recall),twostep_recall,1021,0.6177158803740116,0.45897207016348357,1.0,0.0,1.0,0.46454373110690567,False
dispersion,0.330466384177277,recall_region_2,TwoStep (recall),twostep_recall,1021,0.38228411962598835,0.45897207016348357,1.0,0.0,1.0,0.46454373110690567,False
data_size,1790.0594419330469,fnr_region_2,λ=0,divtree_lambda0,499,0.5851417705374472,0.45897024783437074,0.9528388278388278,0.0,1.0,0.46755311465612187,False
data_size,1790.0594419330469,recall_region_2,λ=0,divtree_lambda0,499,0.41485822946255285,0.45897024783437074,0.9528388278388278,0.0,1.0,0.46755311465612187,False
dispersion,0.6470417138878943,fnr_region_2,λ=0,divtree_lambda0,768,0.5573960981774592,0.4589421993854215,0.9946175977413437,0.0,1.0,0.472027492752479,False
dispersion,0.6470417138878943,recall_region_2,λ=0,divtree_lambda0,768,0.4426039018225409,0.4589421993854215,0.9946175977413437,0.0,1.0,0.472027492752479,False
dispersion,0.028130383551941408,fnr_region_2,λ=8,divtree_lambda8_region2,73,0.42084251924120086,0.458903845075771,0.9201331114808652,0.0,1.0,0.4649339863645606,False
dispersion,0.028130383551941408,recall_region_2,λ=8,divtree_lambda8_region2,73,0.5791574807587992,0.458903845075771,0.9201331114808652,0.0,1.0,0.4649339863645606,False
data_size,8971.298187393322,fnr_region_2,λ=2,divtree_lambda2_region2,522,0.5490115392608905,0.4588396155511499,0.9956300162087266,0.0,1.0,0.4643323767479587,False
data_size,8971.298187393322,recall_region_2,λ=2,divtree_lambda2_region2,522,0.4509884607391094,0.4588396155511499,0.9956300162087266,0.0,1.0,0.4643323767479587,False
dispersion,0.1687805109426452,recall_region_2,λ=8,divtree_lambda8_region2,880,0.4614117717561877,0.45875735186922256,0.9692818865695918,0.0,1.0,0.4649339863645606,False
dispersion,0.1687805109426452,fnr_region_2,λ=8,divtree_lambda8_region2,880,0.5385882282438123,0.4587573518692225,0.9692818865695918,0.0,1.0,0.4649339863645606,False
dispersion,0.264155074578139,fnr_region_2,TwoStep (recall),twostep_recall,1025,0.6282440866274618,0.458707660047043,1.0,0.0,1.0,0.46454373110690567,False
dispersion,0.264155074578139,recall_region_2,TwoStep (recall),twostep_recall,1025,0.37175591337253827,0.45870766004704294,1.0,0.0,1.0,0.46454373110690567,False
noise,0.32448540397292847,recall_region_2,TwoStep (tuned),twostep_tuned,536,0.4034699023709717,0.45868287619343706,1.0,0.0,1.0,0.46519416601509667,False
noise,0.32448540397292847,fnr_region_2,TwoStep (tuned),twostep_tuned,536,0.5965300976290282,0.458682876193437,1.0,0.0,1.0,0.46519416601509667,False
noise,0.002048902761431835,fnr_region_2,λ=0,divtree_lambda0,520,0.5627909383710804,0.4585435385446403,0.9930452326887963,0.0,1.0,0.4678039898912517,False
noise,0.002048902761431835,recall_region_2,λ=0,divtree_lambda0,520,0.4372090616289196,0.4585435385446403,0.9930452326887962,0.0,1.0,0.4678039898912517,False
dispersion,0.06890472051252551,fnr_region_2,TwoStep (recall),twostep_recall,378,0.5425948658983772,0.45848574117874885,1.0,0.0,1.0,0.46454373110690567,False
dispersion,0.06890472051252551,recall_region_2,TwoStep (recall),twostep_recall,378,0.4574051341016228,0.45848574117874885,1.0,0.0,1.0,0.46454373110690567,False
data_size,3571.5952849281794,recall_region_2,λ=2,divtree_lambda2_region2,513,0.4597957476958901,0.45848343255232243,0.9616613418530351,0.0,1.0,0.4643323767479587,False
data_size,3571.5952849281794,fnr_region_2,λ=2,divtree_lambda2_region2,513,0.5402042523041098,0.4584834325523224,0.9616613418530351,0.0,1.0,0.4643323767479587,False
data_size,35714.5241825939,fnr_region_2,λ=8,divtree_lambda8_region2,513,0.5395485824525212,0.45847974705777794,0.9958932238193019,0.0,1.0,0.4607771654598311,False
data_size,35714.5241825939,recall_region_2,λ=8,divtree_lambda8_region2,513,0.4604514175474787,0.4584797470577779,0.9958932238193019,0.0,1.0,0.4607771654598311,False
noise,0.03245961994046289,fnr_region_2,λ=4,divtree_lambda4_region2,508,0.5106024769081928,0.45841376860728544,0.9721268836242212,0.0,1.0,0.45962939764688054,False
noise,0.03245961994046289,recall_region_2,λ=4,divtree_lambda4_region2,508,0.4893975230918072,0.45841376860728544,0.9721268836242212,0.0,1.0,0.45962939764688054,False
dispersion,0.264155074578139,fnr_region_2,λ=4,divtree_lambda4_region2,1025,0.5457304068021064,0.4583868044232941,0.9920508744038156,0.0,1.0,0.46444913408922456,False
dispersion,0.264155074578139,recall_region_2,λ=4,divtree_lambda4_region2,1025,0.45426959319789373,0.4583868044232941,0.9920508744038156,0.0,1.0,0.4644491340892246,False
data_size,89709.39328288496,fnr_region_2,λ=8,divtree_lambda8_region2,509,0.5201643814022232,0.4581950538117178,0.9967354400626796,0.0,1.0,0.4607771654598311,False
data_size,89709.39328288496,recall_region_2,λ=8,divtree_lambda8_region2,509,0.4798356185977768,0.4581950538117178,0.9967354400626796,0.0,1.0,0.4607771654598311,False
data_size,17899.87838123264,recall_region_2,λ=4,divtree_lambda4_region2,497,0.44801883017167393,0.4580688391753743,1.0,0.0,1.0,0.4616540934519816,False
data_size,17899.87838123264,fnr_region_2,λ=4,divtree_lambda4_region2,497,0.551981169828326,0.4580688391753742,1.0,0.0,1.0,0.46165409345198155,False
noise,0.0012928585165887505,fnr_region_2,λ=0,divtree_lambda0,506,0.5335888885928344,0.45801100443516857,0.9996328478766369,0.0,1.0,0.4678039898912517,False
noise,0.0012928585165887505,recall_region_2,λ=0,divtree_lambda0,506,0.4664111114071657,0.45801100443516857,0.9996328478766369,0.0,1.0,0.4678039898912517,False
noise,8.146810152884804,fnr_region_2,λ=0,divtree_lambda0,494,0.6209161574493681,0.4578574872650828,0.9444969270611883,0.0,1.0,0.4678039898912517,False
noise,8.146810152884804,recall_region_2,λ=0,divtree_lambda0,494,0.3790838425506319,0.4578574872650828,0.9444969270611883,0.0,1.0,0.4678039898912517,False
noise,0.00815515817940046,fnr_region_2,λ=4,divtree_lambda4_region2,533,0.5061722996530797,0.45783355278150034,0.9672131147540983,0.0,1.0,0.45962939764688054,False
noise,0.00815515817940046,recall_region_2,λ=4,divtree_lambda4_region2,533,0.49382770034692025,0.45783355278150034,0.9672131147540983,0.0,1.0,0.45962939764688054,False
noise,0.12919760763693183,fnr_region_2,λ=4,divtree_lambda4_region2,498,0.5298473319622641,0.45779884447777736,0.9746130355648677,0.0,1.0,0.45962939764688054,False
noise,0.12919760763693183,recall_region_2,λ=4,divtree_lambda4_region2,498,0.47015266803773587,0.4577988444777773,0.9746130355648677,0.0,1.0,0.45962939764688054,False
dispersion,0.13491305194743766,fnr_region_2,TwoStep (recall),twostep_recall,768,0.6197056012691058,0.4577828068822869,1.0,0.0,1.0,0.46454373110690567,False
dispersion,0.13491305194743766,recall_region_2,TwoStep (recall),twostep_recall,768,0.3802943987308942,0.4577828068822869,1.0,0.0,1.0,0.46454373110690567,False
data_size,22534.52162028631,fnr_region_2,λ=2,divtree_lambda2_region2,494,0.5142631831069342,0.45774615976049077,0.996281750110116,0.0,1.0,0.4643323767479587,False
data_size,22534.52162028631,recall_region_2,λ=2,divtree_lambda2_region2,494,0.48573681689306586,0.45774615976049077,0.996281750110116,0.0,1.0,0.4643323767479587,False
noise,0.514239595217779,fnr_region_2,λ=4,divtree_lambda4_region2,458,0.4883896287401891,0.45757848448776633,0.9687381669341315,0.0,1.0,0.45962939764688054,False
noise,0.514239595217779,recall_region_2,λ=4,divtree_lambda4_region2,458,0.5116103712598109,0.45757848448776633,0.9687381669341315,0.0,1.0,0.45962939764688054,False
data_size,44961.74220908192,fnr_region_2,λ=2,divtree_lambda2_region2,513,0.5195878143594188,0.4575754843828345,0.9963336388634281,0.0,1.0,0.4643323767479587,False
data_size,44961.74220908192,recall_region_2,λ=2,divtree_lambda2_region2,513,0.48041218564058114,0.4575754843828345,0.9963336388634281,0.0,1.0,0.4643323767479587,False
noise,0.2047504283424231,fnr_region_2,λ=4,divtree_lambda4_region2,476,0.5327140309970281,0.45757296771363076,0.9883667565107369,0.0,1.0,0.45962939764688054,False
noise,0.2047504283424231,recall_region_2,λ=4,divtree_lambda4_region2,476,0.467285969002972,0.4575729677136307,0.9883667565107369,0.0,1.0,0.45962939764688054,False
data_size,44961.74220908192,fnr_region_2,λ=4,divtree_lambda4_region2,513,0.5154190257521414,0.457571390767413,0.9919210053859964,0.0,1.0,0.46165409345198155,False
data_size,44961.74220908192,recall_region_2,λ=4,divtree_lambda4_region2,513,0.4845809742478587,0.457571390767413,0.9919210053859964,0.0,1.0,0.4616540934519816,False
data_size,2837.030326379124,fnr_region_2,λ=0,divtree_lambda0,555,0.5735357035987871,0.4574332631583385,0.9773412019660773,0.0,1.0,0.46755311465612187,False
data_size,2837.030326379124,recall_region_2,λ=0,divtree_lambda0,555,0.42646429640121286,0.4574332631583385,0.9773412019660773,0.0,1.0,0.46755311465612187,False
dispersion,0.4134239376079035,fnr_region_2,λ=0,divtree_lambda0,917,0.566903291213714,0.45741270533631917,0.9936268829663963,0.0,1.0,0.472027492752479,False
dispersion,0.4134239376079035,recall_region_2,λ=0,divtree_lambda0,917,0.43309670878628603,0.45741270533631917,0.9936268829663963,0.0,1.0,0.472027492752479,False
dispersion,0.10784142958281023,fnr_region_2,λ=2,divtree_lambda2_region2,621,0.5024238817897915,0.457341046882827,0.9771689497716894,0.0,1.0,0.46770664313895816,False
dispersion,0.10784142958281023,recall_region_2,λ=2,divtree_lambda2_region2,621,0.4975761182102086,0.457341046882827,0.9771689497716896,0.0,1.0,0.46770664313895816,False
noise,0.00815515817940046,fnr_region_2,λ=8,divtree_lambda8_region2,533,0.5077939796045978,0.457270259884774,0.962640385056154,0.0,1.0,0.4575199543635616,False
noise,0.00815515817940046,recall_region_2,λ=8,divtree_lambda8_region2,533,0.4922060203954022,0.457270259884774,0.962640385056154,0.0,1.0,0.4575199543635616,False
dispersion,0.03519200285202227,fnr_region_2,λ=8,divtree_lambda8_region2,102,0.4997908225524262,0.45725540212079013,0.9524580615097857,0.0,1.0,0.4649339863645606,False
dispersion,0.03519200285202227,recall_region_2,λ=8,divtree_lambda8_region2,102,0.5002091774475739,0.45725540212079013,0.9524580615097856,0.0,1.0,0.4649339863645606,False
data_size,56603.25340302813,fnr_region_2,TwoStep (recall),twostep_recall,513,0.5914001292398914,0.4572470443612139,1.0,0.0,1.0,0.4682167119352864,False
data_size,56603.25340302813,recall_region_2,TwoStep (recall),twostep_recall,513,0.4085998707601086,0.4572470443612139,1.0,0.0,1.0,0.46821671193528636,False
dispersion,0.08620199281382501,fnr_region_2,TwoStep (tuned),twostep_tuned,463,0.5684508830054251,0.45722728391614176,0.9995917670919621,0.0,1.0,0.45795869417439905,False
dispersion,0.08620199281382501,recall_region_2,TwoStep (tuned),twostep_tuned,463,0.43154911699457493,0.45722728391614176,0.9995917670919621,0.0,1.0,0.45795869417439905,False
data_size,11294.15008639454,recall_region_2,TwoStep (recall),twostep_recall,495,0.3928339935008362,0.4570509830692809,1.0,0.0,1.0,0.46821671193528636,False
data_size,11294.15008639454,fnr_region_2,TwoStep (recall),twostep_recall,495,0.6071660064991639,0.4570509830692808,1.0,0.0,1.0,0.4682167119352864,False
noise,0.0051459082904443,fnr_region_2,λ=0,divtree_lambda0,475,0.550615659037343,0.45698121330399566,1.0,0.0,1.0,0.4678039898912517,False
noise,0.0051459082904443,recall_region_2,λ=0,divtree_lambda0,475,0.4493843409626571,0.45698121330399566,1.0,0.0,1.0,0.4678039898912517,False
noise,0.2047504283424231,recall_region_2,λ=2,divtree_lambda2_region2,476,0.4644225566188747,0.4568583042898235,0.998333805180728,0.0,1.0,0.4617353153248416,False
noise,0.2047504283424231,fnr_region_2,λ=2,divtree_lambda2_region2,476,0.5355774433811253,0.4568583042898234,0.998333805180728,0.0,1.0,0.4617353153248416,False
noise,0.12919760763693183,fnr_region_2,λ=8,divtree_lambda8_region2,498,0.5211298691378283,0.45685673288112194,0.9639313151637096,0.0,1.0,0.4575199543635616,False
noise,0.12919760763693183,recall_region_2,λ=8,divtree_lambda8_region2,498,0.4788701308621718,0.4568567328811219,0.9639313151637096,0.0,1.0,0.4575199543635616,False
data_size,22534.52162028631,fnr_region_2,λ=8,divtree_lambda8_region2,494,0.4997899267551336,0.4567987432898488,0.98711583591407,0.0,1.0,0.4607771654598311,False
data_size,22534.52162028631,recall_region_2,λ=8,divtree_lambda8_region2,494,0.5002100732448664,0.45679874328984876,0.98711583591407,0.0,1.0,0.4607771654598311,False
dispersion,0.03519200285202227,fnr_region_2,λ=4,divtree_lambda4_region2,102,0.4929984260750971,0.45677813876204226,0.9698829927488464,0.0,1.0,0.46444913408922456,False
dispersion,0.03519200285202227,recall_region_2,λ=4,divtree_lambda4_region2,102,0.5070015739249029,0.45677813876204226,0.9698829927488464,0.0,1.0,0.4644491340892246,False
noise,0.002048902761431835,fnr_region_2,TwoStep (tuned),twostep_tuned,520,0.6105264978193832,0.45674912950065033,0.9996471862959184,0.0,1.0,0.46519416601509667,False
noise,0.002048902761431835,recall_region_2,TwoStep (tuned),twostep_tuned,520,0.38947350218061677,0.45674912950065033,0.9996471862959184,0.0,1.0,0.46519416601509667,False
noise,5.140640682151394,recall_region_2,λ=2,divtree_lambda2_region2,454,0.40550280043473236,0.45674214316396483,0.9997270742358079,0.0,1.0,0.4617353153248416,False
noise,5.140640682151394,fnr_region_2,λ=2,divtree_lambda2_region2,454,0.5944971995652676,0.4567421431639648,0.9997270742358079,0.0,1.0,0.4617353153248416,False
noise,0.0032470703266739244,recall_region_2,λ=8,divtree_lambda8_region2,516,0.49261357978157366,0.4566802418969846,0.9716269841269841,0.0,1.0,0.4575199543635616,False
noise,0.0032470703266739244,fnr_region_2,λ=8,divtree_lambda8_region2,516,0.5073864202184263,0.45668024189698453,0.9716269841269841,0.0,1.0,0.4575199543635616,False
noise,2.046805402410199,fnr_region_2,TwoStep (tuned),twostep_tuned,507,0.5794325310651715,0.45664203667388714,0.9980695638622129,0.0,1.0,0.46519416601509667,False
noise,2.046805402410199,recall_region_2,TwoStep (tuned),twostep_tuned,507,0.4205674689348287,0.45664203667388714,0.9980695638622129,0.0,1.0,0.46519416601509667,False
data_size,89709.39328288496,fnr_region_2,TwoStep (tuned),twostep_tuned,509,0.5759770253342109,0.4566386731054163,0.9999567548866978,0.0,1.0,0.45724077172614974,False
data_size,89709.39328288496,recall_region_2,TwoStep (tuned),twostep_tuned,509,0.4240229746657891,0.4566386731054163,0.9999567548866978,0.0,1.0,0.45724077172614974,False
data_size,5660.551766902119,fnr_region_2,λ=2,divtree_lambda2_region2,477,0.5233045257436246,0.4565885978663189,0.9795158286778398,0.0,1.0,0.4643323767479587,False
data_size,5660.551766902119,recall_region_2,λ=2,divtree_lambda2_region2,477,0.4766954742563754,0.4565885978663189,0.9795158286778398,0.0,1.0,0.4643323767479587,False
data_size,1790.0594419330469,fnr_region_2,TwoStep (recall),twostep_recall,499,0.6072844255579335,0.45656301864649884,1.0,0.0,1.0,0.4682167119352864,False
data_size,1790.0594419330469,recall_region_2,TwoStep (recall),twostep_recall,499,0.39271557444206645,0.45656301864649884,1.0,0.0,1.0,0.46821671193528636,False
dispersion,0.21114977730367337,fnr_region_2,λ=4,divtree_lambda4_region2,1011,0.5591399679242026,0.45656275180098066,0.9941747353180708,0.0,1.0,0.46444913408922456,False
dispersion,0.21114977730367337,recall_region_2,λ=4,divtree_lambda4_region2,1011,0.4408600320757973,0.45656275180098066,0.9941747353180708,0.0,1.0,0.4644491340892246,False
data_size,11294.15008639454,fnr_region_2,λ=2,divtree_lambda2_region2,495,0.5497134794848365,0.45656254735797597,0.9962095057424853,0.0,1.0,0.4643323767479587,False
data_size,11294.15008639454,recall_region_2,λ=2,divtree_lambda2_region2,495,0.45028652051516355,0.45656254735797586,0.9962095057424853,0.0,1.0,0.4643323767479587,False
noise,0.08152374553859773,fnr_region_2,λ=4,divtree_lambda4_region2,507,0.5145693841221832,0.4564504899640084,0.9792920097107873,0.0,1.0,0.45962939764688054,False
noise,0.08152374553859773,recall_region_2,λ=4,divtree_lambda4_region2,507,0.4854306158778167,0.45645048996400833,0.9792920097107874,0.0,1.0,0.45962939764688054,False
dispersion,0.03519200285202227,fnr_region_2,TwoStep (recall),twostep_recall,102,0.49697998484102834,0.45633156654454066,0.9998451692815855,0.0,1.0,0.46454373110690567,False
dispersion,0.03519200285202227,recall_region_2,TwoStep (recall),twostep_recall,102,0.5030200151589717,0.45633156654454066,0.9998451692815855,0.0,1.0,0.46454373110690567,False
noise,0.05144151821540545,fnr_region_2,TwoStep (recall),twostep_recall,502,0.64624224450922,0.4563179679899836,1.0,0.0,1.0,0.4717900250831958,False
noise,0.05144151821540545,recall_region_2,TwoStep (recall),twostep_recall,502,0.3537577554907801,0.4563179679899836,1.0,0.0,1.0,0.4717900250831959,False
noise,0.32448540397292847,fnr_region_2,λ=2,divtree_lambda2_region2,536,0.5306016306137483,0.4561650924592929,0.9846960581844303,0.0,1.0,0.4617353153248416,False
noise,0.32448540397292847,recall_region_2,λ=2,divtree_lambda2_region2,536,0.4693983693862518,0.4561650924592929,0.9846960581844303,0.0,1.0,0.4617353153248416,False
dispersion,0.264155074578139,recall_region_2,λ=8,divtree_lambda8_region2,1025,0.45810141922209313,0.45615103386942785,0.9712230215827338,0.0,1.0,0.4649339863645606,False
dispersion,0.264155074578139,fnr_region_2,λ=8,divtree_lambda8_region2,1025,0.5418985807779068,0.4561510338694278,0.9712230215827338,0.0,1.0,0.4649339863645606,False
dispersion,0.330466384177277,fnr_region_2,λ=4,divtree_lambda4_region2,1021,0.5509751762468396,0.4561269100279751,0.9882260596546311,0.0,1.0,0.46444913408922456,False
dispersion,0.330466384177277,recall_region_2,λ=4,divtree_lambda4_region2,1021,0.4490248237531604,0.4561269100279751,0.9882260596546311,0.0,1.0,0.4644491340892246,False
data_size,7126.183958196354,fnr_region_2,λ=4,divtree_lambda4_region2,503,0.5180465515835352,0.45606943986126086,0.9592128643621378,0.0,1.0,0.46165409345198155,False
data_size,7126.183958196354,recall_region_2,λ=4,divtree_lambda4_region2,503,0.48195344841646476,0.45606943986126086,0.9592128643621378,0.0,1.0,0.4616540934519816,False
noise,0.03245961994046289,fnr_region_2,λ=8,divtree_lambda8_region2,508,0.5053110691082978,0.4559817778356079,0.9644148079176431,0.0,1.0,0.4575199543635616,False
noise,0.03245961994046289,recall_region_2,λ=8,divtree_lambda8_region2,508,0.49468893089170224,0.4559817778356079,0.9644148079176431,0.0,1.0,0.4575199543635616,False
noise,0.05144151821540545,fnr_region_2,λ=0,divtree_lambda0,502,0.5638584406146948,0.4559640531854301,0.9966155217179934,0.0,1.0,0.4678039898912517,False
noise,0.05144151821540545,recall_region_2,λ=0,divtree_lambda0,502,0.43614155938530524,0.4559640531854301,0.9966155217179935,0.0,1.0,0.4678039898912517,False
data_size,5660.551766902119,fnr_region_2,λ=4,divtree_lambda4_region2,477,0.5159706757786837,0.4558725989752294,0.9559748427672956,0.0,1.0,0.46165409345198155,False
data_size,5660.551766902119,recall_region_2,λ=4,divtree_lambda4_region2,477,0.4840293242213163,0.4558725989752294,0.9559748427672956,0.0,1.0,0.4616540934519816,False
data_size,22534.52162028631,fnr_region_2,λ=4,divtree_lambda4_region2,494,0.5088486355478012,0.45584914735705273,0.9889059157111246,0.0,1.0,0.46165409345198155,False
data_size,22534.52162028631,recall_region_2,λ=4,divtree_lambda4_region2,494,0.49115136445219865,0.45584914735705273,0.9889059157111247,0.0,1.0,0.4616540934519816,False
data_size,2253.5423055237598,fnr_region_2,TwoStep (recall),twostep_recall,502,0.5881490713254595,0.45574346306826463,1.0,0.0,1.0,0.4682167119352864,False
data_size,2253.5423055237598,recall_region_2,TwoStep (recall),twostep_recall,502,0.41185092867454054,0.45574346306826463,1.0,0.0,1.0,0.46821671193528636,False
data_size,17899.87838123264,fnr_region_2,λ=8,divtree_lambda8_region2,497,0.5513246509009366,0.45559099169812634,0.9957035445757251,0.0,1.0,0.4607771654598311,False
data_size,17899.87838123264,recall_region_2,λ=8,divtree_lambda8_region2,497,0.44867534909906354,0.45559099169812634,0.9957035445757251,0.0,1.0,0.4607771654598311,False
noise,0.514239595217779,fnr_region_2,λ=8,divtree_lambda8_region2,458,0.4886053045038778,0.45554381113481407,0.9630876446964328,0.0,1.0,0.4575199543635616,False
noise,0.514239595217779,recall_region_2,λ=8,divtree_lambda8_region2,458,0.5113946954961223,0.45554381113481407,0.9630876446964328,0.0,1.0,0.4575199543635616,False
data_size,2253.5423055237598,fnr_region_2,λ=4,divtree_lambda4_region2,502,0.5439138417419482,0.4554860256691452,0.9534877457581471,0.0,1.0,0.46165409345198155,False
data_size,2253.5423055237598,recall_region_2,λ=4,divtree_lambda4_region2,502,0.4560861582580517,0.4554860256691452,0.9534877457581471,0.0,1.0,0.4616540934519816,False
noise,0.020482034030709487,fnr_region_2,λ=2,divtree_lambda2_region2,511,0.5485601434803388,0.45542605282750215,0.9974269621945784,0.0,1.0,0.4617353153248416,False
noise,0.020482034030709487,recall_region_2,λ=2,divtree_lambda2_region2,511,0.4514398565196613,0.4554260528275021,0.9974269621945784,0.0,1.0,0.4617353153248416,False
dispersion,0.13491305194743766,fnr_region_2,λ=2,divtree_lambda2_region2,768,0.5634971076552463,0.45536918061464793,0.9972337201508302,0.0,1.0,0.46770664313895816,False
dispersion,0.13491305194743766,recall_region_2,λ=2,divtree_lambda2_region2,768,0.43650289234475365,0.45536918061464793,0.9972337201508302,0.0,1.0,0.46770664313895816,False
data_size,3571.5952849281794,recall_region_2,λ=4,divtree_lambda4_region2,513,0.4698879949116029,0.4553525998216458,0.9523809523809523,0.0,1.0,0.4616540934519816,False
data_size,3571.5952849281794,fnr_region_2,λ=4,divtree_lambda4_region2,513,0.5301120050883972,0.4553525998216457,0.9523809523809523,0.0,1.0,0.46165409345198155,False
noise,0.0012928585165887505,fnr_region_2,λ=2,divtree_lambda2_region2,506,0.5238281464756773,0.4553263114049815,0.9933475609888076,0.0,1.0,0.4617353153248416,False
noise,0.0012928585165887505,recall_region_2,λ=2,divtree_lambda2_region2,506,0.47617185352432273,0.4553263114049815,0.9933475609888076,0.0,1.0,0.4617353153248416,False
noise,0.012924172211646637,fnr_region_2,λ=4,divtree_lambda4_region2,494,0.5080195184791593,0.455319518241477,0.9747983870967742,0.0,1.0,0.45962939764688054,False
noise,0.012924172211646637,recall_region_2,λ=4,divtree_lambda4_region2,494,0.49198048152084073,0.455319518241477,0.9747983870967742,0.0,1.0,0.45962939764688054,False
noise,1.2915350821512999,fnr_region_2,λ=8,divtree_lambda8_region2,493,0.5643788370305227,0.4550800215453869,0.9708775462783673,0.0,1.0,0.4575199543635616,False
noise,1.2915350821512999,recall_region_2,λ=8,divtree_lambda8_region2,493,0.43562116296947734,0.4550800215453869,0.9708775462783673,0.0,1.0,0.4575199543635616,False
dispersion,0.4134239376079035,fnr_region_2,TwoStep (recall),twostep_recall,917,0.6290514217471799,0.45495003935912554,1.0,0.0,1.0,0.46454373110690567,False
dispersion,0.4134239376079035,recall_region_2,TwoStep (recall),twostep_recall,917,0.3709485782528201,0.45495003935912554,1.0,0.0,1.0,0.46454373110690567,False
data_size,44961.74220908192,fnr_region_2,λ=8,divtree_lambda8_region2,513,0.5153919059980556,0.45483999891216603,0.9898477157360406,0.0,1.0,0.4607771654598311,False
data_size,44961.74220908192,recall_region_2,λ=8,divtree_lambda8_region2,513,0.4846080940019445,0.45483999891216603,0.9898477157360406,0.0,1.0,0.4607771654598311,False
data_size,1421.9004443801273,recall_region_2,λ=0,divtree_lambda0,524,0.4105966717749094,0.45478205335689753,0.9494059350188637,0.0,1.0,0.46755311465612187,False
data_size,1421.9004443801273,fnr_region_2,λ=0,divtree_lambda0,524,0.5894033282250907,0.4547820533568975,0.9494059350188637,0.0,1.0,0.46755311465612187,False
data_size,8971.298187393322,fnr_region_2,λ=4,divtree_lambda4_region2,522,0.546751019404772,0.45470792205613897,0.9878226768876799,0.0,1.0,0.46165409345198155,False
data_size,8971.298187393322,recall_region_2,λ=4,divtree_lambda4_region2,522,0.45324898059522795,0.45470792205613897,0.98782267688768,0.0,1.0,0.4616540934519816,False
dispersion,0.21114977730367337,fnr_region_2,TwoStep (recall),twostep_recall,1011,0.6336344627691987,0.45466302692279975,1.0,0.0,1.0,0.46454373110690567,False
dispersion,0.21114977730367337,recall_region_2,TwoStep (recall),twostep_recall,1011,0.36636553723080145,0.45466302692279975,1.0,0.0,1.0,0.46454373110690567,False
data_size,5660.551766902119,fnr_region_2,TwoStep (tuned),twostep_tuned,477,0.5908141064974782,0.4546618209318271,1.0,0.0,1.0,0.45724077172614974,False
data_size,5660.551766902119,recall_region_2,TwoStep (tuned),twostep_tuned,477,0.40918589350252177,0.4546618209318271,1.0,0.0,1.0,0.45724077172614974,False
data_size,3571.5952849281794,recall_region_2,λ=8,divtree_lambda8_region2,513,0.46974473033795433,0.45449737864944423,0.9457013574660633,0.0,1.0,0.4607771654598311,False
data_size,3571.5952849281794,fnr_region_2,λ=8,divtree_lambda8_region2,513,0.5302552696620456,0.4544973786494442,0.9457013574660633,0.0,1.0,0.4607771654598311,False
noise,0.08152374553859773,fnr_region_2,λ=8,divtree_lambda8_region2,507,0.5144900874218366,0.4544604362632076,0.9720156555772994,0.0,1.0,0.4575199543635616,False
noise,0.08152374553859773,recall_region_2,λ=8,divtree_lambda8_region2,507,0.48550991257816334,0.45446043626320753,0.9720156555772994,0.0,1.0,0.4575199543635616,False
noise,0.012924172211646637,fnr_region_2,λ=8,divtree_lambda8_region2,494,0.5058114555927272,0.454366850160916,0.9669485602460163,0.0,1.0,0.4575199543635616,False
noise,0.012924172211646637,recall_region_2,λ=8,divtree_lambda8_region2,494,0.4941885444072728,0.454366850160916,0.9669485602460162,0.0,1.0,0.4575199543635616,False
dispersion,0.5172064705241997,fnr_region_2,λ=2,divtree_lambda2_region2,902,0.5522333454751475,0.4542119435023987,0.991959952364139,0.0,1.0,0.46770664313895816,False
dispersion,0.5172064705241997,recall_region_2,λ=2,divtree_lambda2_region2,902,0.44776665452485254,0.4542119435023987,0.991959952364139,0.0,1.0,0.46770664313895816,False
dispersion,0.6470417138878943,fnr_region_2,λ=2,divtree_lambda2_region2,768,0.557563862843066,0.4542010329768752,0.9907566275625718,0.0,1.0,0.46770664313895816,False
dispersion,0.6470417138878943,recall_region_2,λ=2,divtree_lambda2_region2,768,0.44243613715693403,0.4542010329768752,0.9907566275625718,0.0,1.0,0.46770664313895816,False
data_size,22534.52162028631,fnr_region_2,TwoStep (tuned),twostep_tuned,494,0.5857297790455546,0.45417550735077405,0.997348458762699,0.0,1.0,0.45724077172614974,False
data_size,22534.52162028631,recall_region_2,TwoStep (tuned),twostep_tuned,494,0.4142702209544453,0.45417550735077405,0.997348458762699,0.0,1.0,0.45724077172614974,False
noise,0.020482034030709487,fnr_region_2,TwoStep (recall),twostep_recall,511,0.6187543446362511,0.454174689665368,1.0,0.0,1.0,0.4717900250831958,False
noise,0.020482034030709487,recall_region_2,TwoStep (recall),twostep_recall,511,0.3812456553637489,0.454174689665368,1.0,0.0,1.0,0.4717900250831959,False
dispersion,0.10784142958281023,fnr_region_2,λ=4,divtree_lambda4_region2,621,0.48904809784312603,0.45414231885325884,0.952054794520548,0.0,1.0,0.46444913408922456,False
dispersion,0.10784142958281023,recall_region_2,λ=4,divtree_lambda4_region2,621,0.510951902156874,0.45414231885325884,0.952054794520548,0.0,1.0,0.4644491340892246,False
dispersion,0.05507831494294404,fnr_region_2,TwoStep (recall),twostep_recall,255,0.5752435878164366,0.45405884116527967,1.0,0.0,1.0,0.46454373110690567,False
dispersion,0.05507831494294404,recall_region_2,TwoStep (recall),twostep_recall,255,0.42475641218356336,0.45405884116527967,1.0,0.0,1.0,0.46454373110690567,False
dispersion,0.10784142958281023,fnr_region_2,λ=8,divtree_lambda8_region2,621,0.48419316379863897,0.4540370108916699,0.9451687116564417,0.0,1.0,0.4649339863645606,False
dispersion,0.10784142958281023,recall_region_2,λ=8,divtree_lambda8_region2,621,0.515806836201361,0.4540370108916699,0.9451687116564417,0.0,1.0,0.4649339863645606,False
noise,0.020482034030709487,recall_region_2,λ=4,divtree_lambda4_region2,511,0.4559235233294457,0.4539659527287571,0.9896098349780247,0.0,1.0,0.45962939764688054,False
noise,0.020482034030709487,fnr_region_2,λ=4,divtree_lambda4_region2,511,0.5440764766705544,0.45396595272875706,0.9896098349780247,0.0,1.0,0.45962939764688054,False
noise,0.32448540397292847,fnr_region_2,λ=4,divtree_lambda4_region2,536,0.5238302398228725,0.45382653428210973,0.967760474601409,0.0,1.0,0.45962939764688054,False
noise,0.32448540397292847,recall_region_2,λ=4,divtree_lambda4_region2,536,0.4761697601771275,0.4538265342821097,0.967760474601409,0.0,1.0,0.45962939764688054,False
noise,0.2047504283424231,fnr_region_2,λ=8,divtree_lambda8_region2,476,0.5339349575858535,0.4538060523060066,0.9749031225429631,0.0,1.0,0.4575199543635616,False
noise,0.2047504283424231,recall_region_2,λ=8,divtree_lambda8_region2,476,0.4660650424141466,0.4538060523060066,0.9749031225429631,0.0,1.0,0.4575199543635616,False
dispersion,0.13491305194743766,fnr_region_2,λ=4,divtree_lambda4_region2,768,0.5562564154798003,0.453789490836711,0.9873385152398431,0.0,1.0,0.46444913408922456,False
dispersion,0.13491305194743766,recall_region_2,λ=4,divtree_lambda4_region2,768,0.44374358452019974,0.453789490836711,0.9873385152398431,0.0,1.0,0.4644491340892246,False
dispersion,0.330466384177277,fnr_region_2,λ=8,divtree_lambda8_region2,1021,0.5504136684731082,0.4535730652310795,0.9742304939155333,0.0,1.0,0.4649339863645606,False
dispersion,0.330466384177277,recall_region_2,λ=8,divtree_lambda8_region2,1021,0.4495863315268918,0.4535730652310795,0.9742304939155333,0.0,1.0,0.4649339863645606,False
dispersion,0.03519200285202227,fnr_region_2,TwoStep (tuned),twostep_tuned,102,0.5030452430657117,0.45334601284933174,1.0,0.0,1.0,0.45795869417439905,False
dispersion,0.03519200285202227,recall_region_2,TwoStep (tuned),twostep_tuned,102,0.4969547569342883,0.45334601284933174,1.0,0.0,1.0,0.45795869417439905,False
noise,0.002048902761431835,fnr_region_2,λ=4,divtree_lambda4_region2,520,0.5406722341160556,0.4533340961515409,0.9888222592531744,0.0,1.0,0.45962939764688054,False
noise,0.002048902761431835,recall_region_2,λ=4,divtree_lambda4_region2,520,0.45932776588394436,0.4533340961515409,0.9888222592531744,0.0,1.0,0.45962939764688054,False
data_size,14218.435672247866,fnr_region_2,TwoStep (tuned),twostep_tuned,445,0.6079117630290067,0.45332067527893377,0.996781979082864,0.0,1.0,0.45724077172614974,False
data_size,14218.435672247866,recall_region_2,TwoStep (tuned),twostep_tuned,445,0.3920882369709934,0.4533206752789337,0.996781979082864,0.0,1.0,0.45724077172614974,False
data_size,28369.168428963523,fnr_region_2,TwoStep (tuned),twostep_tuned,492,0.607312142674885,0.45322874366802723,0.999009943806042,0.0,1.0,0.45724077172614974,False
data_size,28369.168428963523,recall_region_2,TwoStep (tuned),twostep_tuned,492,0.3926878573251149,0.45322874366802723,0.999009943806042,0.0,1.0,0.45724077172614974,False
data_size,7126.183958196354,fnr_region_2,λ=8,divtree_lambda8_region2,503,0.5194103305481994,0.45322612896233405,0.9549741450229169,0.0,1.0,0.4607771654598311,False
data_size,7126.183958196354,recall_region_2,λ=8,divtree_lambda8_region2,503,0.4805896694518006,0.45322612896233405,0.9549741450229169,0.0,1.0,0.4607771654598311,False
data_size,11294.15008639454,fnr_region_2,λ=4,divtree_lambda4_region2,495,0.5437991141987978,0.45318816692595854,0.9890756503015157,0.0,1.0,0.46165409345198155,False
data_size,11294.15008639454,recall_region_2,λ=4,divtree_lambda4_region2,495,0.4562008858012023,0.4531881669259585,0.9890756503015157,0.0,1.0,0.4616540934519816,False
data_size,2837.030326379124,recall_region_2,TwoStep (recall),twostep_recall,555,0.38365526810880435,0.4531763085127866,1.0,0.0,1.0,0.46821671193528636,False
data_size,2837.030326379124,fnr_region_2,TwoStep (recall),twostep_recall,555,0.6163447318911958,0.45317630851278656,1.0,0.0,1.0,0.4682167119352864,False
noise,0.020482034030709487,fnr_region_2,λ=8,divtree_lambda8_region2,511,0.5425079963113317,0.4530352684936977,0.9801960784313726,0.0,1.0,0.4575199543635616,False
noise,0.020482034030709487,recall_region_2,λ=8,divtree_lambda8_region2,511,0.4574920036886681,0.4530352684936977,0.9801960784313726,0.0,1.0,0.4575199543635616,False
dispersion,0.5172064705241997,fnr_region_2,λ=4,divtree_lambda4_region2,902,0.5440151166625398,0.4530147381681733,0.9737781954887218,0.0,1.0,0.46444913408922456,False
dispersion,0.5172064705241997,recall_region_2,λ=4,divtree_lambda4_region2,902,0.4559848833374602,0.4530147381681733,0.9737781954887218,0.0,1.0,0.4644491340892246,False
noise,0.0051459082904443,recall_region_2,λ=2,divtree_lambda2_region2,475,0.46462285873906956,0.452964512695376,0.9930127776493053,0.0,1.0,0.4617353153248416,False
noise,0.0051459082904443,fnr_region_2,λ=2,divtree_lambda2_region2,475,0.5353771412609304,0.4529645126953759,0.9930127776493054,0.0,1.0,0.4617353153248416,False
dispersion,0.8094697250919155,recall_region_2,TwoStep (recall),twostep_recall,604,0.5376851483194515,0.45292254610300653,0.9968183717745808,0.0,1.0,0.46454373110690567,False
dispersion,0.8094697250919155,fnr_region_2,TwoStep (recall),twostep_recall,604,0.4623148516805485,0.4529225461030065,0.9968183717745808,0.0,1.0,0.46454373110690567,False
data_size,5660.551766902119,fnr_region_2,λ=8,divtree_lambda8_region2,477,0.5256648149444021,0.45280157862847736,0.9518716577540107,0.0,1.0,0.4607771654598311,False
data_size,5660.551766902119,recall_region_2,λ=8,divtree_lambda8_region2,477,0.47433518505559796,0.45280157862847736,0.9518716577540107,0.0,1.0,0.4607771654598311,False
noise,0.0012928585165887505,fnr_region_2,λ=4,divtree_lambda4_region2,506,0.5198482463511437,0.4527854360905718,0.9822693122523442,0.0,1.0,0.45962939764688054,False
noise,0.0012928585165887505,recall_region_2,λ=4,divtree_lambda4_region2,506,0.4801517536488563,0.4527854360905718,0.9822693122523442,0.0,1.0,0.45962939764688054,False
noise,3.2437464635937765,fnr_region_2,λ=2,divtree_lambda2_region2,504,0.5874973860089484,0.4527499391497161,0.9962510409970196,0.0,1.0,0.4617353153248416,False
noise,3.2437464635937765,recall_region_2,λ=2,divtree_lambda2_region2,504,0.4125026139910517,0.4527499391497161,0.9962510409970194,0.0,1.0,0.4617353153248416,False
dispersion,0.21114977730367337,fnr_region_2,λ=8,divtree_lambda8_region2,1011,0.5586366621609326,0.45266358751516006,0.9880651063923038,0.0,1.0,0.4649339863645606,False
dispersion,0.21114977730367337,recall_region_2,λ=8,divtree_lambda8_region2,1011,0.44136333783906745,0.45266358751516006,0.9880651063923038,0.0,1.0,0.4649339863645606,False
data_size,11294.15008639454,fnr_region_2,λ=8,divtree_lambda8_region2,495,0.541275504018795,0.45261883919707496,0.9878843848619028,0.0,1.0,0.4607771654598311,False
data_size,11294.15008639454,recall_region_2,λ=8,divtree_lambda8_region2,495,0.45872449598120507,0.45261883919707496,0.9878843848619028,0.0,1.0,0.4607771654598311,False
data_size,7126.183958196354,fnr_region_2,TwoStep (tuned),twostep_tuned,503,0.5983743860912367,0.4525860999404438,0.9993844992781701,0.0,1.0,0.45724077172614974,False
data_size,7126.183958196354,recall_region_2,TwoStep (tuned),twostep_tuned,503,0.4016256139087633,0.4525860999404438,0.9993844992781701,0.0,1.0,0.45724077172614974,False
noise,0.002048902761431835,fnr_region_2,λ=2,divtree_lambda2_region2,520,0.5517877877466756,0.452580437665871,0.9947780622017901,0.0,1.0,0.4617353153248416,False
noise,0.002048902761431835,recall_region_2,λ=2,divtree_lambda2_region2,520,0.44821221225332447,0.45258043766587097,0.9947780622017901,0.0,1.0,0.4617353153248416,False
dispersion,0.5172064705241997,recall_region_2,TwoStep (tuned),twostep_tuned,902,0.3903250996150879,0.45247635352565363,0.9981131782326332,0.0,1.0,0.45795869417439905,False
dispersion,0.5172064705241997,fnr_region_2,TwoStep (tuned),twostep_tuned,902,0.609674900384912,0.4524763535256535,0.9981131782326333,0.0,1.0,0.45795869417439905,False
dispersion,0.13491305194743766,fnr_region_2,λ=8,divtree_lambda8_region2,768,0.5491495464418559,0.45246476097282967,0.972676987043843,0.0,1.0,0.4649339863645606,False
dispersion,0.13491305194743766,recall_region_2,λ=8,divtree_lambda8_region2,768,0.4508504535581441,0.45246476097282967,0.9726769870438431,0.0,1.0,0.4649339863645606,False
dispersion,0.4134239376079035,fnr_region_2,λ=2,divtree_lambda2_region2,917,0.562351853158658,0.4523634276820747,0.9945205479452055,0.0,1.0,0.46770664313895816,False
dispersion,0.4134239376079035,recall_region_2,λ=2,divtree_lambda2_region2,917,0.437648146841342,0.4523634276820747,0.9945205479452055,0.0,1.0,0.46770664313895816,False
data_size,2253.5423055237598,fnr_region_2,λ=8,divtree_lambda8_region2,502,0.5411090162708733,0.45232911987240837,0.9492593590088877,0.0,1.0,0.4607771654598311,False
data_size,2253.5423055237598,recall_region_2,λ=8,divtree_lambda8_region2,502,0.4588909837291268,0.4523291198724083,0.9492593590088877,0.0,1.0,0.4607771654598311,False
noise,0.0012928585165887505,fnr_region_2,TwoStep (tuned),twostep_tuned,506,0.6070911734547796,0.4523170365536489,0.9947538291166907,0.0,1.0,0.46519416601509667,False
noise,0.0012928585165887505,recall_region_2,TwoStep (tuned),twostep_tuned,506,0.3929088265452205,0.4523170365536489,0.9947538291166907,0.0,1.0,0.46519416601509667,False
data_size,35714.5241825939,fnr_region_2,TwoStep (tuned),twostep_tuned,513,0.6101373009689972,0.4522547808902609,0.99684858902736,0.0,1.0,0.45724077172614974,False
data_size,35714.5241825939,recall_region_2,TwoStep (tuned),twostep_tuned,513,0.38986269903100274,0.4522547808902609,0.99684858902736,0.0,1.0,0.45724077172614974,False
sparsity,4.0,fnr_region_2,TwoStep (recall),twostep_recall,1647,0.6365685279299129,0.4522368096371554,1.0,0.0,1.0,0.468609799522099,False
sparsity,4.0,recall_region_2,TwoStep (recall),twostep_recall,1647,0.3634314720700872,0.4522368096371554,1.0,0.0,1.0,0.468609799522099,False
dispersion,0.6470417138878943,fnr_region_2,λ=4,divtree_lambda4_region2,768,0.5516458429345178,0.45207929725244494,0.9750928878065925,0.0,1.0,0.46444913408922456,False
dispersion,0.6470417138878943,recall_region_2,λ=4,divtree_lambda4_region2,768,0.44835415706548226,0.45207929725244494,0.9750928878065925,0.0,1.0,0.4644491340892246,False
data_size,1421.9004443801273,fnr_region_2,TwoStep (tuned),twostep_tuned,524,0.6038629153048054,0.4520501425856108,1.0,0.0,1.0,0.45724077172614974,False
data_size,1421.9004443801273,recall_region_2,TwoStep (tuned),twostep_tuned,524,0.39613708469519454,0.4520501425856108,1.0,0.0,1.0,0.45724077172614974,False
dispersion,0.6470417138878943,fnr_region_2,TwoStep (tuned),twostep_tuned,768,0.5696922679218991,0.45178865201409757,1.0,0.0,1.0,0.45795869417439905,False
dispersion,0.6470417138878943,recall_region_2,TwoStep (tuned),twostep_tuned,768,0.43030773207810097,0.45178865201409757,1.0,0.0,1.0,0.45795869417439905,False
data_size,8971.298187393322,fnr_region_2,λ=8,divtree_lambda8_region2,522,0.5506754702271999,0.45160875020256586,0.9784986807874684,0.0,1.0,0.4607771654598311,False
data_size,8971.298187393322,recall_region_2,λ=8,divtree_lambda8_region2,522,0.4493245297728001,0.45160875020256586,0.9784986807874684,0.0,1.0,0.4607771654598311,False
data_size,17899.87838123264,fnr_region_2,TwoStep (tuned),twostep_tuned,497,0.6153714572615283,0.45159074530137816,0.9913858626805169,0.0,1.0,0.45724077172614974,False
data_size,17899.87838123264,recall_region_2,TwoStep (tuned),twostep_tuned,497,0.3846285427384717,0.45159074530137816,0.9913858626805169,0.0,1.0,0.45724077172614974,False
data_size,1790.0594419330469,fnr_region_2,λ=2,divtree_lambda2_region2,499,0.5764284688931578,0.4515709291301284,0.9797959183673469,0.0,1.0,0.4643323767479587,False
data_size,1790.0594419330469,recall_region_2,λ=2,divtree_lambda2_region2,499,0.4235715311068422,0.4515709291301284,0.9797959183673469,0.0,1.0,0.4643323767479587,False
noise,0.05144151821540545,fnr_region_2,λ=2,divtree_lambda2_region2,502,0.5634397195430854,0.4515683980560835,1.0,0.0,1.0,0.4617353153248416,False
noise,0.05144151821540545,recall_region_2,λ=2,divtree_lambda2_region2,502,0.4365602804569146,0.4515683980560835,1.0,0.0,1.0,0.4617353153248416,False
noise,3.2437464635937765,fnr_region_2,λ=4,divtree_lambda4_region2,504,0.5837020804963035,0.4515323564913619,0.9795127074051987,0.0,1.0,0.45962939764688054,False
noise,3.2437464635937765,recall_region_2,λ=4,divtree_lambda4_region2,504,0.41629791950369655,0.4515323564913619,0.9795127074051987,0.0,1.0,0.45962939764688054,False
noise,0.32448540397292847,fnr_region_2,λ=8,divtree_lambda8_region2,536,0.5206433826098026,0.4510397956318424,0.958135627541443,0.0,1.0,0.4575199543635616,False
noise,0.32448540397292847,recall_region_2,λ=8,divtree_lambda8_region2,536,0.4793566173901974,0.4510397956318424,0.958135627541443,0.0,1.0,0.4575199543635616,False
sparsity,2.0,fnr_region_2,TwoStep (recall),twostep_recall,1669,0.5621761144855852,0.45094339194083055,1.0,0.0,1.0,0.468609799522099,False
sparsity,2.0,recall_region_2,TwoStep (recall),twostep_recall,1669,0.4378238855144148,0.45094339194083055,1.0,0.0,1.0,0.468609799522099,False
dispersion,0.1687805109426452,fnr_region_2,TwoStep (tuned),twostep_tuned,880,0.6281249295731833,0.4508768873251492,0.9943227509106151,0.0,1.0,0.45795869417439905,False
dispersion,0.1687805109426452,recall_region_2,TwoStep (tuned),twostep_tuned,880,0.3718750704268166,0.4508768873251492,0.9943227509106151,0.0,1.0,0.45795869417439905,False
noise,0.002048902761431835,fnr_region_2,λ=8,divtree_lambda8_region2,520,0.5421400681710543,0.4508318509216362,0.971710481217439,0.0,1.0,0.4575199543635616,False
noise,0.002048902761431835,recall_region_2,λ=8,divtree_lambda8_region2,520,0.45785993182894574,0.4508318509216362,0.971710481217439,0.0,1.0,0.4575199543635616,False
sparsity,6.0,fnr_region_2,TwoStep (recall),twostep_recall,1633,0.6506258937038735,0.4507282414154416,1.0,0.0,1.0,0.468609799522099,False
sparsity,6.0,recall_region_2,TwoStep (recall),twostep_recall,1633,0.3493741062961264,0.4507282414154416,1.0,0.0,1.0,0.468609799522099,False
dispersion,0.13491305194743766,fnr_region_2,TwoStep (tuned),twostep_tuned,768,0.6276208265899884,0.45071072254252353,0.9977202671461598,0.0,1.0,0.45795869417439905,False
dispersion,0.13491305194743766,recall_region_2,TwoStep (tuned),twostep_tuned,768,0.37237917341001153,0.45071072254252353,0.9977202671461598,0.0,1.0,0.45795869417439905,False
data_size,44961.74220908192,fnr_region_2,TwoStep (tuned),twostep_tuned,513,0.5996193305045945,0.45070706780272096,0.9966539196940727,0.0,1.0,0.45724077172614974,False
data_size,44961.74220908192,recall_region_2,TwoStep (tuned),twostep_tuned,513,0.4003806694954055,0.45070706780272096,0.9966539196940727,0.0,1.0,0.45724077172614974,False
noise,0.05144151821540545,fnr_region_2,λ=8,divtree_lambda8_region2,502,0.5596735452934891,0.45061237146732636,0.9920314900153611,0.0,1.0,0.4575199543635616,False
noise,0.05144151821540545,recall_region_2,λ=8,divtree_lambda8_region2,502,0.44032645470651083,0.4506123714673263,0.992031490015361,0.0,1.0,0.4575199543635616,False
dispersion,0.10784142958281023,fnr_region_2,TwoStep (tuned),twostep_tuned,621,0.5780671911725583,0.45053042069959687,1.0,0.0,1.0,0.45795869417439905,False
dispersion,0.10784142958281023,recall_region_2,TwoStep (tuned),twostep_tuned,621,0.4219328088274418,0.45053042069959687,1.0,0.0,1.0,0.45795869417439905,False
noise,0.0012928585165887505,fnr_region_2,λ=8,divtree_lambda8_region2,506,0.5130895096556459,0.45049155160768306,0.9684979838709677,0.0,1.0,0.4575199543635616,False
noise,0.0012928585165887505,recall_region_2,λ=8,divtree_lambda8_region2,506,0.4869104903443541,0.45049155160768306,0.9684979838709677,0.0,1.0,0.4575199543635616,False
dispersion,0.4134239376079035,fnr_region_2,λ=4,divtree_lambda4_region2,917,0.5571410680102917,0.4503993691076034,0.9826086956521739,0.0,1.0,0.46444913408922456,False
dispersion,0.4134239376079035,recall_region_2,λ=4,divtree_lambda4_region2,917,0.44285893198970827,0.4503993691076034,0.9826086956521739,0.0,1.0,0.4644491340892246,False
data_size,1129.460187950577,fnr_region_2,TwoStep (recall),twostep_recall,483,0.5621562147670155,0.4502098506348997,1.0,0.0,1.0,0.4682167119352864,False
data_size,1129.460187950577,recall_region_2,TwoStep (recall),twostep_recall,483,0.4378437852329845,0.4502098506348997,1.0,0.0,1.0,0.46821671193528636,False
noise,0.020482034030709487,fnr_region_2,TwoStep (tuned),twostep_tuned,511,0.6237854957989152,0.4501998144259935,0.9986750880097665,0.0,1.0,0.46519416601509667,False
noise,0.020482034030709487,recall_region_2,TwoStep (tuned),twostep_tuned,511,0.3762145042010848,0.4501998144259935,0.9986750880097665,0.0,1.0,0.46519416601509667,False
data_size,1129.460187950577,recall_region_2,λ=2,divtree_lambda2_region2,483,0.44482654209263256,0.4501667591683803,0.9626135569531796,0.0,1.0,0.4643323767479587,False
data_size,1129.460187950577,fnr_region_2,λ=2,divtree_lambda2_region2,483,0.5551734579073675,0.4501667591683802,0.9626135569531795,0.0,1.0,0.4643323767479587,False
noise,0.05144151821540545,fnr_region_2,λ=4,divtree_lambda4_region2,502,0.5612247127285042,0.4501443815865602,0.9939515173348755,0.0,1.0,0.45962939764688054,False
noise,0.05144151821540545,recall_region_2,λ=4,divtree_lambda4_region2,502,0.4387752872714959,0.4501443815865602,0.9939515173348755,0.0,1.0,0.45962939764688054,False
dispersion,0.6470417138878943,fnr_region_2,λ=8,divtree_lambda8_region2,768,0.5549509085611257,0.45013894675904703,0.9697186210070466,0.0,1.0,0.4649339863645606,False
dispersion,0.6470417138878943,recall_region_2,λ=8,divtree_lambda8_region2,768,0.44504909143887433,0.45013894675904703,0.9697186210070466,0.0,1.0,0.4649339863645606,False
data_size,3571.5952849281794,fnr_region_2,TwoStep (tuned),twostep_tuned,513,0.6000844514145828,0.4500482336421061,1.0,0.0,1.0,0.45724077172614974,False
data_size,3571.5952849281794,recall_region_2,TwoStep (tuned),twostep_tuned,513,0.39991554858541717,0.4500482336421061,1.0,0.0,1.0,0.45724077172614974,False
noise,5.140640682151394,fnr_region_2,λ=4,divtree_lambda4_region2,454,0.5990720055569405,0.44976598077100893,0.968498296595447,0.0,1.0,0.45962939764688054,False
noise,5.140640682151394,recall_region_2,λ=4,divtree_lambda4_region2,454,0.40092799444305954,0.44976598077100893,0.9684982965954471,0.0,1.0,0.45962939764688054,False
noise,0.0051459082904443,fnr_region_2,λ=4,divtree_lambda4_region2,475,0.5352628026952684,0.4494235059647799,0.979281255456609,0.0,1.0,0.45962939764688054,False
noise,0.0051459082904443,recall_region_2,λ=4,divtree_lambda4_region2,475,0.4647371973047316,0.4494235059647799,0.979281255456609,0.0,1.0,0.45962939764688054,False
data_size,2837.030326379124,fnr_region_2,λ=2,divtree_lambda2_region2,555,0.5719706821217352,0.4493896801964316,0.9720924195223261,0.0,1.0,0.4643323767479587,False
data_size,2837.030326379124,recall_region_2,λ=2,divtree_lambda2_region2,555,0.4280293178782648,0.4493896801964316,0.9720924195223261,0.0,1.0,0.4643323767479587,False
dispersion,0.5172064705241997,fnr_region_2,λ=8,divtree_lambda8_region2,902,0.5479141310789742,0.44937615392309155,0.9657062530661534,0.0,1.0,0.4649339863645606,False
dispersion,0.5172064705241997,recall_region_2,λ=8,divtree_lambda8_region2,902,0.45208586892102576,0.44937615392309155,0.9657062530661534,0.0,1.0,0.4649339863645606,False
noise,1.2915350821512999,fnr_region_2,TwoStep (tuned),twostep_tuned,493,0.6103585015061394,0.4491579535249844,0.992238946378175,0.0,1.0,0.46519416601509667,False
noise,1.2915350821512999,recall_region_2,TwoStep (tuned),twostep_tuned,493,0.3896414984938606,0.4491579535249844,0.992238946378175,0.0,1.0,0.46519416601509667,False
sparsity,5.0,fnr_region_2,TwoStep (recall),twostep_recall,1741,0.6631312934959794,0.4490017629918619,1.0,0.0,1.0,0.468609799522099,False
sparsity,5.0,recall_region_2,TwoStep (recall),twostep_recall,1741,0.33686870650402057,0.4490017629918619,1.0,0.0,1.0,0.468609799522099,False
noise,0.05144151821540545,fnr_region_2,TwoStep (tuned),twostep_tuned,502,0.6545903066552073,0.44893703702847887,0.9949072931857132,0.0,1.0,0.46519416601509667,False
noise,0.05144151821540545,recall_region_2,TwoStep (tuned),twostep_tuned,502,0.3454096933447926,0.44893703702847887,0.9949072931857132,0.0,1.0,0.46519416601509667,False
dispersion,0.264155074578139,fnr_region_2,TwoStep (tuned),twostep_tuned,1025,0.6402667457018383,0.44885174752768464,0.9940425531914894,0.0,1.0,0.45795869417439905,False
dispersion,0.264155074578139,recall_region_2,TwoStep (tuned),twostep_tuned,1025,0.3597332542981617,0.44885174752768464,0.9940425531914894,0.0,1.0,0.45795869417439905,False
data_size,2253.5423055237598,fnr_region_2,TwoStep (tuned),twostep_tuned,502,0.6024439838861281,0.44881242292099277,1.0,0.0,1.0,0.45724077172614974,False
data_size,2253.5423055237598,recall_region_2,TwoStep (tuned),twostep_tuned,502,0.39755601611387203,0.44881242292099277,1.0,0.0,1.0,0.45724077172614974,False
dispersion,0.330466384177277,recall_region_2,TwoStep (tuned),twostep_tuned,1021,0.3691816092225014,0.44873472196252234,0.9871690276644663,0.0,1.0,0.45795869417439905,False
dispersion,0.330466384177277,fnr_region_2,TwoStep (tuned),twostep_tuned,1021,0.6308183907774986,0.4487347219625223,0.9871690276644663,0.0,1.0,0.45795869417439905,False
noise,0.0051459082904443,fnr_region_2,λ=8,divtree_lambda8_region2,475,0.5247936753301756,0.4485792158771882,0.9589306797099004,0.0,1.0,0.4575199543635616,False
noise,0.0051459082904443,recall_region_2,λ=8,divtree_lambda8_region2,475,0.4752063246698244,0.4485792158771882,0.9589306797099005,0.0,1.0,0.4575199543635616,False
data_size,8971.298187393322,fnr_region_2,TwoStep (tuned),twostep_tuned,522,0.6164829464471834,0.44845541507324416,0.9856098060451239,0.0,1.0,0.45724077172614974,False
data_size,8971.298187393322,recall_region_2,TwoStep (tuned),twostep_tuned,522,0.3835170535528167,0.4484554150732441,0.9856098060451239,0.0,1.0,0.45724077172614974,False
sparsity,2.0,fnr_region_2,TwoStep (tuned),twostep_tuned,1669,0.5652915471450654,0.44833116193929173,1.0,0.0,1.0,0.4666569756731672,False
sparsity,2.0,recall_region_2,TwoStep (tuned),twostep_tuned,1669,0.43470845285493476,0.44833116193929173,1.0,0.0,1.0,0.4666569756731672,False
noise,3.2437464635937765,fnr_region_2,TwoStep (recall),twostep_recall,504,0.5883477164190873,0.44816209430083415,1.0,0.0,1.0,0.4717900250831958,False
noise,3.2437464635937765,recall_region_2,TwoStep (recall),twostep_recall,504,0.41165228358091266,0.44816209430083415,1.0,0.0,1.0,0.4717900250831959,False
data_size,56603.25340302813,fnr_region_2,TwoStep (tuned),twostep_tuned,513,0.6011516880489833,0.4479594171869664,0.9907692307692307,0.0,1.0,0.45724077172614974,False
data_size,56603.25340302813,recall_region_2,TwoStep (tuned),twostep_tuned,513,0.3988483119510167,0.4479594171869664,0.9907692307692307,0.0,1.0,0.45724077172614974,False
data_size,1129.460187950577,fnr_region_2,λ=4,divtree_lambda4_region2,483,0.5488436799090693,0.4478759854986367,0.9411764705882353,0.0,1.0,0.46165409345198155,False
data_size,1129.460187950577,recall_region_2,λ=4,divtree_lambda4_region2,483,0.45115632009093054,0.44787598549863666,0.9411764705882353,0.0,1.0,0.4616540934519816,False
dispersion,0.4134239376079035,fnr_region_2,λ=8,divtree_lambda8_region2,917,0.5595987129096555,0.4477216194542179,0.97,0.0,1.0,0.4649339863645606,False
dispersion,0.4134239376079035,recall_region_2,λ=8,divtree_lambda8_region2,917,0.44040128709034454,0.44772161945421785,0.97,0.0,1.0,0.4649339863645606,False
data_size,1421.9004443801273,fnr_region_2,λ=2,divtree_lambda2_region2,524,0.5769430915637234,0.44710750596187504,0.9651883561643835,0.0,1.0,0.4643323767479587,False
data_size,1421.9004443801273,recall_region_2,λ=2,divtree_lambda2_region2,524,0.4230569084362766,0.44710750596187504,0.9651883561643836,0.0,1.0,0.4643323767479587,False
noise,5.140640682151394,fnr_region_2,λ=8,divtree_lambda8_region2,454,0.6000584170270493,0.44708056881627734,0.9553064902615356,0.0,1.0,0.4575199543635616,False
noise,5.140640682151394,recall_region_2,λ=8,divtree_lambda8_region2,454,0.3999415829729507,0.44708056881627734,0.9553064902615356,0.0,1.0,0.4575199543635616,False
dispersion,0.06890472051252551,fnr_region_2,TwoStep (tuned),twostep_tuned,378,0.5596194889226206,0.4469687544653182,0.9959213887090849,0.0,1.0,0.45795869417439905,False
dispersion,0.06890472051252551,recall_region_2,TwoStep (tuned),twostep_tuned,378,0.44038051107737947,0.4469687544653182,0.9959213887090849,0.0,1.0,0.45795869417439905,False
dispersion,0.02248574717690055,fnr_region_2,TwoStep (tuned),twostep_tuned,27,0.5079104492519748,0.4468494265713235,1.0,0.0,1.0,0.45795869417439905,False
dispersion,0.02248574717690055,recall_region_2,TwoStep (tuned),twostep_tuned,27,0.4920895507480253,0.4468494265713234,1.0,0.0,1.0,0.45795869417439905,False
noise,8.146810152884804,fnr_region_2,λ=2,divtree_lambda2_region2,494,0.6327756149867703,0.44640164017524264,0.9649061579678863,0.0,1.0,0.4617353153248416,False
noise,8.146810152884804,recall_region_2,λ=2,divtree_lambda2_region2,494,0.36722438501322974,0.44640164017524264,0.9649061579678863,0.0,1.0,0.4617353153248416,False
dispersion,0.8094697250919155,fnr_region_2,λ=0,divtree_lambda0,604,0.5128015485288128,0.4463398172317485,0.993034258374352,0.0,1.0,0.472027492752479,False
dispersion,0.8094697250919155,recall_region_2,λ=0,divtree_lambda0,604,0.4871984514711873,0.4463398172317485,0.993034258374352,0.0,1.0,0.472027492752479,False
rareness,0.03638808066694245,precision_region_2,λ=4,divtree_lambda4_region2,66,0.46143264832850267,0.44624255368311583,0.9679418103448276,0.0,1.0,0.44723907984467964,False
noise,3.2437464635937765,recall_region_2,λ=8,divtree_lambda8_region2,504,0.41396082590139227,0.4462232399568135,0.9616835399977723,0.0,1.0,0.4575199543635616,False
noise,3.2437464635937765,fnr_region_2,λ=8,divtree_lambda8_region2,504,0.5860391740986077,0.44622323995681346,0.9616835399977723,0.0,1.0,0.4575199543635616,False
dispersion,0.02248574717690055,fnr_region_2,TwoStep (recall),twostep_recall,27,0.5050814907353509,0.44615279555454856,0.9968482665466006,0.0,1.0,0.46454373110690567,False
dispersion,0.02248574717690055,recall_region_2,TwoStep (recall),twostep_recall,27,0.4949185092646491,0.44615279555454856,0.9968482665466006,0.0,1.0,0.46454373110690567,False
sparsity,5.0,fnr_region_2,λ=0,divtree_lambda0,1741,0.6781970559670181,0.44613731145686725,0.9190897597977243,0.0,1.0,0.45101120398933037,False
sparsity,5.0,recall_region_2,λ=0,divtree_lambda0,1741,0.32180294403298193,0.44613731145686725,0.9190897597977244,0.0,1.0,0.45101120398933037,False
rareness,0.045417845580381686,precision_region_2,λ=8,divtree_lambda8_region2,117,0.5029139795850759,0.44606263736612034,0.950354609929078,0.0,1.0,0.44668270894847406,False
data_size,2837.030326379124,fnr_region_2,λ=4,divtree_lambda4_region2,555,0.5592843060156719,0.44599282575694277,0.9507721549061534,0.0,1.0,0.46165409345198155,False
data_size,2837.030326379124,recall_region_2,λ=4,divtree_lambda4_region2,555,0.44071569398432797,0.4459928257569427,0.9507721549061535,0.0,1.0,0.4616540934519816,False
data_size,1790.0594419330469,fnr_region_2,λ=4,divtree_lambda4_region2,499,0.569052417896665,0.4457196592786238,0.9491569235663724,0.0,1.0,0.46165409345198155,False
data_size,1790.0594419330469,recall_region_2,λ=4,divtree_lambda4_region2,499,0.430947582103335,0.4457196592786238,0.9491569235663724,0.0,1.0,0.4616540934519816,False
data_size,11294.15008639454,fnr_region_2,TwoStep (tuned),twostep_tuned,495,0.6208276860432751,0.4445075336526348,0.9953817061969853,0.0,1.0,0.45724077172614974,False
data_size,11294.15008639454,recall_region_2,TwoStep (tuned),twostep_tuned,495,0.3791723139567249,0.4445075336526348,0.9953817061969852,0.0,1.0,0.45724077172614974,False
sparsity,6.0,fnr_region_2,λ=0,divtree_lambda0,1633,0.6698072313349056,0.44447261793592974,0.9048414023372288,0.0,1.0,0.45101120398933037,False
sparsity,6.0,recall_region_2,λ=0,divtree_lambda0,1633,0.33019276866509434,0.44447261793592974,0.9048414023372288,0.0,1.0,0.45101120398933037,False
data_size,1790.0594419330469,fnr_region_2,TwoStep (tuned),twostep_tuned,499,0.6253688635557954,0.44446540029764625,0.9973672648387407,0.0,1.0,0.45724077172614974,False
data_size,1790.0594419330469,recall_region_2,TwoStep (tuned),twostep_tuned,499,0.3746311364442045,0.44446540029764625,0.9973672648387406,0.0,1.0,0.45724077172614974,False
data_size,2837.030326379124,fnr_region_2,TwoStep (tuned),twostep_tuned,555,0.6301734625108026,0.4441604049668761,0.9883261861003335,0.0,1.0,0.45724077172614974,False
data_size,2837.030326379124,recall_region_2,TwoStep (tuned),twostep_tuned,555,0.3698265374891973,0.4441604049668761,0.9883261861003335,0.0,1.0,0.45724077172614974,False
data_size,1790.0594419330469,fnr_region_2,λ=8,divtree_lambda8_region2,499,0.5676906636911186,0.44405345112185174,0.9406900360423207,0.0,1.0,0.4607771654598311,False
data_size,1790.0594419330469,recall_region_2,λ=8,divtree_lambda8_region2,499,0.4323093363088813,0.44405345112185174,0.9406900360423207,0.0,1.0,0.4607771654598311,False
data_size,1421.9004443801273,fnr_region_2,λ=4,divtree_lambda4_region2,524,0.5680317193834389,0.4438918468461424,0.9462820512820512,0.0,1.0,0.46165409345198155,False
data_size,1421.9004443801273,recall_region_2,λ=4,divtree_lambda4_region2,524,0.43196828061656106,0.4438918468461424,0.9462820512820512,0.0,1.0,0.4616540934519816,False
data_size,2837.030326379124,fnr_region_2,λ=8,divtree_lambda8_region2,555,0.5593980575310892,0.4437795002409677,0.9469176152372365,0.0,1.0,0.4607771654598311,False
data_size,2837.030326379124,recall_region_2,λ=8,divtree_lambda8_region2,555,0.44060194246891093,0.4437795002409677,0.9469176152372366,0.0,1.0,0.4607771654598311,False
dispersion,0.8094697250919155,fnr_region_2,TwoStep (tuned),twostep_tuned,604,0.4793207154575382,0.4436064005125196,0.998344322295348,0.0,1.0,0.45795869417439905,False
dispersion,0.8094697250919155,recall_region_2,TwoStep (tuned),twostep_tuned,604,0.5206792845424618,0.4436064005125196,0.998344322295348,0.0,1.0,0.45795869417439905,False
rareness,0.045417845580381686,precision_region_2,λ=2,divtree_lambda2_region2,99,0.5588472854976922,0.44357286536399887,0.9402852049910874,0.0,1.0,0.44840864800223723,False
sparsity,5.0,fnr_region_2,λ=2,divtree_lambda2_region2,1741,0.6765811845950779,0.4434459102640079,0.9902998236331569,0.0,1.0,0.4494067659717432,False
sparsity,5.0,recall_region_2,λ=2,divtree_lambda2_region2,1741,0.3234188154049222,0.4434459102640079,0.9902998236331569,0.0,1.0,0.4494067659717432,False
dispersion,0.05507831494294404,fnr_region_2,TwoStep (tuned),twostep_tuned,255,0.5903453788545957,0.44326255011160093,1.0,0.0,1.0,0.45795869417439905,False
dispersion,0.05507831494294404,recall_region_2,TwoStep (tuned),twostep_tuned,255,0.40965462114540424,0.44326255011160093,1.0,0.0,1.0,0.45795869417439905,False
sparsity,3.0,fnr_region_2,λ=0,divtree_lambda0,1708,0.6620249870473814,0.4431415247935275,0.9509589654266447,0.0,1.0,0.45101120398933037,False
sparsity,3.0,recall_region_2,λ=0,divtree_lambda0,1708,0.3379750129526186,0.4431415247935274,0.9509589654266447,0.0,1.0,0.45101120398933037,False
data_size,1129.460187950577,fnr_region_2,λ=8,divtree_lambda8_region2,483,0.5486608135183955,0.44298381358763583,0.9398795180722892,0.0,1.0,0.4607771654598311,False
data_size,1129.460187950577,recall_region_2,λ=8,divtree_lambda8_region2,483,0.4513391864816045,0.44298381358763583,0.9398795180722892,0.0,1.0,0.4607771654598311,False
dispersion,0.4134239376079035,fnr_region_2,TwoStep (tuned),twostep_tuned,917,0.6438598736995358,0.4423305892405276,0.9807692307692307,0.0,1.0,0.45795869417439905,False
dispersion,0.4134239376079035,recall_region_2,TwoStep (tuned),twostep_tuned,917,0.35614012630046427,0.4423305892405276,0.9807692307692307,0.0,1.0,0.45795869417439905,False
sparsity,6.0,fnr_region_2,λ=2,divtree_lambda2_region2,1633,0.6631629216702424,0.44224415250494653,0.9837177747625508,0.0,1.0,0.4494067659717432,False
sparsity,6.0,recall_region_2,λ=2,divtree_lambda2_region2,1633,0.3368370783297576,0.44224415250494653,0.9837177747625508,0.0,1.0,0.4494067659717432,False
dispersion,0.21114977730367337,fnr_region_2,TwoStep (tuned),twostep_tuned,1011,0.6485603660482976,0.4421414608997042,0.976233623065937,0.0,1.0,0.45795869417439905,False
dispersion,0.21114977730367337,recall_region_2,TwoStep (tuned),twostep_tuned,1011,0.3514396339517024,0.4421414608997042,0.976233623065937,0.0,1.0,0.45795869417439905,False
sparsity,5.0,recall_region_2,λ=4,divtree_lambda4_region2,1741,0.32664409474062184,0.442124520173288,0.9942857142857143,0.0,1.0,0.4475644281862242,False
sparsity,5.0,fnr_region_2,λ=4,divtree_lambda4_region2,1741,0.6733559052593782,0.4421245201732879,0.9942857142857143,0.0,1.0,0.4475644281862241,False
sparsity,6.0,fnr_region_2,λ=4,divtree_lambda4_region2,1633,0.6604770613321902,0.4414132971895444,0.9962962962962963,0.0,1.0,0.4475644281862241,False
sparsity,6.0,recall_region_2,λ=4,divtree_lambda4_region2,1633,0.3395229386678098,0.4414132971895444,0.9962962962962963,0.0,1.0,0.4475644281862242,False
dispersion,0.8094697250919155,fnr_region_2,λ=2,divtree_lambda2_region2,604,0.5011318767781773,0.44103422931405106,0.9628497595904492,0.0,1.0,0.46770664313895816,False
dispersion,0.8094697250919155,recall_region_2,λ=2,divtree_lambda2_region2,604,0.49886812322182267,0.44103422931405106,0.9628497595904493,0.0,1.0,0.46770664313895816,False
sparsity,5.0,fnr_region_2,λ=8,divtree_lambda8_region2,1741,0.6736357526503031,0.4405295351799133,0.9961389961389961,0.0,1.0,0.44563878230870924,False
sparsity,5.0,recall_region_2,λ=8,divtree_lambda8_region2,1741,0.32636424734969693,0.4405295351799133,0.9961389961389961,0.0,1.0,0.44563878230870924,False
data_size,1421.9004443801273,fnr_region_2,λ=8,divtree_lambda8_region2,524,0.5725452220042015,0.4395760649733146,0.94,0.0,1.0,0.4607771654598311,False
data_size,1421.9004443801273,recall_region_2,λ=8,divtree_lambda8_region2,524,0.4274547779957986,0.43957606497331453,0.94,0.0,1.0,0.4607771654598311,False
dispersion,0.8094697250919155,fnr_region_2,λ=4,divtree_lambda4_region2,604,0.5082011900881406,0.43916361012560784,0.9504910576766267,0.0,1.0,0.46444913408922456,False
dispersion,0.8094697250919155,recall_region_2,λ=4,divtree_lambda4_region2,604,0.4917988099118595,0.4391636101256078,0.9504910576766268,0.0,1.0,0.4644491340892246,False
noise,8.146810152884804,fnr_region_2,λ=4,divtree_lambda4_region2,494,0.6280103892556086,0.4388690416632425,0.9535664318201375,0.0,1.0,0.45962939764688054,False
noise,8.146810152884804,recall_region_2,λ=4,divtree_lambda4_region2,494,0.37198961074439135,0.4388690416632424,0.9535664318201375,0.0,1.0,0.45962939764688054,False
sparsity,6.0,fnr_region_2,λ=8,divtree_lambda8_region2,1633,0.6643734337771309,0.4379216531219963,0.9983221476510067,0.0,1.0,0.44563878230870924,False
sparsity,6.0,recall_region_2,λ=8,divtree_lambda8_region2,1633,0.33562656622286907,0.4379216531219963,0.9983221476510067,0.0,1.0,0.44563878230870924,False
data_size,1129.460187950577,fnr_region_2,TwoStep (tuned),twostep_tuned,483,0.5847398910522794,0.4378402031889368,0.9799634265535833,0.0,1.0,0.45724077172614974,False
data_size,1129.460187950577,recall_region_2,TwoStep (tuned),twostep_tuned,483,0.41526010894772064,0.4378402031889368,0.9799634265535833,0.0,1.0,0.45724077172614974,False
dispersion,0.8094697250919155,fnr_region_2,λ=8,divtree_lambda8_region2,604,0.5115597290299526,0.43757958545533837,0.9480599449811273,0.0,1.0,0.4649339863645606,False
dispersion,0.8094697250919155,recall_region_2,λ=8,divtree_lambda8_region2,604,0.48844027097004733,0.43757958545533837,0.9480599449811272,0.0,1.0,0.4649339863645606,False
rareness,0.05668836221519578,precision_region_2,λ=2,divtree_lambda2_region2,127,0.4362610064736633,0.4367161486820211,0.9545822896714307,0.0,1.0,0.44840864800223723,False
sparsity,3.0,fnr_region_2,λ=2,divtree_lambda2_region2,1708,0.6637150822928988,0.43670531762016135,0.9553246688363091,0.0,1.0,0.4494067659717432,False
sparsity,3.0,recall_region_2,λ=2,divtree_lambda2_region2,1708,0.3362849177071012,0.43670531762016135,0.9553246688363091,0.0,1.0,0.4494067659717432,False
sparsity,4.0,fnr_region_2,TwoStep (tuned),twostep_tuned,1647,0.6538659687796864,0.4355061087631565,0.9466080443693857,0.0,1.0,0.4666569756731672,False
sparsity,4.0,recall_region_2,TwoStep (tuned),twostep_tuned,1647,0.3461340312203136,0.4355061087631565,0.9466080443693856,0.0,1.0,0.4666569756731672,False
noise,5.140640682151394,recall_region_2,TwoStep (recall),twostep_recall,454,0.43395305723534966,0.4352178454480365,0.9885183709525139,0.0,1.0,0.4717900250831959,False
noise,5.140640682151394,fnr_region_2,TwoStep (recall),twostep_recall,454,0.5660469427646504,0.43521784544803643,0.988518370952514,0.0,1.0,0.4717900250831958,False
sparsity,6.0,fnr_region_2,TwoStep (tuned),twostep_tuned,1633,0.6721683046558478,0.43373174144437027,0.9308495625176404,0.0,1.0,0.4666569756731672,False
sparsity,6.0,recall_region_2,TwoStep (tuned),twostep_tuned,1633,0.32783169534415224,0.43373174144437027,0.9308495625176404,0.0,1.0,0.4666569756731672,False
sparsity,5.0,fnr_region_2,TwoStep (tuned),twostep_tuned,1741,0.680398322844827,0.43350729616939104,0.9257206208425721,0.0,1.0,0.4666569756731672,False
sparsity,5.0,recall_region_2,TwoStep (tuned),twostep_tuned,1741,0.31960167715517285,0.43350729616939104,0.9257206208425721,0.0,1.0,0.4666569756731672,False
sparsity,3.0,fnr_region_2,λ=4,divtree_lambda4_region2,1708,0.6662931539807281,0.43312165800628466,0.9606175380717326,0.0,1.0,0.4475644281862241,False
sparsity,3.0,recall_region_2,λ=4,divtree_lambda4_region2,1708,0.3337068460192718,0.4331216580062846,0.9606175380717324,0.0,1.0,0.4475644281862242,False
sparsity,3.0,fnr_region_2,λ=8,divtree_lambda8_region2,1708,0.6631346190977752,0.43253766996008364,0.9659869543826611,0.0,1.0,0.44563878230870924,False
sparsity,3.0,recall_region_2,λ=8,divtree_lambda8_region2,1708,0.33686538090222484,0.43253766996008364,0.9659869543826611,0.0,1.0,0.44563878230870924,False
noise,3.2437464635937765,fnr_region_2,TwoStep (tuned),twostep_tuned,504,0.6081325243728589,0.4324818136379498,0.9512386245019774,0.0,1.0,0.46519416601509667,False
noise,3.2437464635937765,recall_region_2,TwoStep (tuned),twostep_tuned,504,0.391867475627141,0.43248181363794974,0.9512386245019774,0.0,1.0,0.46519416601509667,False
noise,8.146810152884804,fnr_region_2,λ=8,divtree_lambda8_region2,494,0.6513807808227621,0.4289694768482284,0.9479899640441265,0.0,1.0,0.4575199543635616,False
noise,8.146810152884804,recall_region_2,λ=8,divtree_lambda8_region2,494,0.34861921917723804,0.4289694768482284,0.9479899640441264,0.0,1.0,0.4575199543635616,False
sparsity,3.0,fnr_region_2,TwoStep (recall),twostep_recall,1708,0.6211097721827007,0.4266775947911616,0.9498142866430545,0.0,1.0,0.468609799522099,False
sparsity,3.0,recall_region_2,TwoStep (recall),twostep_recall,1708,0.3788902278172992,0.4266775947911616,0.9498142866430543,0.0,1.0,0.468609799522099,False
rareness,0.08831382012299085,precision_region_2,λ=0,divtree_lambda0,217,0.5796811721349548,0.4262647056074933,0.90625,0.0,1.0,0.4347942564941138,False
rareness,0.05668836221519578,precision_region_2,λ=4,divtree_lambda4_region2,151,0.3739950354986051,0.42415861983096437,0.9422500073376185,0.0,1.0,0.44723907984467964,False
rareness,0.08831382012299085,precision_region_2,λ=2,divtree_lambda2_region2,290,0.4781104208923949,0.4224909243215331,0.9114755726201509,0.0,1.0,0.44840864800223723,False
rareness,0.26752573998233714,fnr_region_2,λ=0,divtree_lambda0,967,0.6569815937243305,0.42248132490057266,0.909977240340992,0.0,1.0,0.4269225696109904,False
rareness,0.26752573998233714,recall_region_2,λ=0,divtree_lambda0,967,0.3430184062756693,0.4224813249005726,0.909977240340992,0.0,1.0,0.42692256961099034,False
rareness,0.07075567697181442,precision_region_2,λ=0,divtree_lambda0,151,0.5527965177053656,0.4192823377686085,0.8940285204991087,0.013513513513513514,1.0,0.4347942564941138,False
rareness,0.05668836221519578,precision_region_2,λ=8,divtree_lambda8_region2,153,0.3658817387396568,0.4188907500187632,0.9213675213675214,0.0,1.0,0.44668270894847406,False
rareness,0.07075567697181442,precision_region_2,λ=2,divtree_lambda2_region2,195,0.4425663112327799,0.4171109501626833,0.9261259191176471,0.0,1.0,0.44840864800223723,False
rareness,0.26752573998233714,fnr_region_2,λ=2,divtree_lambda2_region2,967,0.6448128355531061,0.41609439070767235,0.9255090427969349,0.0,1.0,0.4210176578267515,False
rareness,0.26752573998233714,recall_region_2,λ=2,divtree_lambda2_region2,967,0.35518716444689385,0.41609439070767235,0.9255090427969349,0.0,1.0,0.4210176578267515,False
rareness,0.05668836221519578,precision_region_2,λ=0,divtree_lambda0,83,0.563920253076597,0.4146524805986626,0.9101010101010101,0.0175815657811289,1.0,0.4347942564941138,False
dispersion,0.03519200285202227,f1_region_2,λ=0,divtree_lambda0,102,0.4487173134984499,0.41457002737935533,0.8675987587601548,0.0,1.0,0.4182125270569303,False
rareness,0.045417845580381686,precision_region_2,λ=0,divtree_lambda0,79,0.6931800952910555,0.41107327386689435,0.746969696969697,0.02127659574468085,1.0,0.4347942564941138,False
rareness,0.26752573998233714,fnr_region_2,λ=8,divtree_lambda8_region2,967,0.6436845835812472,0.4107566303607276,0.8829530605625032,0.0,1.0,0.41673009671363453,False
rareness,0.26752573998233714,recall_region_2,λ=8,divtree_lambda8_region2,967,0.3563154164187528,0.4107566303607276,0.8829530605625032,0.0,1.0,0.41673009671363453,False
rareness,0.08831382012299085,precision_region_2,λ=4,divtree_lambda4_region2,314,0.43524422138780666,0.4105028561616986,0.9128411193339501,0.0,1.0,0.44723907984467964,False
rareness,0.11022904674946227,precision_region_2,λ=2,divtree_lambda2_region2,364,0.5379385299850737,0.4102623924118375,0.8782335550628233,0.03212765957446809,1.0,0.44840864800223723,False
dispersion,0.03519200285202227,f1_region_2,λ=2,divtree_lambda2_region2,102,0.45345613163242976,0.41006657511886596,0.9051842720456003,0.0,1.0,0.4134333686034613,False
noise,8.146810152884804,recall_region_2,TwoStep (recall),twostep_recall,494,0.4274895513696307,0.41005217669887656,0.8763145338300408,0.0,1.0,0.4717900250831959,False
noise,8.146810152884804,fnr_region_2,TwoStep (recall),twostep_recall,494,0.5725104486303693,0.4100521766988765,0.8763145338300408,0.0,1.0,0.4717900250831958,False
rareness,0.11022904674946227,precision_region_2,λ=4,divtree_lambda4_region2,406,0.4984561529259177,0.40976097144823953,0.8888888888888888,0.033195429472025216,1.0,0.44723907984467964,False
dispersion,0.03519200285202227,f1_region_2,TwoStep (tuned),twostep_tuned,102,0.46347260479108227,0.40926182258560256,0.9039894249646867,0.0,1.0,0.41406364200007645,False
rareness,0.26752573998233714,fnr_region_2,λ=4,divtree_lambda4_region2,967,0.6438822617028784,0.40882240365355255,0.8706127147411727,0.0,1.0,0.4158661160922854,False
rareness,0.26752573998233714,recall_region_2,λ=4,divtree_lambda4_region2,967,0.35611773829712157,0.40882240365355255,0.8706127147411726,0.0,1.0,0.4158661160922854,False
dispersion,0.04402631277493798,f1_region_2,TwoStep (tuned),twostep_tuned,157,0.46580338935666676,0.4081634766879617,0.8514798482499978,0.0,1.0,0.41406364200007645,False
dispersion,0.04402631277493798,f1_region_2,λ=0,divtree_lambda0,157,0.45239903403215254,0.4081072129348825,0.8483263598326359,0.0,1.0,0.4182125270569303,False
rareness,0.07075567697181442,precision_region_2,λ=4,divtree_lambda4_region2,223,0.4091971652477906,0.4067457007692557,0.8941939839821196,0.0,1.0,0.44723907984467964,False
dispersion,0.04402631277493798,f1_region_2,TwoStep (recall),twostep_recall,157,0.4654316526505109,0.4064138305715084,0.8516937850093358,0.0,1.0,0.41144058137571676,False
dispersion,0.05507831494294404,f1_region_2,λ=2,divtree_lambda2_region2,255,0.42453766376560853,0.4061659517741978,0.8508798691505708,0.0,1.0,0.4134333686034613,False
dispersion,0.05507831494294404,f1_region_2,λ=8,divtree_lambda8_region2,255,0.42808720331770117,0.40588970548431985,0.826387554966125,0.0,1.0,0.4122571721106004,False
dispersion,0.05507831494294404,f1_region_2,λ=0,divtree_lambda0,255,0.40491247406127784,0.40544692726265485,0.8202760048087434,0.0,1.0,0.4182125270569303,False
rareness,0.11022904674946227,precision_region_2,λ=8,divtree_lambda8_region2,430,0.4807297623614565,0.4048656313568243,0.8888888888888888,0.03381336405529955,1.0,0.44668270894847406,False
sparsity,3.0,fnr_region_2,TwoStep (tuned),twostep_tuned,1708,0.6426299372976116,0.4048551684641801,0.8211680739931959,0.0,1.0,0.4666569756731672,False
sparsity,3.0,recall_region_2,TwoStep (tuned),twostep_tuned,1708,0.3573700627023884,0.4048551684641801,0.8211680739931959,0.0,1.0,0.4666569756731672,False
dispersion,0.05507831494294404,f1_region_2,λ=4,divtree_lambda4_region2,255,0.4270830878809497,0.40466424650669397,0.8349809929525527,0.0,1.0,0.4094392641516213,False
noise,5.140640682151394,fnr_region_2,TwoStep (tuned),twostep_tuned,454,0.604677360352472,0.40438933151716416,0.8585204612438772,0.0,1.0,0.46519416601509667,False
noise,5.140640682151394,recall_region_2,TwoStep (tuned),twostep_tuned,454,0.395322639647528,0.40438933151716416,0.8585204612438772,0.0,1.0,0.46519416601509667,False
noise,0.12919760763693183,f1_region_2,λ=0,divtree_lambda0,498,0.40965459580188784,0.40398361043638537,0.8152227744410045,0.0,1.0,0.4044462951583576,False
rareness,0.11022904674946227,precision_region_2,λ=0,divtree_lambda0,300,0.6284668896571429,0.4039671406450232,0.8471153846153846,0.0,1.0,0.4347942564941138,False
rareness,0.26752573998233714,fnr_region_2,TwoStep (recall),twostep_recall,967,0.7062017407685429,0.4036125094593914,0.642842287094221,0.0,1.0,0.4067749558697657,False
rareness,0.26752573998233714,recall_region_2,TwoStep (recall),twostep_recall,967,0.293798259231457,0.4036125094593914,0.642842287094221,0.0,1.0,0.4067749558697657,False
dispersion,0.04402631277493798,f1_region_2,λ=2,divtree_lambda2_region2,157,0.47205985431379627,0.403556359219104,0.815826359832636,0.0,1.0,0.4134333686034613,False
dispersion,0.08620199281382501,f1_region_2,λ=0,divtree_lambda0,463,0.4170053504915423,0.4033845361947443,0.8212070109072442,0.0,1.0,0.4182125270569303,False
noise,0.08152374553859773,f1_region_2,λ=0,divtree_lambda0,507,0.408318489299003,0.4031731392320669,0.8061794131960491,0.0,1.0,0.4044462951583576,False
dispersion,0.04402631277493798,f1_region_2,λ=8,divtree_lambda8_region2,157,0.48418206608250336,0.40316861429432277,0.820532864308514,0.0,1.0,0.4122571721106004,False
dispersion,0.03519200285202227,f1_region_2,TwoStep (recall),twostep_recall,102,0.4595230269762933,0.4030918424555156,0.8757581740759629,0.0,1.0,0.41144058137571676,False
data_size,44961.74220908192,f1_region_2,λ=0,divtree_lambda0,513,0.42642450096492784,0.40277855914406235,0.8109771550631766,0.0,1.0,0.4033554121603962,False
noise,0.012924172211646637,f1_region_2,λ=0,divtree_lambda0,494,0.4242137440978393,0.40260256148688955,0.8358351567892702,0.0,1.0,0.4044462951583576,False
dispersion,0.03519200285202227,f1_region_2,λ=8,divtree_lambda8_region2,102,0.4610948974052984,0.4024243708892935,0.8251819018039831,0.0,1.0,0.4122571721106004,False
noise,2.046805402410199,f1_region_2,λ=0,divtree_lambda0,507,0.4131362865707005,0.4022954243223427,0.8103689117525906,0.0,1.0,0.4044462951583576,False
rareness,0.029153571634755276,fnr_region_2,λ=4,divtree_lambda4_region2,68,0.7366701815935986,0.4022027504670982,0.441111111111111,0.0,1.0,0.4158661160922854,False
rareness,0.029153571634755276,recall_region_2,λ=4,divtree_lambda4_region2,68,0.26332981840640124,0.4022027504670982,0.4411111111111111,0.0,1.0,0.4158661160922854,False
rareness,0.07075567697181442,precision_region_2,λ=8,divtree_lambda8_region2,242,0.3897742514334947,0.40180663245816783,0.8431948939230492,0.0,1.0,0.44668270894847406,False
noise,0.0012928585165887505,f1_region_2,λ=0,divtree_lambda0,506,0.4133000240006681,0.4013659030756139,0.8259632734102892,0.0,1.0,0.4044462951583576,False
rareness,0.08831382012299085,precision_region_2,λ=8,divtree_lambda8_region2,333,0.409377622033748,0.4012333673607519,0.9162393162393162,0.0,1.0,0.44668270894847406,False
data_size,11294.15008639454,f1_region_2,λ=0,divtree_lambda0,495,0.39567253507459843,0.40108335194373446,0.8173384288185814,0.0,1.0,0.4033554121603962,False
rareness,0.21433751607024035,fnr_region_2,λ=0,divtree_lambda0,978,0.7260072192198282,0.40105462932530705,0.5210151904150621,0.0,1.0,0.4269225696109904,False
rareness,0.21433751607024035,recall_region_2,λ=0,divtree_lambda0,978,0.2739927807801718,0.401054629325307,0.5210151904150621,0.0,1.0,0.42692256961099034,False
dispersion,0.264155074578139,f1_region_2,λ=0,divtree_lambda0,1025,0.3844699212157098,0.40054417729220443,0.7842686292548298,0.0,1.0,0.4182125270569303,False
dispersion,0.03519200285202227,f1_region_2,λ=4,divtree_lambda4_region2,102,0.46664392404848487,0.3998554670912324,0.8503527376850285,0.0,1.0,0.4094392641516213,False
data_size,56603.25340302813,f1_region_2,λ=0,divtree_lambda0,513,0.4020742998375835,0.3990586643838004,0.7827321257752955,0.0,1.0,0.4033554121603962,False
dispersion,0.1687805109426452,f1_region_2,λ=0,divtree_lambda0,880,0.3903772496277726,0.39904853252269046,0.7865062021623979,0.0,1.0,0.4182125270569303,False
data_size,5660.551766902119,f1_region_2,λ=0,divtree_lambda0,477,0.401692649616113,0.39893706795190914,0.8077236877889584,0.0,1.0,0.4033554121603962,False
dispersion,0.330466384177277,f1_region_2,λ=0,divtree_lambda0,1021,0.37864427140224877,0.3986626261257691,0.7815533980582524,0.0,1.0,0.4182125270569303,False
dispersion,0.05507831494294404,f1_region_2,TwoStep (tuned),twostep_tuned,255,0.37320164464024325,0.3985537597482116,0.7790320847618983,0.0,1.0,0.41406364200007645,False
noise,0.0032470703266739244,f1_region_2,λ=2,divtree_lambda2_region2,516,0.42891881690204897,0.3984024440951267,0.8181053045124586,0.0,1.0,0.39840402574235867,False
data_size,14218.435672247866,f1_region_2,λ=0,divtree_lambda0,445,0.39504758189639666,0.3981899572757341,0.7804192781499892,0.0,1.0,0.4033554121603962,False
noise,0.03245961994046289,f1_region_2,λ=0,divtree_lambda0,508,0.4248858013734103,0.3978708747955562,0.8149493641179032,0.0,1.0,0.4044462951583576,False
data_size,28369.168428963523,f1_region_2,λ=0,divtree_lambda0,492,0.41032611544561015,0.397854587807214,0.8013884657451537,0.0,1.0,0.4033554121603962,False
dispersion,0.04402631277493798,f1_region_2,λ=4,divtree_lambda4_region2,157,0.48315597769533014,0.3977993086310365,0.7997975774245054,0.0,1.0,0.4094392641516213,False
data_size,2253.5423055237598,f1_region_2,λ=0,divtree_lambda0,502,0.3817011462483836,0.39718728891412625,0.7840059790732437,0.0,1.0,0.4033554121603962,False
noise,0.012924172211646637,f1_region_2,λ=2,divtree_lambda2_region2,494,0.43622632003705747,0.3968412602651222,0.8386630331415943,0.0,1.0,0.39840402574235867,False
rareness,0.029153571634755276,fnr_region_2,λ=8,divtree_lambda8_region2,68,0.7337324306564676,0.39679939255300334,0.38258771929824564,0.0,1.0,0.41673009671363453,False
rareness,0.029153571634755276,recall_region_2,λ=8,divtree_lambda8_region2,68,0.2662675693435323,0.39679939255300334,0.3825877192982456,0.0,1.0,0.41673009671363453,False
noise,0.020482034030709487,f1_region_2,λ=0,divtree_lambda0,511,0.3934173267036969,0.3967056945929888,0.7812820906081555,0.0,1.0,0.4044462951583576,False
data_size,4496.35407866857,f1_region_2,λ=0,divtree_lambda0,458,0.406173423975251,0.39662763737136597,0.7823673705597312,0.0,1.0,0.4033554121603962,False
noise,0.08152374553859773,f1_region_2,λ=2,divtree_lambda2_region2,507,0.4259715206393133,0.39636974560226795,0.8039886966325547,0.0,1.0,0.39840402574235867,False
dispersion,0.08620199281382501,f1_region_2,λ=2,divtree_lambda2_region2,463,0.4247954059169962,0.3963572568909288,0.8100736023329772,0.0,1.0,0.4134333686034613,False
noise,0.0012928585165887505,f1_region_2,λ=2,divtree_lambda2_region2,506,0.4284599177479668,0.3963130989937269,0.8178731285227261,0.0,1.0,0.39840402574235867,False
data_size,7126.183958196354,f1_region_2,λ=0,divtree_lambda0,503,0.408979438648739,0.3960480696698495,0.7864774098537051,0.0,1.0,0.4033554121603962,False
dispersion,0.10784142958281023,f1_region_2,λ=0,divtree_lambda0,621,0.41819150003029276,0.3960173454420315,0.8025936599423631,0.0,1.0,0.4182125270569303,False
data_size,44961.74220908192,f1_region_2,λ=2,divtree_lambda2_region2,513,0.4341265047438229,0.3960144415967239,0.7959115174830387,0.0,1.0,0.39668873810593525,False
data_size,11294.15008639454,f1_region_2,λ=2,divtree_lambda2_region2,495,0.40737066065777966,0.3952105624438338,0.8101543810210081,0.0,1.0,0.39668873810593525,False
noise,2.046805402410199,f1_region_2,λ=2,divtree_lambda2_region2,507,0.4265197650329692,0.394582256532737,0.8010317023386605,0.0,1.0,0.39840402574235867,False
dispersion,0.08620199281382501,f1_region_2,λ=8,divtree_lambda8_region2,463,0.4403963578180412,0.3944400936079415,0.7864260707269899,0.0,1.0,0.4122571721106004,False
dispersion,0.05507831494294404,f1_region_2,TwoStep (recall),twostep_recall,255,0.3725567752063769,0.39438234506071645,0.7698526892771498,0.0,1.0,0.41144058137571676,False
noise,0.8149591878462659,f1_region_2,λ=0,divtree_lambda0,507,0.4009573773174847,0.3943566416145626,0.7727625948218901,0.0,1.0,0.4044462951583576,False
noise,0.0051459082904443,f1_region_2,λ=0,divtree_lambda0,475,0.3987948313613089,0.39424958564633006,0.7815757019626424,0.0,1.0,0.4044462951583576,False
noise,0.514239595217779,f1_region_2,λ=0,divtree_lambda0,458,0.4283354119353169,0.3941242340954071,0.813666199794457,0.0,1.0,0.4044462951583576,False
noise,0.05144151821540545,f1_region_2,λ=0,divtree_lambda0,502,0.3840707671127222,0.39410620928510387,0.7446352775371627,0.0,1.0,0.4044462951583576,False
data_size,44961.74220908192,f1_region_2,λ=4,divtree_lambda4_region2,513,0.4369101515682654,0.3938273362203829,0.7848901355376952,0.0,1.0,0.394661866044936,False
noise,0.00815515817940046,f1_region_2,λ=4,divtree_lambda4_region2,533,0.4415104964088295,0.39382192633499175,0.7990255639097745,0.0,1.0,0.3938406995679612,False
dispersion,0.13491305194743766,f1_region_2,λ=0,divtree_lambda0,768,0.3739172890614409,0.3936521458669113,0.7532541036861582,0.0,1.0,0.4182125270569303,False
data_size,14218.435672247866,f1_region_2,λ=2,divtree_lambda2_region2,445,0.3987844380620771,0.3936077288902917,0.7873977286603981,0.0,1.0,0.39668873810593525,False
data_size,44961.74220908192,f1_region_2,λ=8,divtree_lambda8_region2,513,0.44053063617278915,0.39360407385909946,0.7848936932942376,0.0,1.0,0.39415822622742586,False
data_size,28369.168428963523,f1_region_2,λ=2,divtree_lambda2_region2,492,0.41880172667682825,0.3933535270742274,0.7996598247573662,0.0,1.0,0.39668873810593525,False
rareness,0.21433751607024035,fnr_region_2,λ=2,divtree_lambda2_region2,978,0.717376980560426,0.3931534480486506,0.47305246004277324,0.0,1.0,0.4210176578267515,False
rareness,0.21433751607024035,recall_region_2,λ=2,divtree_lambda2_region2,978,0.2826230194395741,0.3931534480486506,0.4730524600427732,0.0,1.0,0.4210176578267515,False
noise,0.0012928585165887505,f1_region_2,λ=4,divtree_lambda4_region2,506,0.43558254736134244,0.3930756346141547,0.8001379737323118,0.0,1.0,0.3938406995679612,False
data_size,56603.25340302813,f1_region_2,λ=2,divtree_lambda2_region2,513,0.41359855015346864,0.3930135803315247,0.7827321257752955,0.0,1.0,0.39668873810593525,False
noise,0.12919760763693183,f1_region_2,λ=8,divtree_lambda8_region2,498,0.4286195174038798,0.3928024506468471,0.7649436680709703,0.0,1.0,0.3929945993469245,False
dispersion,0.08620199281382501,f1_region_2,λ=4,divtree_lambda4_region2,463,0.43366370433024626,0.3926044578302026,0.7890177464979492,0.0,1.0,0.4094392641516213,False
data_size,11294.15008639454,f1_region_2,λ=4,divtree_lambda4_region2,495,0.41368883672059137,0.39240800236762735,0.7997239210464832,0.0,1.0,0.394661866044936,False
noise,0.012924172211646637,f1_region_2,λ=4,divtree_lambda4_region2,494,0.44301962872732614,0.39228400858862755,0.8063239593295292,0.0,1.0,0.3938406995679612,False
noise,0.03245961994046289,f1_region_2,λ=2,divtree_lambda2_region2,508,0.43125302927538023,0.3922543780989203,0.7987202044207233,0.0,1.0,0.39840402574235867,False
data_size,35714.5241825939,f1_region_2,λ=0,divtree_lambda0,513,0.39128953308504205,0.3922030262463162,0.7604430103776053,0.0,1.0,0.4033554121603962,False
dispersion,0.08620199281382501,f1_region_2,TwoStep (tuned),twostep_tuned,463,0.36667164949128767,0.39209793706570595,0.7429557578317094,0.0,1.0,0.41406364200007645,False
dispersion,0.1687805109426452,f1_region_2,λ=2,divtree_lambda2_region2,880,0.4001996712442518,0.3920348482624862,0.7803403511480309,0.0,1.0,0.4134333686034613,False
data_size,14218.435672247866,f1_region_2,λ=4,divtree_lambda4_region2,445,0.40470213250965537,0.3919633217220142,0.7780279838179478,0.0,1.0,0.394661866044936,False
noise,0.012924172211646637,f1_region_2,λ=8,divtree_lambda8_region2,494,0.4475737652282292,0.3919590624979312,0.8032035941338457,0.0,1.0,0.3929945993469245,False
dispersion,0.21114977730367337,f1_region_2,λ=0,divtree_lambda0,1011,0.37057410443268746,0.3918892693772286,0.7399367213238066,0.0,1.0,0.4182125270569303,False
data_size,5660.551766902119,f1_region_2,λ=2,divtree_lambda2_region2,477,0.4205354364449333,0.39188858263255655,0.7823620453598429,0.0,1.0,0.39668873810593525,False
dispersion,0.264155074578139,f1_region_2,λ=2,divtree_lambda2_region2,1025,0.3979953056527526,0.39183936957759913,0.7844093077515989,0.0,1.0,0.4134333686034613,False
noise,0.0012928585165887505,f1_region_2,λ=8,divtree_lambda8_region2,506,0.4422656083746032,0.3917702559403451,0.7817973459237699,0.0,1.0,0.3929945993469245,False
data_size,28369.168428963523,f1_region_2,λ=4,divtree_lambda4_region2,492,0.4226127370235282,0.39161692433419926,0.7891680387961466,0.0,1.0,0.394661866044936,False
dispersion,0.330466384177277,f1_region_2,λ=2,divtree_lambda2_region2,1021,0.3889076772200397,0.39159707460372,0.7781264007171672,0.0,1.0,0.4134333686034613,False
noise,0.002048902761431835,f1_region_2,λ=0,divtree_lambda0,520,0.37969775058072947,0.3915716448972684,0.7551544009186236,0.0,1.0,0.4044462951583576,False
noise,0.32448540397292847,f1_region_2,λ=0,divtree_lambda0,536,0.4034493654397951,0.3914060288015444,0.7778247502747109,0.0,1.0,0.4044462951583576,False
noise,2.046805402410199,f1_region_2,λ=8,divtree_lambda8_region2,507,0.43187152678275514,0.39133791744396373,0.7737095357378913,0.0,1.0,0.3929945993469245,False
noise,0.08152374553859773,f1_region_2,λ=4,divtree_lambda4_region2,507,0.4326415648104658,0.3911245624576607,0.7736676441574695,0.0,1.0,0.3938406995679612,False
data_size,11294.15008639454,f1_region_2,λ=8,divtree_lambda8_region2,495,0.4165835428264807,0.39107169526210345,0.8023355882690986,0.0,1.0,0.39415822622742586,False
data_size,22534.52162028631,f1_region_2,λ=0,divtree_lambda0,494,0.41912390701699337,0.3908692495969676,0.7990651515726204,0.0,1.0,0.4033554121603962,False
data_size,28369.168428963523,f1_region_2,λ=8,divtree_lambda8_region2,492,0.42696516098646364,0.3907727934731893,0.7921007403458492,0.0,1.0,0.39415822622742586,False
data_size,56603.25340302813,f1_region_2,λ=8,divtree_lambda8_region2,513,0.41886590648573824,0.39065804373985574,0.7809562595472903,0.0,1.0,0.39415822622742586,False
noise,2.046805402410199,f1_region_2,λ=4,divtree_lambda4_region2,507,0.4308870147706029,0.39063435523325946,0.7803224170599685,0.0,1.0,0.3938406995679612,False
data_size,56603.25340302813,f1_region_2,λ=4,divtree_lambda4_region2,513,0.41841349009233647,0.39059419525377664,0.7826059572114906,0.0,1.0,0.394661866044936,False
noise,1.2915350821512999,f1_region_2,λ=0,divtree_lambda0,493,0.365534308771492,0.39048234949181704,0.7412040656763096,0.0,1.0,0.4044462951583576,False
noise,0.05144151821540545,f1_region_2,λ=2,divtree_lambda2_region2,502,0.3913882170119969,0.3904387075586966,0.7610083689998765,0.0,1.0,0.39840402574235867,False
noise,0.2047504283424231,f1_region_2,λ=0,divtree_lambda0,476,0.3995321476890718,0.39041152959474534,0.7678176620922972,0.0,1.0,0.4044462951583576,False
data_size,8971.298187393322,f1_region_2,λ=0,divtree_lambda0,522,0.3765300227128989,0.39029673035781826,0.7496419430259322,0.0,1.0,0.4033554121603962,False
data_size,17899.87838123264,f1_region_2,λ=0,divtree_lambda0,497,0.383683986603028,0.3902957005621367,0.7509377344336085,0.0,1.0,0.4033554121603962,False
dispersion,0.06890472051252551,f1_region_2,λ=2,divtree_lambda2_region2,378,0.4309006993979627,0.390011865545424,0.7942028354083709,0.0,1.0,0.4134333686034613,False
dispersion,0.5172064705241997,f1_region_2,λ=0,divtree_lambda0,902,0.381773668239234,0.3899520274612523,0.758202972286921,0.0,1.0,0.4182125270569303,False
data_size,14218.435672247866,f1_region_2,λ=8,divtree_lambda8_region2,445,0.4061127782366606,0.38986834228065076,0.7747058369583318,0.0,1.0,0.39415822622742586,False
data_size,7126.183958196354,f1_region_2,λ=2,divtree_lambda2_region2,503,0.41677497431869864,0.38981579693086366,0.7739745682766562,0.0,1.0,0.39668873810593525,False
dispersion,0.06890472051252551,f1_region_2,λ=8,divtree_lambda8_region2,378,0.44377302710928695,0.389746616802825,0.7520927767301055,0.0,1.0,0.4122571721106004,False
noise,0.08152374553859773,f1_region_2,λ=8,divtree_lambda8_region2,507,0.4343539722369712,0.3897127790252436,0.7636561549072413,0.0,1.0,0.3929945993469245,False
data_size,4496.35407866857,f1_region_2,λ=2,divtree_lambda2_region2,458,0.4189419048891268,0.3893766439151843,0.7617835352497537,0.0,1.0,0.39668873810593525,False
dispersion,0.264155074578139,f1_region_2,λ=4,divtree_lambda4_region2,1025,0.4024428197927634,0.3893668280051834,0.7684169278996865,0.0,1.0,0.4094392641516213,False
dispersion,0.06890472051252551,f1_region_2,λ=0,divtree_lambda0,378,0.4121491409364208,0.3892115922037612,0.7641001820699524,0.0,1.0,0.4182125270569303,False
noise,0.020482034030709487,f1_region_2,λ=2,divtree_lambda2_region2,511,0.40222559802615804,0.3892108485832938,0.777848089423487,0.0,1.0,0.39840402574235867,False
noise,0.8149591878462659,f1_region_2,λ=2,divtree_lambda2_region2,507,0.40856043392822083,0.3888789364268847,0.7802439114385836,0.0,1.0,0.39840402574235867,False
data_size,5660.551766902119,f1_region_2,λ=4,divtree_lambda4_region2,477,0.4267308570476925,0.3887861936934075,0.7694754600831949,0.0,1.0,0.394661866044936,False
data_size,1790.0594419330469,f1_region_2,λ=0,divtree_lambda0,499,0.345408655388317,0.38872585899452167,0.7179282673582228,0.0,1.0,0.4033554121603962,False
data_size,22534.52162028631,f1_region_2,λ=2,divtree_lambda2_region2,494,0.42983880645388284,0.38866860358930116,0.8019233253641285,0.0,1.0,0.39668873810593525,False
dispersion,0.08620199281382501,f1_region_2,TwoStep (recall),twostep_recall,463,0.36699471704865827,0.38862110555443735,0.7423196954747783,0.0,1.0,0.41144058137571676,False
data_size,35714.5241825939,f1_region_2,λ=2,divtree_lambda2_region2,513,0.4015384951849957,0.38854370667765487,0.7534744300118085,0.0,1.0,0.39668873810593525,False
dispersion,0.1687805109426452,f1_region_2,λ=4,divtree_lambda4_region2,880,0.40553337307141546,0.3884637317895329,0.7510141686347314,0.0,1.0,0.4094392641516213,False
noise,0.03245961994046289,f1_region_2,λ=4,divtree_lambda4_region2,508,0.4370315726876692,0.3884127230879666,0.7507590641919334,0.0,1.0,0.3938406995679612,False
rareness,0.21433751607024035,recall_region_2,λ=4,divtree_lambda4_region2,978,0.2853638232522735,0.3883702095483331,0.4662808499046969,0.0,1.0,0.4158661160922854,False
rareness,0.21433751607024035,fnr_region_2,λ=4,divtree_lambda4_region2,978,0.7146361767477265,0.38837020954833307,0.46628084990469687,0.0,1.0,0.4158661160922854,False
data_size,22534.52162028631,f1_region_2,λ=8,divtree_lambda8_region2,494,0.4434678348177803,0.38816676468220457,0.8038581138269962,0.0,1.0,0.39415822622742586,False
noise,0.05144151821540545,f1_region_2,λ=8,divtree_lambda8_region2,502,0.39626679529299264,0.3881648060533876,0.7617753121614966,0.0,1.0,0.3929945993469245,False
noise,0.05144151821540545,f1_region_2,λ=4,divtree_lambda4_region2,502,0.3960281722004538,0.3879112815688378,0.7568756663710934,0.0,1.0,0.3938406995679612,False
rareness,0.26752573998233714,fnr_region_2,TwoStep (tuned),twostep_tuned,967,0.7205174779279301,0.38784810896000965,0.5969395343873052,0.0,1.0,0.39211844455319544,False
rareness,0.26752573998233714,recall_region_2,TwoStep (tuned),twostep_tuned,967,0.27948252207206986,0.38784810896000965,0.5969395343873052,0.0,1.0,0.39211844455319544,False
data_size,2253.5423055237598,f1_region_2,λ=2,divtree_lambda2_region2,502,0.39663324403816996,0.3876615641570762,0.7557690842766055,0.0,1.0,0.39668873810593525,False
data_size,3571.5952849281794,f1_region_2,λ=0,divtree_lambda0,513,0.38264189743395854,0.38760803324874527,0.7554322699953768,0.0,1.0,0.4033554121603962,False
data_size,35714.5241825939,f1_region_2,λ=4,divtree_lambda4_region2,513,0.4031180570546543,0.38752614280761183,0.7534744300118085,0.0,1.0,0.394661866044936,False
data_size,5660.551766902119,f1_region_2,λ=8,divtree_lambda8_region2,477,0.42465827775383075,0.3874756960943991,0.7491298158607705,0.0,1.0,0.39415822622742586,False
noise,0.514239595217779,f1_region_2,λ=2,divtree_lambda2_region2,458,0.43677176952982927,0.38744556943701364,0.8039159403814576,0.0,1.0,0.39840402574235867,False
dispersion,0.10784142958281023,f1_region_2,λ=2,divtree_lambda2_region2,621,0.43396221475819435,0.3872833060484656,0.7792839644719375,0.0,1.0,0.4134333686034613,False
dispersion,0.06890472051252551,f1_region_2,λ=4,divtree_lambda4_region2,378,0.4353127905731366,0.3871541907540765,0.7375024493982677,0.0,1.0,0.4094392641516213,False
data_size,22534.52162028631,f1_region_2,λ=4,divtree_lambda4_region2,494,0.43657775752440164,0.3870744927387274,0.7859389572537693,0.0,1.0,0.394661866044936,False
dispersion,0.6470417138878943,f1_region_2,λ=0,divtree_lambda0,768,0.37968919984050786,0.3869916266422323,0.7461777693651299,0.0,1.0,0.4182125270569303,False
data_size,4496.35407866857,f1_region_2,λ=4,divtree_lambda4_region2,458,0.42037485972106314,0.38694573200078736,0.7254908080296761,0.0,1.0,0.394661866044936,False
noise,0.03245961994046289,f1_region_2,λ=8,divtree_lambda8_region2,508,0.4422478621954331,0.38689837298780355,0.7584031006474788,0.0,1.0,0.3929945993469245,False
data_size,35714.5241825939,f1_region_2,λ=8,divtree_lambda8_region2,513,0.4052248070906404,0.3867107274642107,0.745646641362102,0.0,1.0,0.39415822622742586,False
dispersion,0.330466384177277,f1_region_2,λ=4,divtree_lambda4_region2,1021,0.39677523340855464,0.38653869283795733,0.7613951502181086,0.0,1.0,0.4094392641516213,False
noise,0.020482034030709487,f1_region_2,λ=4,divtree_lambda4_region2,511,0.4069031636738697,0.38634329996332983,0.7589515623366643,0.0,1.0,0.3938406995679612,False
noise,0.2047504283424231,f1_region_2,λ=2,divtree_lambda2_region2,476,0.4085089432089276,0.3863158854641385,0.764641389597094,0.0,1.0,0.39840402574235867,False
dispersion,0.1687805109426452,f1_region_2,λ=8,divtree_lambda8_region2,880,0.406907187908715,0.3861673030317268,0.7365279453882243,0.0,1.0,0.4122571721106004,False
dispersion,0.10784142958281023,f1_region_2,λ=8,divtree_lambda8_region2,621,0.4517440165610068,0.38613196254300003,0.7558892696511219,0.0,1.0,0.4122571721106004,False
dispersion,0.264155074578139,f1_region_2,λ=8,divtree_lambda8_region2,1025,0.40700296724884505,0.3861151165732391,0.7370898489708635,0.0,1.0,0.4122571721106004,False
noise,0.2047504283424231,f1_region_2,λ=4,divtree_lambda4_region2,476,0.41380264718350945,0.38606717226986015,0.7543294447165609,0.0,1.0,0.3938406995679612,False
noise,0.8149591878462659,f1_region_2,λ=4,divtree_lambda4_region2,507,0.4158934273444365,0.3858809086774938,0.7718051610289556,0.0,1.0,0.3938406995679612,False
dispersion,0.4134239376079035,f1_region_2,λ=0,divtree_lambda0,917,0.3725790030655019,0.3858568424163303,0.7495124977840808,0.0,1.0,0.4182125270569303,False
rareness,0.21433751607024035,fnr_region_2,λ=8,divtree_lambda8_region2,978,0.7141022381113301,0.3856289138866614,0.47675160241210723,0.0,1.0,0.41673009671363453,False
rareness,0.21433751607024035,recall_region_2,λ=8,divtree_lambda8_region2,978,0.28589776188867,0.3856289138866614,0.47675160241210723,0.0,1.0,0.41673009671363453,False
dispersion,0.13491305194743766,f1_region_2,λ=2,divtree_lambda2_region2,768,0.38840060867254445,0.3854454573866568,0.7556614319880864,0.0,1.0,0.4134333686034613,False
dispersion,0.21114977730367337,f1_region_2,λ=2,divtree_lambda2_region2,1011,0.380897109517563,0.38541983305172584,0.7436506507611088,0.0,1.0,0.4134333686034613,False
data_size,17899.87838123264,f1_region_2,λ=2,divtree_lambda2_region2,497,0.39141248763656716,0.3853277208744818,0.746031746031746,0.0,1.0,0.39668873810593525,False
noise,0.0051459082904443,f1_region_2,λ=2,divtree_lambda2_region2,475,0.4156653541888097,0.38520273855695153,0.76594512365654,0.0,1.0,0.39840402574235867,False
sparsity,2.0,fnr_region_2,λ=0,divtree_lambda0,1669,0.5290796371214961,0.3851567605976669,0.8247161180608116,0.0,1.0,0.45101120398933037,False
sparsity,2.0,recall_region_2,λ=0,divtree_lambda0,1669,0.470920362878504,0.3851567605976669,0.8247161180608116,0.0,1.0,0.45101120398933037,False
noise,0.2047504283424231,f1_region_2,λ=8,divtree_lambda8_region2,476,0.4177205656529012,0.3848891573106534,0.7370117821881257,0.0,1.0,0.3929945993469245,False
rareness,0.13758257462279105,precision_region_2,λ=2,divtree_lambda2_region2,477,0.5197009497457732,0.3846491012852881,0.8454106280193237,0.05210526315789474,1.0,0.44840864800223723,False
noise,0.020482034030709487,f1_region_2,λ=8,divtree_lambda8_region2,511,0.408804365177848,0.3846115157713352,0.7380609261067576,0.0,1.0,0.3929945993469245,False
noise,0.8149591878462659,f1_region_2,λ=8,divtree_lambda8_region2,507,0.42091775057782016,0.3842718649169286,0.7613448368861955,0.0,1.0,0.3929945993469245,False
data_size,4496.35407866857,f1_region_2,λ=8,divtree_lambda8_region2,458,0.4235943126268979,0.3842403711039953,0.7240177558215004,0.0,1.0,0.39415822622742586,False
data_size,7126.183958196354,f1_region_2,λ=4,divtree_lambda4_region2,503,0.42463981961050695,0.38421846226806844,0.7279093193241454,0.0,1.0,0.394661866044936,False
rareness,0.13758257462279105,precision_region_2,λ=0,divtree_lambda0,370,0.60871714445113,0.3840800078951714,0.8188311688311688,0.08869047619047618,1.0,0.4347942564941138,False
rareness,0.029153571634755276,fnr_region_2,λ=2,divtree_lambda2_region2,68,0.755423223661091,0.3840327896712986,0.3737719298245614,0.0,1.0,0.4210176578267515,False
rareness,0.029153571634755276,recall_region_2,λ=2,divtree_lambda2_region2,68,0.24457677633890884,0.3840327896712986,0.3737719298245614,0.0,1.0,0.4210176578267515,False
dispersion,0.10784142958281023,f1_region_2,λ=4,divtree_lambda4_region2,621,0.4456271272151895,0.3839956857484939,0.7641945707592669,0.0,1.0,0.4094392641516213,False
data_size,2837.030326379124,f1_region_2,λ=0,divtree_lambda0,555,0.3569803764240142,0.38397518120677465,0.7163127348523239,0.0,1.0,0.4033554121603962,False
dispersion,0.330466384177277,f1_region_2,λ=8,divtree_lambda8_region2,1021,0.3996598324190193,0.38378295276736085,0.7358421771240613,0.0,1.0,0.4122571721106004,False
dispersion,0.10784142958281023,f1_region_2,TwoStep (tuned),twostep_tuned,621,0.36066397338597833,0.38375073686222577,0.7356132280184012,0.0,1.0,0.41406364200007645,False
dispersion,0.8094697250919155,f1_region_2,λ=0,divtree_lambda0,604,0.42985545247439766,0.38366775304893536,0.7861308943745776,0.0,1.0,0.4182125270569303,False
data_size,17899.87838123264,f1_region_2,λ=4,divtree_lambda4_region2,497,0.3930066255330679,0.38359436339247793,0.7492215995018237,0.0,1.0,0.394661866044936,False
data_size,8971.298187393322,f1_region_2,λ=2,divtree_lambda2_region2,522,0.3908053895171119,0.3835515227970344,0.7472369708334473,0.0,1.0,0.39668873810593525,False
noise,0.514239595217779,f1_region_2,λ=4,divtree_lambda4_region2,458,0.4456600756612506,0.38344674180360017,0.7668103011202506,0.0,1.0,0.3938406995679612,False
data_size,7126.183958196354,f1_region_2,λ=8,divtree_lambda8_region2,503,0.4265174791128192,0.38338009044148663,0.7247837516531099,0.0,1.0,0.39415822622742586,False
dispersion,0.13491305194743766,f1_region_2,λ=8,divtree_lambda8_region2,768,0.40287146940919527,0.3832123126072307,0.7408380137949874,0.0,1.0,0.4122571721106004,False
noise,0.002048902761431835,f1_region_2,λ=2,divtree_lambda2_region2,520,0.3940607017183193,0.383036915795769,0.7460513939344171,0.0,1.0,0.39840402574235867,False
data_size,2253.5423055237598,f1_region_2,λ=8,divtree_lambda8_region2,502,0.4080874316556392,0.38290547269076997,0.7310415273899517,0.0,1.0,0.39415822622742586,False
dispersion,0.21114977730367337,f1_region_2,λ=4,divtree_lambda4_region2,1011,0.38480607214288687,0.38288134233453225,0.7330972475795542,0.0,1.0,0.4094392641516213,False
dispersion,0.13491305194743766,f1_region_2,λ=4,divtree_lambda4_region2,768,0.3933299324245825,0.382867572688857,0.7417022182358629,0.0,1.0,0.4094392641516213,False
noise,3.2437464635937765,f1_region_2,λ=0,divtree_lambda0,504,0.3388970086637539,0.38278277354671353,0.7111440055840373,0.0,1.0,0.4044462951583576,False
data_size,17899.87838123264,f1_region_2,λ=8,divtree_lambda8_region2,497,0.3957278215496609,0.3823022339801329,0.7426432813491087,0.0,1.0,0.39415822622742586,False
data_size,2253.5423055237598,f1_region_2,λ=4,divtree_lambda4_region2,502,0.4001183193551674,0.38220220744533684,0.7349383877458185,0.0,1.0,0.394661866044936,False
dispersion,0.10784142958281023,f1_region_2,TwoStep (recall),twostep_recall,621,0.36242666481345887,0.38209869218596376,0.7268201617921594,0.0,1.0,0.41144058137571676,False
data_size,1421.9004443801273,f1_region_2,λ=0,divtree_lambda0,524,0.3457363631707437,0.38198763467556796,0.7296238679926663,0.0,1.0,0.4033554121603962,False
noise,0.0051459082904443,f1_region_2,λ=4,divtree_lambda4_region2,475,0.4186215417385711,0.38177335033353016,0.7399604206195549,0.0,1.0,0.3938406995679612,False
noise,0.514239595217779,f1_region_2,λ=8,divtree_lambda8_region2,458,0.4454078312982008,0.3817370401614668,0.7596795521773436,0.0,1.0,0.3929945993469245,False
noise,0.002048902761431835,f1_region_2,λ=4,divtree_lambda4_region2,520,0.40190521873031426,0.3816414224530064,0.7363985630908363,0.0,1.0,0.3938406995679612,False
dispersion,0.5172064705241997,f1_region_2,λ=2,divtree_lambda2_region2,902,0.39223538787069884,0.38158601588817076,0.7452912064457353,0.0,1.0,0.4134333686034613,False
noise,0.32448540397292847,f1_region_2,λ=2,divtree_lambda2_region2,536,0.4103778784595964,0.38134619295806405,0.7498110055856281,0.0,1.0,0.39840402574235867,False
noise,0.0051459082904443,f1_region_2,λ=8,divtree_lambda8_region2,475,0.4278844522484289,0.38111794332469956,0.7559779582506713,0.0,1.0,0.3929945993469245,False
noise,1.2915350821512999,f1_region_2,λ=2,divtree_lambda2_region2,493,0.37569951726161505,0.3810363541349385,0.732451000165729,0.0,1.0,0.39840402574235867,False
dispersion,0.21114977730367337,f1_region_2,λ=8,divtree_lambda8_region2,1011,0.3880439400342982,0.3805946783054682,0.7227787710229443,0.0,1.0,0.4122571721106004,False
data_size,1129.460187950577,f1_region_2,λ=0,divtree_lambda0,483,0.35705385414556773,0.38056581661092564,0.7340159347909603,0.0,1.0,0.4033554121603962,False
noise,0.002048902761431835,f1_region_2,λ=8,divtree_lambda8_region2,520,0.404876971156691,0.3801716294075692,0.7210201673759359,0.0,1.0,0.3929945993469245,False
rareness,0.11022904674946227,fnr_region_2,λ=0,divtree_lambda0,626,0.7843982868949113,0.38010131847883044,0.1754578754578755,0.0,1.0,0.4269225696109904,False
rareness,0.11022904674946227,recall_region_2,λ=0,divtree_lambda0,626,0.21560171310508872,0.38010131847883044,0.17545787545787547,0.0,1.0,0.42692256961099034,False
data_size,8971.298187393322,f1_region_2,λ=4,divtree_lambda4_region2,522,0.3957040493754892,0.3798563955835348,0.7302424497415811,0.0,1.0,0.394661866044936,False
dispersion,0.13491305194743766,f1_region_2,TwoStep (tuned),twostep_tuned,768,0.3180950272064733,0.3798358007329365,0.7009468953243942,0.0,1.0,0.41406364200007645,False
rareness,0.13758257462279105,precision_region_2,λ=4,divtree_lambda4_region2,524,0.4930924908972279,0.3797985988565221,0.8520585317460317,0.07373358348968105,1.0,0.44723907984467964,False
rareness,0.11022904674946227,fnr_region_2,λ=2,divtree_lambda2_region2,626,0.7692271246425986,0.3797529318966779,0.2237373737373738,0.0,1.0,0.4210176578267515,False
rareness,0.11022904674946227,recall_region_2,λ=2,divtree_lambda2_region2,626,0.23077287535740132,0.3797529318966779,0.22373737373737373,0.0,1.0,0.4210176578267515,False
data_size,3571.5952849281794,f1_region_2,λ=2,divtree_lambda2_region2,513,0.39588624705739595,0.3795197586250558,0.7088271109923074,0.0,1.0,0.39668873810593525,False
noise,1.2915350821512999,f1_region_2,λ=4,divtree_lambda4_region2,493,0.37548667757996324,0.3794489577832676,0.7210066684253497,0.0,1.0,0.3938406995679612,False
noise,0.32448540397292847,f1_region_2,λ=4,divtree_lambda4_region2,536,0.41668995542970394,0.37923442703366256,0.7237200537120281,0.0,1.0,0.3938406995679612,False
rareness,0.13758257462279105,precision_region_2,λ=8,divtree_lambda8_region2,549,0.4750736947950936,0.3791914241627713,0.8433412268831755,0.0760522496371553,1.0,0.44668270894847406,False
noise,0.514239595217779,f1_region_2,TwoStep (tuned),twostep_tuned,458,0.3578070259811781,0.3788429001709861,0.737621028065616,0.0,0.9448644492165155,0.3788721995127087,False
noise,0.012924172211646637,f1_region_2,TwoStep (tuned),twostep_tuned,494,0.33491064590565933,0.3788366938588823,0.7046336237984935,0.0,0.9965340481346993,0.3788721995127087,False
noise,0.0012928585165887505,f1_region_2,TwoStep (tuned),twostep_tuned,506,0.334269051316893,0.3786781311301609,0.7120856334854782,0.0,0.9998165810711666,0.3788721995127087,False
data_size,8971.298187393322,f1_region_2,λ=8,divtree_lambda8_region2,522,0.3967541455874632,0.3780777481438262,0.7214739800524169,0.0,1.0,0.39415822622742586,False
dispersion,0.13491305194743766,f1_region_2,TwoStep (recall),twostep_recall,768,0.31804197239571175,0.37802372867045,0.697910840861795,0.0,1.0,0.41144058137571676,False
noise,0.32448540397292847,f1_region_2,λ=8,divtree_lambda8_region2,536,0.42199132552029234,0.3779512331943233,0.7079638886070799,0.0,1.0,0.3929945993469245,False
rareness,0.11022904674946227,recall_region_2,λ=8,divtree_lambda8_region2,626,0.24179677970787164,0.3776532631076581,0.26691729323308266,0.0,1.0,0.41673009671363453,False
rareness,0.11022904674946227,fnr_region_2,λ=8,divtree_lambda8_region2,626,0.7582032202921284,0.37765326310765807,0.2669172932330828,0.0,1.0,0.41673009671363453,False
dispersion,0.8094697250919155,f1_region_2,TwoStep (tuned),twostep_tuned,604,0.45375505460988064,0.37750508917774434,0.8125384464769354,0.0,0.9980289247103282,0.41406364200007645,False
dispersion,0.6470417138878943,f1_region_2,λ=2,divtree_lambda2_region2,768,0.38613632681151505,0.3773707561495629,0.72461177156391,0.0,1.0,0.4134333686034613,False
dispersion,0.4134239376079035,f1_region_2,λ=2,divtree_lambda2_region2,917,0.38355876628726354,0.3772142427925139,0.7354880952380953,0.0,1.0,0.4134333686034613,False
dispersion,0.06890472051252551,f1_region_2,TwoStep (tuned),twostep_tuned,378,0.37364468713574606,0.37705908069967226,0.717387891229426,0.0,1.0,0.41406364200007645,False
data_size,5660.551766902119,f1_region_2,TwoStep (tuned),twostep_tuned,477,0.33885691990930356,0.37705151167486645,0.7015297047314123,0.0,1.0,0.3771595723741076,False
noise,0.03245961994046289,f1_region_2,TwoStep (tuned),twostep_tuned,508,0.3409685691150724,0.3769816651483481,0.7085786770233025,0.0,0.9629076748005707,0.3788721995127087,False
dispersion,0.5172064705241997,f1_region_2,λ=4,divtree_lambda4_region2,902,0.3995244383045365,0.37691978620340544,0.7146550898899829,0.0,1.0,0.4094392641516213,False
noise,0.0032470703266739244,f1_region_2,TwoStep (recall),twostep_recall,516,0.32183673360703635,0.3767429845803781,0.715502115527517,0.0,0.998742834667463,0.3767897655575654,False
noise,2.046805402410199,f1_region_2,TwoStep (tuned),twostep_tuned,507,0.3463037683529899,0.3765939470929391,0.7117109731018604,0.0,1.0,0.3788721995127087,False
rareness,0.11022904674946227,fnr_region_2,λ=4,divtree_lambda4_region2,626,0.7641171400523266,0.3765773607762684,0.2603438055720213,0.0,1.0,0.4158661160922854,False
rareness,0.11022904674946227,recall_region_2,λ=4,divtree_lambda4_region2,626,0.23588285994767338,0.3765773607762684,0.26034380557202136,0.0,1.0,0.4158661160922854,False
dispersion,0.8094697250919155,f1_region_2,TwoStep (recall),twostep_recall,604,0.45504592072412714,0.37631942016404835,0.8118027071478758,0.0,0.9980289247103282,0.41144058137571676,False
noise,0.0012928585165887505,f1_region_2,TwoStep (recall),twostep_recall,506,0.3341255640151398,0.37630497014280867,0.7109465124552669,0.0,0.9998165810711666,0.3767897655575654,False
noise,0.012924172211646637,f1_region_2,TwoStep (recall),twostep_recall,494,0.3340041815596535,0.37616132830029836,0.6977180581855879,0.0,0.9943469206309484,0.3767897655575654,False
noise,0.03245961994046289,f1_region_2,TwoStep (recall),twostep_recall,508,0.34157343552247477,0.3756011066286581,0.7063838544424005,0.0,0.9506159911877867,0.3767897655575654,False
rareness,0.11022904674946227,f1_region_2,λ=8,divtree_lambda8_region2,626,0.25321860733409673,0.3753523801772414,0.36460625423155046,0.0,1.0,0.3773597443848267,False
noise,0.08152374553859773,f1_region_2,TwoStep (tuned),twostep_tuned,507,0.3095727022976114,0.3753246032430573,0.6943288241415193,0.0,0.9881185985440778,0.3788721995127087,False
noise,1.2915350821512999,f1_region_2,λ=8,divtree_lambda8_region2,493,0.3771477675003741,0.3752486183926736,0.6931814941437355,0.0,1.0,0.3929945993469245,False
noise,2.046805402410199,f1_region_2,TwoStep (recall),twostep_recall,507,0.34881575676731946,0.3751222932691617,0.7146127611899142,0.0,1.0,0.3767897655575654,False
data_size,89709.39328288496,f1_region_2,TwoStep (recall),twostep_recall,509,0.359277061703945,0.375039478171721,0.7182558074862344,0.0,0.9996279069767442,0.3751304056691058,False
rareness,0.11022904674946227,f1_region_2,λ=4,divtree_lambda4_region2,626,0.24653169955346788,0.374968502124757,0.3472371804322457,0.0,1.0,0.3769077654089158,False
data_size,1790.0594419330469,f1_region_2,λ=2,divtree_lambda2_region2,499,0.3615352714666162,0.37496772271068807,0.6898423131286286,0.0,1.0,0.39668873810593525,False
data_size,3571.5952849281794,f1_region_2,λ=4,divtree_lambda4_region2,513,0.4035555596994092,0.37480982509992056,0.6993636395598214,0.0,1.0,0.394661866044936,False
dispersion,0.06890472051252551,f1_region_2,TwoStep (recall),twostep_recall,378,0.37642996334110146,0.37476587081188967,0.7248633040753236,0.0,1.0,0.41144058137571676,False
noise,0.0051459082904443,f1_region_2,TwoStep (tuned),twostep_tuned,475,0.3283082903480931,0.3747613854143749,0.7095799920913183,0.0,0.9606582439835079,0.3788721995127087,False
noise,3.2437464635937765,f1_region_2,λ=2,divtree_lambda2_region2,504,0.35613380612913853,0.3744902940635082,0.7204789890747719,0.0,1.0,0.39840402574235867,False
rareness,0.02335739405554703,recall_region_2,λ=8,divtree_lambda8_region2,32,0.20338435103575253,0.37433761696867257,0.12377096587622903,0.0,1.0,0.41673009671363453,False
rareness,0.02335739405554703,fnr_region_2,λ=8,divtree_lambda8_region2,32,0.7966156489642475,0.3743376169686725,0.12377096587622904,0.0,1.0,0.41673009671363453,False
data_size,14218.435672247866,f1_region_2,TwoStep (tuned),twostep_tuned,445,0.3272288251888694,0.37405031093938024,0.6976486246672582,0.0,1.0,0.3771595723741076,False
dispersion,0.4134239376079035,f1_region_2,λ=4,divtree_lambda4_region2,917,0.3883473581432246,0.3739593794215671,0.7158033028922254,0.0,1.0,0.4094392641516213,False
noise,0.08152374553859773,f1_region_2,TwoStep (recall),twostep_recall,507,0.30941764333036365,0.3739313293734471,0.6929280397022333,0.0,0.9804764274834794,0.3767897655575654,False
data_size,2253.5423055237598,f1_region_2,TwoStep (tuned),twostep_tuned,502,0.32952044472079617,0.3735925696338314,0.7097996899944999,0.0,0.9924225486440639,0.3771595723741076,False
dispersion,0.5172064705241997,f1_region_2,λ=8,divtree_lambda8_region2,902,0.39934575507007725,0.3734721015280583,0.6997328554623646,0.0,1.0,0.4122571721106004,False
dispersion,0.6470417138878943,f1_region_2,λ=4,divtree_lambda4_region2,768,0.39115325714759247,0.37342116673247683,0.7037253006494195,0.0,1.0,0.4094392641516213,False
noise,0.002048902761431835,f1_region_2,TwoStep (tuned),twostep_tuned,520,0.3243058285661675,0.3733887865201167,0.69056045747618,0.0,0.9928712750292199,0.3788721995127087,False
dispersion,0.4134239376079035,f1_region_2,λ=8,divtree_lambda8_region2,917,0.38982697752220863,0.3733642864719939,0.6998566939245879,0.0,1.0,0.4122571721106004,False
data_size,44961.74220908192,f1_region_2,TwoStep (tuned),twostep_tuned,513,0.3407097265134579,0.37332391006729804,0.7013893940496109,0.0,1.0,0.3771595723741076,False
data_size,3571.5952849281794,f1_region_2,λ=8,divtree_lambda8_region2,513,0.4062106931027192,0.37305033212457195,0.6812560947383199,0.0,1.0,0.39415822622742586,False
data_size,2253.5423055237598,f1_region_2,TwoStep (recall),twostep_recall,502,0.3336189384908924,0.3728725520024373,0.7088717578984342,0.0,0.9799010600265006,0.3751304056691058,False
noise,0.2047504283424231,f1_region_2,TwoStep (tuned),twostep_tuned,476,0.3319409567525172,0.3728528155172247,0.6948072717819884,0.0,1.0,0.3788721995127087,False
rareness,0.02335739405554703,fnr_region_2,λ=4,divtree_lambda4_region2,32,0.7991046820110361,0.3727508770235617,0.10389610389610393,0.0,1.0,0.4158661160922854,False
rareness,0.02335739405554703,recall_region_2,λ=4,divtree_lambda4_region2,32,0.20089531798896387,0.3727508770235617,0.1038961038961039,0.0,1.0,0.4158661160922854,False
rareness,0.03638808066694245,f1_region_2,λ=4,divtree_lambda4_region2,116,0.21056407988472042,0.3724447273866613,0.13923611111111112,0.0,1.0,0.3769077654089158,False
data_size,44961.74220908192,f1_region_2,TwoStep (recall),twostep_recall,513,0.34026246946478783,0.3721004362878554,0.7013893940496109,0.0,1.0,0.3751304056691058,False
noise,0.0051459082904443,f1_region_2,TwoStep (recall),twostep_recall,475,0.3285993511865651,0.3720159410206727,0.7089402282864732,0.0,0.9541421731164292,0.3767897655575654,False
data_size,22534.52162028631,f1_region_2,TwoStep (tuned),twostep_tuned,494,0.3413828638949742,0.37169244273457486,0.7011593575736239,0.0,0.9996314637827411,0.3771595723741076,False
rareness,0.17172392756746951,fnr_region_2,λ=0,divtree_lambda0,878,0.7805956748473039,0.3716790568476949,0.21437200662047062,0.0,1.0,0.4269225696109904,False
rareness,0.17172392756746951,recall_region_2,λ=0,divtree_lambda0,878,0.21940432515269612,0.3716790568476949,0.21437200662047068,0.0,1.0,0.42692256961099034,False
noise,0.32448540397292847,f1_region_2,TwoStep (tuned),twostep_tuned,536,0.32680517547890087,0.3716631520691698,0.6992722080433827,0.0,1.0,0.3788721995127087,False
dispersion,0.8094697250919155,f1_region_2,λ=2,divtree_lambda2_region2,604,0.43954059053821737,0.3715902990146901,0.7233643051234233,0.0,1.0,0.4134333686034613,False
data_size,1421.9004443801273,f1_region_2,λ=2,divtree_lambda2_region2,524,0.3680407669896622,0.3714883163557396,0.6882272278464249,0.0,1.0,0.39668873810593525,False
data_size,14218.435672247866,f1_region_2,TwoStep (recall),twostep_recall,445,0.32656053931227497,0.37145363294505296,0.6945768388509597,0.0,1.0,0.3751304056691058,False
noise,0.2047504283424231,f1_region_2,TwoStep (recall),twostep_recall,476,0.3328938254467963,0.3714054703415612,0.6935858847950181,0.0,1.0,0.3767897655575654,False
rareness,0.03638808066694245,f1_region_2,λ=8,divtree_lambda8_region2,116,0.21661315434148418,0.371363033666531,0.1675399889685604,0.0,1.0,0.3773597443848267,False
noise,3.2437464635937765,f1_region_2,λ=4,divtree_lambda4_region2,504,0.3592864719739493,0.371324474216646,0.7004696649007531,0.0,1.0,0.3938406995679612,False
noise,0.002048902761431835,f1_region_2,TwoStep (recall),twostep_recall,520,0.3234808890917656,0.3713021821217787,0.6870574682587144,0.0,0.9843964431734272,0.3767897655575654,False
rareness,0.13758257462279105,precision_region_2,TwoStep (tuned),twostep_tuned,242,0.4439119471364932,0.37099956053025884,0.7189207702745051,0.0,1.0,0.38740544582759256,False
dispersion,0.6470417138878943,f1_region_2,λ=8,divtree_lambda8_region2,768,0.388948855980867,0.37098893243651176,0.6870984661236186,0.0,1.0,0.4122571721106004,False
noise,0.8149591878462659,f1_region_2,TwoStep (tuned),twostep_tuned,507,0.3343335987206515,0.37083285040467734,0.7018492877578232,0.0,0.97239788305028,0.3788721995127087,False
rareness,0.17172392756746951,precision_region_2,λ=0,divtree_lambda0,466,0.5655564103351157,0.37078295966683067,0.8099758890898131,0.100559661333142,1.0,0.4347942564941138,False
noise,0.12919760763693183,f1_region_2,TwoStep (tuned),twostep_tuned,498,0.3217308417701864,0.3706749122076748,0.6811630655074985,0.0,0.9910708988746416,0.3788721995127087,False
rareness,0.13758257462279105,precision_region_2,TwoStep (recall),twostep_recall,255,0.42501855902414104,0.3705274729572027,0.6717371641393988,0.0,1.0,0.3852468728546817,False
data_size,7126.183958196354,f1_region_2,TwoStep (tuned),twostep_tuned,503,0.3295820458590307,0.3704136297287256,0.7047073271733979,0.0,0.9521480426574338,0.3771595723741076,False
data_size,7126.183958196354,f1_region_2,TwoStep (recall),twostep_recall,503,0.33256081697309187,0.37031369839182776,0.7063574100993495,0.0,0.9485266147867356,0.3751304056691058,False
data_size,4496.35407866857,f1_region_2,TwoStep (tuned),twostep_tuned,458,0.33307079475712303,0.3702726437116648,0.7053775196944007,0.0,0.9459699091606717,0.3771595723741076,False
noise,0.32448540397292847,f1_region_2,TwoStep (recall),twostep_recall,536,0.3277818145593316,0.37019206758660045,0.6965198873131749,0.0,0.9826801959412176,0.3767897655575654,False
data_size,2837.030326379124,f1_region_2,λ=2,divtree_lambda2_region2,555,0.36670135308675605,0.36996002014932183,0.6731178876544418,0.0,1.0,0.39668873810593525,False
rareness,0.02335739405554703,f1_region_2,λ=2,divtree_lambda2_region2,32,0.1965398446315923,0.36964027765967145,0.06700361680422888,0.0,1.0,0.3714824320098797,False
data_size,4496.35407866857,f1_region_2,TwoStep (recall),twostep_recall,458,0.33699595477847577,0.369314685445807,0.7086664110203239,0.0,0.9408539567429913,0.3751304056691058,False
noise,3.2437464635937765,f1_region_2,λ=8,divtree_lambda8_region2,504,0.3638977408097141,0.3692531578504207,0.6834035432324234,0.0,1.0,0.3929945993469245,False
data_size,22534.52162028631,f1_region_2,TwoStep (recall),twostep_recall,494,0.341281799087497,0.36917527873417777,0.6985248106207728,0.0,0.9648523941039088,0.3751304056691058,False
noise,0.8149591878462659,f1_region_2,TwoStep (recall),twostep_recall,507,0.3347498196366077,0.368869779919212,0.6987919152423737,0.0,0.9623387485110372,0.3767897655575654,False
noise,0.12919760763693183,f1_region_2,TwoStep (recall),twostep_recall,498,0.3226128177651526,0.3688649137252962,0.6827937646715164,0.0,0.9895347382957739,0.3767897655575654,False
rareness,0.08831382012299085,precision_region_2,TwoStep (tuned),twostep_tuned,146,0.33636306321433046,0.3685788868943682,0.5724288169111436,0.0,1.0,0.38740544582759256,False
data_size,28369.168428963523,f1_region_2,TwoStep (tuned),twostep_tuned,492,0.3243043949828302,0.3683681229364821,0.6957024266073477,0.0,0.949849310025263,0.3771595723741076,False
rareness,0.045417845580381686,f1_region_2,λ=8,divtree_lambda8_region2,185,0.22692418723046934,0.36808460517246583,0.3404255319148936,0.0,1.0,0.3773597443848267,False
sparsity,2.0,fnr_region_2,λ=2,divtree_lambda2_region2,1669,0.5093366713749632,0.36806224643266156,0.763887072905125,0.0,0.9941149261697206,0.4494067659717432,False
sparsity,2.0,recall_region_2,λ=2,divtree_lambda2_region2,1669,0.4906633286250368,0.36806224643266156,0.763887072905125,0.005885073830279316,1.0,0.4494067659717432,False
rareness,0.07075567697181442,precision_region_2,TwoStep (tuned),twostep_tuned,93,0.3061857770941605,0.36782941053096757,0.583214310004761,0.0,1.0,0.38740544582759256,False
data_size,11294.15008639454,f1_region_2,TwoStep (tuned),twostep_tuned,495,0.3191138424866605,0.3669627544481155,0.6849256756188264,0.0,0.9644395792440484,0.3771595723741076,False
data_size,11294.15008639454,f1_region_2,TwoStep (recall),twostep_recall,495,0.3205523491528975,0.3669181664348526,0.684658056487712,0.0,0.9552772331264779,0.3751304056691058,False
rareness,0.17172392756746951,precision_region_2,λ=2,divtree_lambda2_region2,593,0.48963686595847855,0.3667372455380881,0.8123584316175897,0.08638440450807189,1.0,0.44840864800223723,False
data_size,28369.168428963523,f1_region_2,TwoStep (recall),twostep_recall,492,0.32356084389003503,0.36673368646654064,0.6944814121251752,0.0,0.944534788257292,0.3751304056691058,False
rareness,0.03638808066694245,f1_region_2,λ=2,divtree_lambda2_region2,116,0.200328992020777,0.3666336300394361,0.11458333333333333,0.0,1.0,0.3714824320098797,False
rareness,0.17172392756746951,fnr_region_2,λ=2,divtree_lambda2_region2,878,0.7703665900014325,0.3666202023421751,0.24220514169624108,0.0,1.0,0.4210176578267515,False
rareness,0.17172392756746951,recall_region_2,λ=2,divtree_lambda2_region2,878,0.2296334099985676,0.3666202023421751,0.24220514169624105,0.0,1.0,0.4210176578267515,False
dispersion,0.8094697250919155,f1_region_2,λ=4,divtree_lambda4_region2,604,0.4355211759421812,0.3665909528756198,0.6974191896384845,0.0,1.0,0.4094392641516213,False
sparsity,2.0,f1_region_2,TwoStep (tuned),twostep_tuned,1669,0.3719393958538593,0.36649820500253694,0.7291896776784818,0.0,0.9374679079852365,0.4064245174016671,False
rareness,0.13758257462279105,fnr_region_2,λ=0,divtree_lambda0,743,0.7878496668792526,0.3662943615228955,0.2118932973805855,0.0,1.0,0.4269225696109904,False
rareness,0.13758257462279105,recall_region_2,λ=0,divtree_lambda0,743,0.21215033312074738,0.3662943615228955,0.21189329738058552,0.0,1.0,0.42692256961099034,False
data_size,1790.0594419330469,f1_region_2,λ=4,divtree_lambda4_region2,499,0.3713236233377827,0.3662287513496538,0.6519405191033912,0.0,1.0,0.394661866044936,False
data_size,2837.030326379124,f1_region_2,λ=8,divtree_lambda8_region2,555,0.38457056139983586,0.3661768753939643,0.6460168197711517,0.0,1.0,0.39415822622742586,False
data_size,1129.460187950577,f1_region_2,λ=2,divtree_lambda2_region2,483,0.3730013054867198,0.3661494981893728,0.6707568151108161,0.0,1.0,0.39668873810593525,False
dispersion,0.1687805109426452,f1_region_2,TwoStep (tuned),twostep_tuned,880,0.3032738038646322,0.36595752259713765,0.6613142635109988,0.0,0.9883101624456978,0.41406364200007645,False
noise,5.140640682151394,f1_region_2,λ=0,divtree_lambda0,454,0.3153866448576097,0.3658141520774826,0.6986551338558118,0.0,0.9818696742021411,0.4044462951583576,False
data_size,2837.030326379124,f1_region_2,λ=4,divtree_lambda4_region2,555,0.38103251868365623,0.3656961866321915,0.6486651323846778,0.0,1.0,0.394661866044936,False
dispersion,0.1687805109426452,f1_region_2,TwoStep (recall),twostep_recall,880,0.30527539127968834,0.365601240043154,0.6620936862590033,0.0,0.9805177423838168,0.41144058137571676,False
rareness,0.045417845580381686,recall_region_2,λ=8,divtree_lambda8_region2,185,0.2160273818056542,0.3654997003736481,0.21138211382113822,0.0,1.0,0.41673009671363453,False
rareness,0.045417845580381686,fnr_region_2,λ=8,divtree_lambda8_region2,185,0.7839726181943458,0.36549970037364804,0.21138211382113825,0.0,1.0,0.41673009671363453,False
data_size,1421.9004443801273,f1_region_2,λ=4,divtree_lambda4_region2,524,0.37697509794178724,0.36543163492339953,0.6718736618999197,0.0,1.0,0.394661866044936,False
rareness,0.08831382012299085,precision_region_2,TwoStep (recall),twostep_recall,153,0.3224038692964335,0.3654239911481548,0.531204468188441,0.0,1.0,0.3852468728546817,False
rareness,0.17172392756746951,fnr_region_2,λ=4,divtree_lambda4_region2,878,0.7641620342423692,0.36517684643432735,0.2626092549850543,0.0,1.0,0.4158661160922854,False
rareness,0.17172392756746951,recall_region_2,λ=4,divtree_lambda4_region2,878,0.23583796575763086,0.36517684643432735,0.2626092549850543,0.0,1.0,0.4158661160922854,False
rareness,0.045417845580381686,f1_region_2,λ=4,divtree_lambda4_region2,185,0.2226520195688711,0.36512360699475205,0.2916666666666667,0.0,1.0,0.3769077654089158,False
data_size,56603.25340302813,f1_region_2,TwoStep (tuned),twostep_tuned,513,0.33575041538866596,0.3651027817803073,0.7131276467029644,0.0,0.9264772931020355,0.3771595723741076,False
dispersion,0.8094697250919155,f1_region_2,λ=8,divtree_lambda8_region2,604,0.4353734002636165,0.3650136614171524,0.6907518957988229,0.0,1.0,0.4122571721106004,False
rareness,0.03638808066694245,fnr_region_2,λ=4,divtree_lambda4_region2,116,0.7945441729282515,0.3649330673134536,0.1735714285714285,0.0,1.0,0.4158661160922854,False
rareness,0.03638808066694245,recall_region_2,λ=4,divtree_lambda4_region2,116,0.2054558270717485,0.3649330673134536,0.17357142857142857,0.0,1.0,0.4158661160922854,False
data_size,17899.87838123264,f1_region_2,TwoStep (tuned),twostep_tuned,497,0.31212728007547275,0.3647849973916016,0.6723905310928493,0.0,0.9449061259579824,0.3771595723741076,False
rareness,0.13758257462279105,fnr_region_2,λ=8,divtree_lambda8_region2,743,0.757084765459822,0.36471024578382477,0.2801098901098902,0.0,1.0,0.41673009671363453,False
rareness,0.13758257462279105,recall_region_2,λ=8,divtree_lambda8_region2,743,0.24291523454017813,0.36471024578382477,0.2801098901098901,0.0,1.0,0.41673009671363453,False
rareness,0.03638808066694245,fnr_region_2,λ=8,divtree_lambda8_region2,116,0.7890855448653745,0.3645916019817047,0.17892857142857144,0.0,1.0,0.41673009671363453,False
rareness,0.03638808066694245,recall_region_2,λ=8,divtree_lambda8_region2,116,0.21091445513462542,0.3645916019817047,0.17892857142857144,0.0,1.0,0.41673009671363453,False
rareness,0.21433751607024035,f1_region_2,λ=0,divtree_lambda0,978,0.25521844415364586,0.36434903418783426,0.37834374859506364,0.0,1.0,0.365592354748749,False
rareness,0.13758257462279105,fnr_region_2,λ=2,divtree_lambda2_region2,743,0.7758518425310444,0.36424571013614265,0.21836228287841197,0.0,1.0,0.4210176578267515,False
rareness,0.13758257462279105,recall_region_2,λ=2,divtree_lambda2_region2,743,0.22414815746895558,0.36424571013614265,0.21836228287841192,0.0,1.0,0.4210176578267515,False
rareness,0.045417845580381686,f1_region_2,λ=2,divtree_lambda2_region2,185,0.21425989954294114,0.36416020361677826,0.2564102564102564,0.0,1.0,0.3714824320098797,False
data_size,1421.9004443801273,f1_region_2,TwoStep (tuned),twostep_tuned,524,0.3192163038210708,0.36393938168287343,0.6935011759132362,0.0,0.9340341489969064,0.3771595723741076,False
data_size,1421.9004443801273,f1_region_2,TwoStep (recall),twostep_recall,524,0.32341203313556766,0.3637555490582562,0.6919283190896478,0.0,0.9340341489969064,0.3751304056691058,False
data_size,1790.0594419330469,f1_region_2,λ=8,divtree_lambda8_region2,499,0.37538808399650125,0.3637246495527899,0.6364949127617119,0.0,1.0,0.39415822622742586,False
data_size,17899.87838123264,f1_region_2,TwoStep (recall),twostep_recall,497,0.31198352929740714,0.36348863024206896,0.6676896098202543,0.0,0.9424094182387797,0.3751304056691058,False
rareness,0.13758257462279105,fnr_region_2,λ=4,divtree_lambda4_region2,743,0.7648279263657553,0.36348165257384346,0.24541067039147257,0.0,1.0,0.4158661160922854,False
rareness,0.13758257462279105,recall_region_2,λ=4,divtree_lambda4_region2,743,0.23517207363424458,0.3634816525738434,0.24541067039147257,0.0,1.0,0.4158661160922854,False
rareness,0.029153571634755276,f1_region_2,λ=0,divtree_lambda0,68,0.20842775254983129,0.3633279801381026,0.2241296518607443,0.0,1.0,0.365592354748749,False
data_size,35714.5241825939,f1_region_2,TwoStep (tuned),twostep_tuned,513,0.3202861798949282,0.3632598172621297,0.6795268938327231,0.0,0.9591766573835041,0.3771595723741076,False
noise,0.020482034030709487,f1_region_2,TwoStep (tuned),twostep_tuned,511,0.3067850472670677,0.36314089036245467,0.6738372572970506,0.0,0.9378063719256584,0.3788721995127087,False
data_size,56603.25340302813,f1_region_2,TwoStep (recall),twostep_recall,513,0.3345473700070159,0.36311693560404107,0.7018812189054726,0.0,0.9252410563942517,0.3751304056691058,False
rareness,0.07075567697181442,precision_region_2,TwoStep (recall),twostep_recall,98,0.296456884154434,0.36286237654944103,0.5416441479479817,0.0,1.0,0.3852468728546817,False
data_size,35714.5241825939,f1_region_2,TwoStep (recall),twostep_recall,513,0.3207519348218866,0.36266568595765886,0.6716279069767442,0.0,0.946503596526198,0.3751304056691058,False
rareness,0.17172392756746951,fnr_region_2,λ=8,divtree_lambda8_region2,878,0.7618199606855189,0.36243756697260104,0.2651543760438382,0.0,1.0,0.41673009671363453,False
rareness,0.17172392756746951,recall_region_2,λ=8,divtree_lambda8_region2,878,0.2381800393144809,0.36243756697260104,0.2651543760438382,0.0,1.0,0.41673009671363453,False
sparsity,2.0,f1_region_2,TwoStep (recall),twostep_recall,1669,0.36768638483867694,0.3619416256664187,0.7236180904522613,0.0,0.9255152508158788,0.4037780391783897,False
rareness,0.03638808066694245,fnr_region_2,λ=2,divtree_lambda2_region2,116,0.8035186208574985,0.36174982390458554,0.13122222222222224,0.0,1.0,0.4210176578267515,False
rareness,0.03638808066694245,recall_region_2,λ=2,divtree_lambda2_region2,116,0.19648137914250152,0.36174982390458554,0.1312222222222222,0.0,1.0,0.4210176578267515,False
rareness,0.045417845580381686,recall_region_2,λ=4,divtree_lambda4_region2,185,0.21075707747795283,0.3615797771857122,0.19727891156462585,0.0,1.0,0.4158661160922854,False
rareness,0.045417845580381686,fnr_region_2,λ=4,divtree_lambda4_region2,185,0.789242922522047,0.36157977718571216,0.19727891156462585,0.0,1.0,0.4158661160922854,False
data_size,1421.9004443801273,f1_region_2,λ=8,divtree_lambda8_region2,524,0.3786536097369465,0.36129539380824305,0.6687851166936514,0.0,1.0,0.39415822622742586,False
rareness,0.26752573998233714,f1_region_2,λ=0,divtree_lambda0,967,0.29925582236741405,0.3610120736579074,0.44855241707248616,0.0,1.0,0.365592354748749,False
noise,0.020482034030709487,f1_region_2,TwoStep (recall),twostep_recall,511,0.30649420077156136,0.36068001320932946,0.663673428108296,0.0,0.9347898925725422,0.3767897655575654,False
data_size,8971.298187393322,f1_region_2,TwoStep (tuned),twostep_tuned,522,0.31215025555148695,0.3605929347184729,0.6684382104795378,0.0,0.9842873194995172,0.3771595723741076,False
noise,5.140640682151394,f1_region_2,λ=2,divtree_lambda2_region2,454,0.3344637976653738,0.36018871210129577,0.7058256757610206,0.0,0.9829909586855419,0.39840402574235867,False
rareness,0.03638808066694245,fnr_region_2,λ=0,divtree_lambda0,116,0.8177224235694484,0.3598071333050835,0.05316742081447967,0.0,1.0,0.4269225696109904,False
rareness,0.03638808066694245,recall_region_2,λ=0,divtree_lambda0,116,0.18227757643055167,0.3598071333050835,0.053167420814479636,0.0,1.0,0.42692256961099034,False
rareness,0.045417845580381686,f1_region_2,λ=0,divtree_lambda0,185,0.19637590295448004,0.3597087803497767,0.14545454545454545,0.0,1.0,0.365592354748749,False
noise,8.146810152884804,fnr_region_2,TwoStep (tuned),twostep_tuned,494,0.6325653323744413,0.35964079401587334,0.6171853076336096,0.0,1.0,0.46519416601509667,False
noise,8.146810152884804,recall_region_2,TwoStep (tuned),twostep_tuned,494,0.3674346676255587,0.35964079401587334,0.6171853076336096,0.0,1.0,0.46519416601509667,False
rareness,0.17172392756746951,precision_region_2,λ=4,divtree_lambda4_region2,652,0.45944118460270483,0.35863605512239805,0.7090962631624302,0.0912244333886125,1.0,0.44723907984467964,False
sparsity,2.0,fnr_region_2,λ=4,divtree_lambda4_region2,1669,0.4931449013055599,0.3584981797670901,0.7172272838200602,0.0,0.9720311200274013,0.4475644281862241,False
sparsity,2.0,recall_region_2,λ=4,divtree_lambda4_region2,1669,0.5068550986944401,0.3584981797670901,0.7172272838200602,0.02796887997259872,1.0,0.4475644281862242,False
dispersion,0.6470417138878943,f1_region_2,TwoStep (tuned),twostep_tuned,768,0.3511687759276218,0.35823224712772517,0.7130451394574532,0.0,0.9172688281680191,0.41406364200007645,False
data_size,2837.030326379124,f1_region_2,TwoStep (recall),twostep_recall,555,0.3033235055207203,0.3582194883629485,0.6548526232420746,0.0,0.9980084253959974,0.3751304056691058,False
data_size,8971.298187393322,f1_region_2,TwoStep (recall),twostep_recall,522,0.31318729555353053,0.35814481892618166,0.6649105199013479,0.0,0.947012830418038,0.3751304056691058,False
rareness,0.21433751607024035,f1_region_2,λ=2,divtree_lambda2_region2,978,0.27334076386701167,0.3580322847709721,0.40451169959366684,0.0,1.0,0.3714824320098797,False
rareness,0.13758257462279105,f1_region_2,λ=0,divtree_lambda0,743,0.2178466136098762,0.35800732684131,0.27469089108638545,0.0,1.0,0.365592354748749,False
rareness,0.02335739405554703,fnr_region_2,λ=2,divtree_lambda2_region2,32,0.8102848265096434,0.35787630445756247,0.10389610389610393,0.0,1.0,0.4210176578267515,False
rareness,0.02335739405554703,recall_region_2,λ=2,divtree_lambda2_region2,32,0.18971517349035666,0.35787630445756247,0.1038961038961039,0.0,1.0,0.4210176578267515,False
noise,0.05144151821540545,f1_region_2,TwoStep (tuned),twostep_tuned,502,0.27681931312554997,0.3577862649557072,0.6387175390340588,0.0,0.9233852619656389,0.3788721995127087,False
data_size,2837.030326379124,f1_region_2,TwoStep (tuned),twostep_tuned,555,0.29894094176700947,0.3577713411511004,0.6481277680229691,0.0,0.9980084253959974,0.3771595723741076,False
dispersion,0.6470417138878943,f1_region_2,TwoStep (recall),twostep_recall,768,0.35363225412277766,0.35767442512553943,0.715123321489715,0.0,0.9172688281680191,0.41144058137571676,False
data_size,1790.0594419330469,f1_region_2,TwoStep (tuned),twostep_tuned,499,0.29972562837279587,0.3570358156948104,0.6199016469190402,0.0,0.9907979861779692,0.3771595723741076,False
data_size,1790.0594419330469,f1_region_2,TwoStep (recall),twostep_recall,499,0.3051475365411364,0.3570059219565296,0.6295084702972626,0.0,0.987888054042036,0.3751304056691058,False
rareness,0.045417845580381686,fnr_region_2,λ=2,divtree_lambda2_region2,185,0.8010151170207856,0.3568013854302614,0.15000000000000002,0.0,1.0,0.4210176578267515,False
rareness,0.045417845580381686,recall_region_2,λ=2,divtree_lambda2_region2,185,0.1989848829792144,0.35680138543026135,0.15,0.0,1.0,0.4210176578267515,False
noise,3.2437464635937765,f1_region_2,TwoStep (tuned),twostep_tuned,504,0.32870057335911645,0.3567393519965478,0.6776020611946261,0.0,1.0,0.3788721995127087,False
data_size,1129.460187950577,f1_region_2,λ=4,divtree_lambda4_region2,483,0.3774542070882885,0.35648184572531155,0.6443116269867264,0.0,1.0,0.394661866044936,False
rareness,0.13758257462279105,f1_region_2,λ=2,divtree_lambda2_region2,743,0.23545551127536432,0.35632009003137854,0.3208547745240105,0.0,1.0,0.3714824320098797,False
data_size,3571.5952849281794,f1_region_2,TwoStep (recall),twostep_recall,513,0.3241294964653389,0.35623699320016056,0.681575109382596,0.0,0.9211662352848964,0.3751304056691058,False
rareness,0.13758257462279105,f1_region_2,λ=8,divtree_lambda8_region2,743,0.2531379711211374,0.35576773228040776,0.3600485731633273,0.0,1.0,0.3773597443848267,False
rareness,0.02335739405554703,f1_region_2,λ=0,divtree_lambda0,32,0.17194376349087637,0.355759118845849,0.017578125,0.0,1.0,0.365592354748749,False
noise,0.05144151821540545,f1_region_2,TwoStep (recall),twostep_recall,502,0.276837045393661,0.3557136191919126,0.6372037608741656,0.0,0.9232664270982716,0.3767897655575654,False
rareness,0.21433751607024035,f1_region_2,λ=8,divtree_lambda8_region2,978,0.2852403445842465,0.35556146546385914,0.41606086014285165,0.0,1.0,0.3773597443848267,False
data_size,3571.5952849281794,f1_region_2,TwoStep (tuned),twostep_tuned,513,0.31917637186305525,0.35537634843372035,0.66728280961183,0.0,0.9211662352848964,0.3771595723741076,False
data_size,1129.460187950577,f1_region_2,λ=8,divtree_lambda8_region2,483,0.38336612090921374,0.35537008107119017,0.6438630840693105,0.0,1.0,0.39415822622742586,False
rareness,0.21433751607024035,f1_region_2,λ=4,divtree_lambda4_region2,978,0.28104193197249816,0.35533684812792965,0.4123623067452317,0.0,1.0,0.3769077654089158,False
noise,3.2437464635937765,f1_region_2,TwoStep (recall),twostep_recall,504,0.3313338856391318,0.3553091648587073,0.6654604477992927,0.0,1.0,0.3767897655575654,False
rareness,0.13758257462279105,f1_region_2,λ=4,divtree_lambda4_region2,743,0.24611047257102114,0.35459304016664156,0.35775826759229173,0.0,1.0,0.3769077654089158,False
noise,1.2915350821512999,f1_region_2,TwoStep (tuned),twostep_tuned,493,0.3104238848197972,0.35436716054786743,0.6386066763425254,0.0,0.940452030671545,0.3788721995127087,False
rareness,0.029153571634755276,fnr_region_2,λ=0,divtree_lambda0,68,0.804259390164448,0.3542160592661079,0.173469387755102,0.0,1.0,0.4269225696109904,False
rareness,0.029153571634755276,recall_region_2,λ=0,divtree_lambda0,68,0.1957406098355519,0.35421605926610783,0.17346938775510204,0.0,1.0,0.42692256961099034,False
rareness,0.17172392756746951,precision_region_2,λ=8,divtree_lambda8_region2,687,0.450917979283298,0.35381027396303333,0.7052849104809369,0.1,1.0,0.44668270894847406,False
rareness,0.045417845580381686,fnr_region_2,λ=0,divtree_lambda0,185,0.8155582724129203,0.3528502782147064,0.09259259259259256,0.0,1.0,0.4269225696109904,False
rareness,0.045417845580381686,recall_region_2,λ=0,divtree_lambda0,185,0.18444172758707972,0.3528502782147063,0.09259259259259259,0.0,1.0,0.42692256961099034,False
data_size,1129.460187950577,f1_region_2,TwoStep (tuned),twostep_tuned,483,0.33746463517371866,0.3528226603286994,0.6623833216826349,0.0,0.9639381887591806,0.3771595723741076,False
noise,1.2915350821512999,f1_region_2,TwoStep (recall),twostep_recall,493,0.3127426542679962,0.3523755238222576,0.6410858121392783,0.0,0.9360441488898912,0.3767897655575654,False
noise,5.140640682151394,f1_region_2,λ=4,divtree_lambda4_region2,454,0.3363086696929995,0.3523172229731673,0.6538346996462585,0.0,0.9827703876388477,0.3938406995679612,False
sparsity,2.0,fnr_region_2,λ=8,divtree_lambda8_region2,1669,0.48820851318173636,0.3519932180575389,0.6854085150341637,0.0,0.9690366581415174,0.44563878230870924,False
sparsity,2.0,recall_region_2,λ=8,divtree_lambda8_region2,1669,0.5117914868182637,0.3519932180575389,0.6854085150341637,0.030963341858482527,1.0,0.44563878230870924,False
rareness,0.26752573998233714,f1_region_2,λ=2,divtree_lambda2_region2,967,0.31971467495371564,0.3517473037012088,0.4551195935980142,0.0,1.0,0.3714824320098797,False
data_size,1129.460187950577,f1_region_2,TwoStep (recall),twostep_recall,483,0.3425642847577055,0.35171378607253,0.6644345898004435,0.0,0.9639381887591806,0.3751304056691058,False
noise,8.146810152884804,f1_region_2,λ=0,divtree_lambda0,494,0.2888166549512891,0.3515692200990023,0.621936631575865,0.0,0.9462656012890832,0.4044462951583576,False
noise,5.140640682151394,f1_region_2,λ=8,divtree_lambda8_region2,454,0.3398893421533141,0.3511882478648382,0.6437387785883759,0.0,0.9802022301055215,0.3929945993469245,False
rareness,0.02335739405554703,fnr_region_2,λ=0,divtree_lambda0,32,0.8378779298775122,0.350689487454941,0.009109311740890691,0.0,1.0,0.4269225696109904,False
rareness,0.02335739405554703,recall_region_2,λ=0,divtree_lambda0,32,0.1621220701224878,0.350689487454941,0.009109311740890687,0.0,1.0,0.42692256961099034,False
rareness,0.33391271330047,f1_region_2,λ=0,divtree_lambda0,1004,0.3402730157951249,0.3506882278582784,0.5228363426949298,0.0,1.0,0.365592354748749,False
dispersion,0.5172064705241997,f1_region_2,TwoStep (tuned),twostep_tuned,902,0.3057691355529969,0.35036111279832616,0.6676666852126718,0.0,0.8967320716983376,0.41406364200007645,False
dispersion,0.5172064705241997,f1_region_2,TwoStep (recall),twostep_recall,902,0.3068905024898073,0.3490842749152784,0.6623310931597325,0.0,0.8967320716983376,0.41144058137571676,False
rareness,0.21433751607024035,precision_region_2,λ=0,divtree_lambda0,565,0.6006896864197107,0.34844972469787006,0.7644444444444445,0.151981351981352,1.0,0.4347942564941138,False
dispersion,0.330466384177277,f1_region_2,TwoStep (recall),twostep_recall,1021,0.293868221496745,0.3482976341996249,0.6654740608228981,0.0,0.8848699924930048,0.41144058137571676,False
rareness,0.26752573998233714,f1_region_2,λ=8,divtree_lambda8_region2,967,0.3294310373501502,0.348152691602131,0.3980972808006611,0.0,1.0,0.3773597443848267,False
dispersion,0.330466384177277,f1_region_2,TwoStep (tuned),twostep_tuned,1021,0.29089464166035167,0.34766788137150345,0.6635779506256341,0.0,0.8833209470219768,0.41406364200007645,False
dispersion,0.21114977730367337,f1_region_2,TwoStep (tuned),twostep_tuned,1011,0.27912010526032066,0.34736555555468557,0.6271681803368576,0.0,0.9202666012179596,0.41406364200007645,False
dispersion,0.21114977730367337,f1_region_2,TwoStep (recall),twostep_recall,1011,0.2818148262132292,0.3470231035033143,0.6295516860369945,0.0,0.9140547263681592,0.41144058137571676,False
dispersion,0.264155074578139,f1_region_2,TwoStep (tuned),twostep_tuned,1025,0.27954530842176645,0.3469360237881276,0.626431718061674,0.0,0.9011719910133448,0.41406364200007645,False
dispersion,0.264155074578139,f1_region_2,TwoStep (recall),twostep_recall,1025,0.2818222797017898,0.3467678582749177,0.6267857142857143,0.0,0.9011719910133448,0.41144058137571676,False
rareness,0.26752573998233714,f1_region_2,λ=4,divtree_lambda4_region2,967,0.3273330265137719,0.3463928685825018,0.4052679017035992,0.0,1.0,0.3769077654089158,False
noise,5.140640682151394,f1_region_2,TwoStep (recall),twostep_recall,454,0.3525205683624355,0.3448305065412393,0.673944377358983,0.0,0.9662117275128838,0.3767897655575654,False
rareness,0.17172392756746951,f1_region_2,λ=0,divtree_lambda0,878,0.20866981414195881,0.3437220972221458,0.2814592132263717,0.0,1.0,0.365592354748749,False
rareness,0.21433751607024035,fnr_region_2,TwoStep (recall),twostep_recall,978,0.8062760787963561,0.3425943301740369,0.18997910135841167,0.0,1.0,0.4067749558697657,False
rareness,0.21433751607024035,recall_region_2,TwoStep (recall),twostep_recall,978,0.19372392120364398,0.3425943301740369,0.1899791013584117,0.0,1.0,0.4067749558697657,False
dispersion,0.028130383551941408,precision_region_2,λ=8,divtree_lambda8_region2,65,0.6597573038308284,0.34143092760180854,0.6920752963049035,0.12024242424242423,1.0,0.34277236287307356,False
dispersion,0.4134239376079035,f1_region_2,TwoStep (recall),twostep_recall,917,0.2847309362847396,0.34134556395329907,0.6319742489270386,0.0,0.886794915036153,0.41144058137571676,False
rareness,0.17172392756746951,f1_region_2,λ=2,divtree_lambda2_region2,878,0.22602216463659225,0.3406381806207625,0.29201325777825293,0.0,1.0,0.3714824320098797,False
dispersion,0.4134239376079035,f1_region_2,TwoStep (tuned),twostep_tuned,917,0.28168953267800434,0.34047212085349055,0.6269592476489029,0.0,0.886794915036153,0.41406364200007645,False
rareness,0.33391271330047,f1_region_2,λ=2,divtree_lambda2_region2,1004,0.3494322743501444,0.34034187975553254,0.44542775400982376,0.0,1.0,0.3714824320098797,False
noise,5.140640682151394,f1_region_2,TwoStep (tuned),twostep_tuned,454,0.34244764189540255,0.3402815119492007,0.638043496165578,0.0,0.9662117275128838,0.3788721995127087,False
rareness,0.21433751607024035,precision_region_2,λ=2,divtree_lambda2_region2,719,0.5256621809592839,0.3402056610188191,0.7411797191456825,0.14787878787878786,1.0,0.44840864800223723,False
rareness,0.17172392756746951,f1_region_2,λ=8,divtree_lambda8_region2,878,0.2410193367351342,0.34016894289837496,0.30329433111472837,0.0,1.0,0.3773597443848267,False
rareness,0.17172392756746951,f1_region_2,λ=4,divtree_lambda4_region2,878,0.23449519495715615,0.3396199750938826,0.2970238598667456,0.0,1.0,0.3769077654089158,False
dispersion,0.03519200285202227,precision_region_2,λ=8,divtree_lambda8_region2,92,0.587166740446231,0.3394502884909284,0.6962479229791809,0.04110953058321479,1.0,0.34277236287307356,False
noise,8.146810152884804,f1_region_2,λ=2,divtree_lambda2_region2,494,0.2945448617119794,0.3386308289232455,0.6140893714814674,0.0,0.9371404315031713,0.39840402574235867,False
dispersion,0.028130383551941408,precision_region_2,λ=4,divtree_lambda4_region2,64,0.6763109646164444,0.3386250762566912,0.6829906225831399,0.13526176494913575,1.0,0.33917236320782856,False
rareness,0.08831382012299085,fnr_region_2,λ=8,divtree_lambda8_region2,473,0.796322722321744,0.33702336328049665,0.20973782771535576,0.0,1.0,0.41673009671363453,False
rareness,0.08831382012299085,recall_region_2,λ=8,divtree_lambda8_region2,473,0.20367727767825602,0.3370233632804966,0.20973782771535582,0.0,1.0,0.41673009671363453,False
rareness,0.21433751607024035,precision_region_2,λ=8,divtree_lambda8_region2,792,0.4967603146288471,0.33696459346637136,0.7073704155828494,0.1545529649348265,1.0,0.44668270894847406,False
rareness,0.21433751607024035,precision_region_2,λ=4,divtree_lambda4_region2,759,0.5038548008508845,0.3362223776890986,0.7066681873640848,0.15384615384615385,1.0,0.44723907984467964,False
rareness,0.33391271330047,f1_region_2,λ=4,divtree_lambda4_region2,1004,0.3599462702290058,0.3360992562633902,0.43451028883258047,0.0,1.0,0.3769077654089158,False
rareness,0.08831382012299085,fnr_region_2,λ=2,divtree_lambda2_region2,473,0.8165477024975304,0.3358924214502951,0.13018096906012844,0.0,1.0,0.4210176578267515,False
rareness,0.08831382012299085,recall_region_2,λ=2,divtree_lambda2_region2,473,0.1834522975024696,0.3358924214502951,0.13018096906012844,0.0,1.0,0.4210176578267515,False
rareness,0.33391271330047,f1_region_2,λ=8,divtree_lambda8_region2,1004,0.3626548267027927,0.33555659046813135,0.43017102478597524,0.0,1.0,0.3773597443848267,False
rareness,0.08831382012299085,fnr_region_2,λ=0,divtree_lambda0,473,0.8351487410888687,0.3346168699519383,0.08951406649616367,0.0,1.0,0.4269225696109904,False
rareness,0.08831382012299085,recall_region_2,λ=0,divtree_lambda0,473,0.16485125891113114,0.3346168699519383,0.08951406649616368,0.0,1.0,0.42692256961099034,False
rareness,0.08831382012299085,f1_region_2,λ=8,divtree_lambda8_region2,473,0.20968465110874232,0.33386738920741754,0.21621621621621623,0.0,1.0,0.3773597443848267,False
rareness,0.08831382012299085,fnr_region_2,λ=4,divtree_lambda4_region2,473,0.813326976802075,0.33214927281965356,0.15254237288135597,0.0,1.0,0.4158661160922854,False
rareness,0.08831382012299085,recall_region_2,λ=4,divtree_lambda4_region2,473,0.18667302319792492,0.33214927281965356,0.15254237288135594,0.0,1.0,0.4158661160922854,False
rareness,0.08831382012299085,f1_region_2,λ=4,divtree_lambda4_region2,473,0.19791906848993965,0.3305601401647639,0.17618586640851888,0.0,1.0,0.3769077654089158,False
rareness,0.08831382012299085,f1_region_2,λ=0,divtree_lambda0,473,0.16922438069101126,0.33002646770022176,0.11965811965811966,0.0,1.0,0.365592354748749,False
rareness,0.08831382012299085,f1_region_2,λ=2,divtree_lambda2_region2,473,0.1893988050246971,0.32991361483035475,0.1560455536709474,0.0,1.0,0.3714824320098797,False
rareness,0.21433751607024035,fnr_region_2,TwoStep (tuned),twostep_tuned,978,0.8157025201939168,0.3298519630609291,0.18983949004070322,0.0,1.0,0.39211844455319544,False
rareness,0.21433751607024035,recall_region_2,TwoStep (tuned),twostep_tuned,978,0.18429747980608327,0.3298519630609291,0.1898394900407032,0.0,1.0,0.39211844455319544,False
noise,8.146810152884804,f1_region_2,λ=4,divtree_lambda4_region2,494,0.30637277165523374,0.32920274925274395,0.5612290579416548,0.0,0.9325540819842191,0.3938406995679612,False
rareness,0.41677372843092897,f1_region_2,λ=0,divtree_lambda0,981,0.48262368101485337,0.32872800166600896,0.502380232399458,0.0,1.0,0.365592354748749,False
sparsity,4.0,f1_region_2,TwoStep (recall),twostep_recall,1647,0.2696039446551888,0.3271306511642862,0.6050825510056386,0.0,0.8504418616375452,0.4037780391783897,False
dispersion,0.04402631277493798,precision_region_2,λ=8,divtree_lambda8_region2,136,0.6013969334271861,0.3267126619038859,0.6849934202348702,0.08863636363636364,1.0,0.34277236287307356,False
noise,0.00815515817940046,precision_region_2,λ=8,divtree_lambda8_region2,460,0.5744501108065334,0.3256801309402013,0.6402643339267171,0.07935365992919949,1.0,0.3258113248335312,False
sparsity,5.0,f1_region_2,TwoStep (recall),twostep_recall,1741,0.24740374558442563,0.3255772260955414,0.5781406197934021,0.0,0.8516937850093358,0.4037780391783897,False
sparsity,4.0,f1_region_2,TwoStep (tuned),twostep_tuned,1647,0.26646726530804,0.32553716710667724,0.5945426888692595,0.0,0.8480269251652877,0.4064245174016671,False
dispersion,0.264155074578139,precision_region_2,λ=8,divtree_lambda8_region2,862,0.5498105402051576,0.3246961442787496,0.6165392894456883,0.07954777365491651,1.0,0.34277236287307356,False
dispersion,0.264155074578139,precision_region_2,λ=4,divtree_lambda4_region2,826,0.5658955555733417,0.3242525424226594,0.6176124902055583,0.0796938775510204,1.0,0.33917236320782856,False
sparsity,5.0,f1_region_2,λ=0,divtree_lambda0,1741,0.23423014353418,0.3241586296459595,0.5756302521008403,0.0,0.8454593733404142,0.32696038285494566,False
sparsity,5.0,f1_region_2,TwoStep (tuned),twostep_tuned,1741,0.24210562546298586,0.3237395141031501,0.5563355563355563,0.0,0.8516937850093358,0.4064245174016671,False
rareness,0.05668836221519578,f1_region_2,λ=8,divtree_lambda8_region2,243,0.17391158546248828,0.32344826238508284,0.10352085725220053,0.0,1.0,0.3773597443848267,False
dispersion,0.06890472051252551,precision_region_2,λ=8,divtree_lambda8_region2,325,0.5608198336293381,0.32319023200452623,0.628928283642224,0.06993006993006992,1.0,0.34277236287307356,False
noise,8.146810152884804,f1_region_2,λ=8,divtree_lambda8_region2,494,0.2958412562352336,0.32307583501020803,0.5424825080456364,0.0,0.934158134087812,0.3929945993469245,False
sparsity,3.0,f1_region_2,TwoStep (tuned),twostep_tuned,1708,0.30712004025846856,0.32295691015947203,0.6170656200386899,0.0,0.8714385640812969,0.4064245174016671,False
sparsity,6.0,f1_region_2,TwoStep (recall),twostep_recall,1633,0.2519671284852628,0.3228870188058493,0.5696643760581616,0.0,0.853006076990603,0.4037780391783897,False
dispersion,0.03519200285202227,precision_region_2,λ=4,divtree_lambda4_region2,88,0.5934513162394653,0.322789122577058,0.589549528092616,0.03854166666666668,1.0,0.33917236320782856,False
noise,0.08152374553859773,precision_region_2,λ=8,divtree_lambda8_region2,425,0.5950554414027226,0.3227000381456553,0.6453716040860664,0.06945812807881774,1.0,0.3258113248335312,False
dispersion,0.330466384177277,precision_region_2,λ=4,divtree_lambda4_region2,823,0.5587543413101916,0.3226854786623591,0.5975830375681351,0.07041335710812126,1.0,0.33917236320782856,False
dispersion,0.330466384177277,precision_region_2,λ=8,divtree_lambda8_region2,848,0.5510059223360962,0.3223586754435298,0.6083606061196665,0.06795644891122278,1.0,0.34277236287307356,False
sparsity,3.0,f1_region_2,λ=0,divtree_lambda0,1708,0.25627168567163416,0.32230770605354847,0.5850688065112901,0.0,0.8611180579181515,0.32696038285494566,False
rareness,0.26752573998233714,precision_region_2,λ=0,divtree_lambda0,631,0.5886427150404239,0.3222072900635506,0.7118921539856455,0.21992558908639934,1.0,0.4347942564941138,False
noise,0.00815515817940046,precision_region_2,λ=4,divtree_lambda4_region2,455,0.5817275490977041,0.3216052055535165,0.6290911813177549,0.085,1.0,0.32221309642920903,False
rareness,0.05668836221519578,fnr_region_2,λ=0,divtree_lambda0,243,0.8544266756556956,0.32124695844147866,0.07368896925858948,0.0,1.0,0.4269225696109904,False
rareness,0.05668836221519578,recall_region_2,λ=0,divtree_lambda0,243,0.14557332434430437,0.32124695844147866,0.0736889692585895,0.0,1.0,0.42692256961099034,False
sparsity,3.0,f1_region_2,TwoStep (recall),twostep_recall,1708,0.30645928865917943,0.3211930727853829,0.6132953323255983,0.0,0.8677564796640712,0.4037780391783897,False
dispersion,0.028130383551941408,precision_region_2,λ=2,divtree_lambda2_region2,60,0.7068851502490688,0.3211620060516774,0.5756125226860254,0.14987909957972712,1.0,0.32230125594218284,False
sparsity,6.0,f1_region_2,TwoStep (tuned),twostep_tuned,1633,0.24416204855601206,0.3211564881228739,0.5472052401746725,0.0,0.853006076990603,0.4064245174016671,False
noise,0.12919760763693183,precision_region_2,λ=8,divtree_lambda8_region2,427,0.5613236477600322,0.32112533200287974,0.6068383398867063,0.08629964806435395,1.0,0.3258113248335312,False
dispersion,0.330466384177277,precision_region_2,λ=2,divtree_lambda2_region2,782,0.5766402320159547,0.3209403314030991,0.6065002470350209,0.05947580645161292,1.0,0.32230125594218284,False
dispersion,0.13491305194743766,precision_region_2,λ=8,divtree_lambda8_region2,649,0.5481419099459042,0.32048373371434996,0.596143717568802,0.07082494969818913,1.0,0.34277236287307356,False
noise,0.12919760763693183,precision_region_2,λ=4,divtree_lambda4_region2,414,0.573635116079574,0.32036489889729797,0.5929859176057922,0.07274011299435029,1.0,0.32221309642920903,False
sparsity,6.0,f1_region_2,λ=0,divtree_lambda0,1633,0.2381116421606334,0.32018393398264683,0.5683589731867328,0.0,0.8489326277094467,0.32696038285494566,False
rareness,0.05668836221519578,fnr_region_2,λ=8,divtree_lambda8_region2,243,0.8329568567036124,0.31978929638808085,0.13075854803179765,0.0,1.0,0.41673009671363453,False
rareness,0.05668836221519578,recall_region_2,λ=8,divtree_lambda8_region2,243,0.1670431432963877,0.31978929638808085,0.1307585480317977,0.0,1.0,0.41673009671363453,False
noise,0.002048902761431835,precision_region_2,λ=8,divtree_lambda8_region2,443,0.5539368000013056,0.31970659460332657,0.5781981113539224,0.060250000000000005,1.0,0.3258113248335312,False
rareness,0.05668836221519578,fnr_region_2,λ=4,divtree_lambda4_region2,243,0.8338744047269401,0.3195345930993527,0.11611519607843146,0.0,1.0,0.4158661160922854,False
rareness,0.05668836221519578,recall_region_2,λ=4,divtree_lambda4_region2,243,0.16612559527305995,0.3195345930993527,0.11611519607843138,0.0,1.0,0.4158661160922854,False
rareness,0.21433751607024035,precision_region_2,TwoStep (tuned),twostep_tuned,483,0.47765035364456465,0.3193232887443247,0.5450923746798497,0.11176470588235295,1.0,0.38740544582759256,False
dispersion,0.13491305194743766,precision_region_2,λ=4,divtree_lambda4_region2,623,0.5569498939429406,0.3191989794591156,0.5985984402399834,0.07361976663595837,1.0,0.33917236320782856,False
noise,2.046805402410199,precision_region_2,λ=8,divtree_lambda8_region2,426,0.5417669794838091,0.3191189178865173,0.5598046125894146,0.07548076923076923,1.0,0.3258113248335312,False
noise,0.2047504283424231,precision_region_2,λ=8,divtree_lambda8_region2,393,0.577070717728337,0.3188343712924657,0.5890128547174388,0.07317073170731707,1.0,0.3258113248335312,False
noise,0.0012928585165887505,precision_region_2,λ=8,divtree_lambda8_region2,430,0.5928223775038872,0.3186529179453614,0.6436204859875897,0.08174383361204017,1.0,0.3258113248335312,False
dispersion,0.10784142958281023,precision_region_2,λ=8,divtree_lambda8_region2,545,0.5615081473663345,0.31850700055726205,0.6021807798836087,0.0750943396226415,1.0,0.34277236287307356,False
rareness,0.05668836221519578,f1_region_2,λ=4,divtree_lambda4_region2,243,0.1690492727110903,0.3185015110088438,0.11398367176051916,0.0,1.0,0.3769077654089158,False
noise,0.012924172211646637,precision_region_2,λ=8,divtree_lambda8_region2,411,0.6075467507985112,0.3182673427538213,0.6382548727448174,0.0983888292158969,1.0,0.3258113248335312,False
noise,2.046805402410199,precision_region_2,λ=2,divtree_lambda2_region2,399,0.567053411271408,0.31826553884758535,0.5926888167225621,0.07273843290243223,1.0,0.31857080858748177,False
data_size,1790.0594419330469,precision_region_2,λ=4,divtree_lambda4_region2,453,0.4491922910661889,0.3182514024017316,0.4834368530020704,0.018907563025210086,1.0,0.3186120202421891,False
data_size,11294.15008639454,precision_region_2,λ=8,divtree_lambda8_region2,416,0.5694610187396228,0.31816480584586915,0.5922125911465916,0.07407780689377141,1.0,0.31867392607990874,False
noise,2.046805402410199,precision_region_2,λ=4,divtree_lambda4_region2,419,0.5415288772945829,0.31813781321967305,0.5512020870524376,0.0674597552675806,1.0,0.32221309642920903,False
noise,8.146810152884804,f1_region_2,TwoStep (recall),twostep_recall,494,0.3495447509188836,0.3180562958920281,0.5577548034058586,0.0,0.9170597604776197,0.3767897655575654,False
rareness,0.21433751607024035,precision_region_2,TwoStep (recall),twostep_recall,505,0.46417463400345754,0.31791465032742994,0.5299003322259136,0.10089552238805972,1.0,0.3852468728546817,False
sparsity,5.0,f1_region_2,λ=2,divtree_lambda2_region2,1741,0.24296098150826462,0.317626198056439,0.5708756652152879,0.0,0.849204464497744,0.32042417507994103,False
rareness,0.05668836221519578,f1_region_2,λ=2,divtree_lambda2_region2,243,0.16022025530744827,0.31751870094687995,0.10128205128205128,0.0,1.0,0.3714824320098797,False
noise,0.00815515817940046,precision_region_2,λ=2,divtree_lambda2_region2,425,0.6091309706343159,0.31725697560515786,0.6365236875800256,0.08006322957198443,1.0,0.31857080858748177,False
data_size,4496.35407866857,precision_region_2,λ=8,divtree_lambda8_region2,403,0.527942053151409,0.31724887633960264,0.5768742904936547,0.050144648023143695,1.0,0.31867392607990874,False
data_size,11294.15008639454,precision_region_2,λ=4,divtree_lambda4_region2,401,0.5822116897513249,0.31710681867244755,0.5816611120494684,0.07746478873239436,1.0,0.3186120202421891,False
rareness,0.41677372843092897,f1_region_2,λ=2,divtree_lambda2_region2,981,0.4855325580375063,0.317064194384046,0.48667302798982187,0.006587914584279873,1.0,0.3714824320098797,False
data_size,4496.35407866857,precision_region_2,λ=2,divtree_lambda2_region2,375,0.5588125360784626,0.31676831093666846,0.5763847516811499,0.056999999999999995,1.0,0.3176964253032731,False
noise,0.8149591878462659,precision_region_2,λ=8,divtree_lambda8_region2,424,0.5449685981701702,0.316720981530927,0.5761862256229415,0.07722672064777329,1.0,0.3258113248335312,False
dispersion,0.08620199281382501,precision_region_2,λ=8,divtree_lambda8_region2,392,0.5699077348415453,0.316646762467481,0.6189327026020575,0.08532608695652173,1.0,0.34277236287307356,False
dispersion,0.264155074578139,precision_region_2,λ=2,divtree_lambda2_region2,780,0.589239533193702,0.316352690739571,0.6312496788322213,0.09905110982938582,1.0,0.32230125594218284,False
noise,0.012924172211646637,precision_region_2,λ=4,divtree_lambda4_region2,406,0.6056687728861011,0.3162181116963382,0.6316076677284048,0.08618421052631578,1.0,0.32221309642920903,False
data_size,4496.35407866857,precision_region_2,λ=4,divtree_lambda4_region2,390,0.5434355225160095,0.3161497536655205,0.5676451722773569,0.061125000000000006,1.0,0.3186120202421891,False
dispersion,0.21114977730367337,precision_region_2,λ=8,divtree_lambda8_region2,828,0.5316954672107419,0.31612305295411663,0.5307284775651429,0.055356046654389195,1.0,0.34277236287307356,False
dispersion,0.4134239376079035,precision_region_2,λ=8,divtree_lambda8_region2,776,0.5407492432636878,0.3160717775650303,0.5459257648624916,0.07607466063348417,1.0,0.34277236287307356,False
dispersion,0.06890472051252551,precision_region_2,λ=2,divtree_lambda2_region2,294,0.5904719195093676,0.31606707139232226,0.5861218161800402,0.0722860791826309,1.0,0.32230125594218284,False
noise,0.0012928585165887505,precision_region_2,λ=4,divtree_lambda4_region2,416,0.6041307223891342,0.3160280790052947,0.6294461564800548,0.09415584415584416,1.0,0.32221309642920903,False
dispersion,0.5172064705241997,precision_region_2,λ=8,divtree_lambda8_region2,779,0.5439908679354929,0.315691520977094,0.5629006895000543,0.06904290429042906,1.0,0.34277236287307356,False
rareness,0.41677372843092897,f1_region_2,λ=4,divtree_lambda4_region2,981,0.484070887800944,0.31566718221084467,0.4882044454455952,0.06260296540362438,1.0,0.3769077654089158,False
dispersion,0.21114977730367337,precision_region_2,λ=2,divtree_lambda2_region2,775,0.5572337460241046,0.3155325929939099,0.5722546051140613,0.06952686447473938,1.0,0.32230125594218284,False
dispersion,0.08620199281382501,precision_region_2,λ=4,divtree_lambda4_region2,383,0.5712211782262071,0.3154051708276473,0.5461659045379961,0.08369565217391305,1.0,0.33917236320782856,False
dispersion,0.06890472051252551,precision_region_2,λ=4,divtree_lambda4_region2,320,0.5651376338405874,0.31533699620901173,0.5801357585184457,0.07664835164835165,1.0,0.33917236320782856,False
dispersion,0.5172064705241997,precision_region_2,λ=4,divtree_lambda4_region2,763,0.5549481633000127,0.3153024853374535,0.5623954052199598,0.07319829130494694,1.0,0.33917236320782856,False
noise,0.12919760763693183,precision_region_2,λ=2,divtree_lambda2_region2,395,0.5926538391623412,0.31520652471282007,0.6232790661867684,0.10218495934959351,1.0,0.31857080858748177,False
noise,0.0051459082904443,precision_region_2,λ=8,divtree_lambda8_region2,399,0.583245184627505,0.3151277098913864,0.5679379077119985,0.07952741702741703,1.0,0.3258113248335312,False
noise,0.8149591878462659,precision_region_2,λ=4,divtree_lambda4_region2,413,0.5540234857169463,0.3151119628486634,0.5669502910882221,0.07099784637473079,1.0,0.32221309642920903,False
dispersion,0.04402631277493798,precision_region_2,λ=4,divtree_lambda4_region2,134,0.6073527692969101,0.31506543867612435,0.6728391767845596,0.11057838660578385,1.0,0.33917236320782856,False
noise,0.002048902761431835,precision_region_2,λ=4,divtree_lambda4_region2,435,0.5560332800818268,0.31502836706516996,0.5555377953903764,0.07606837606837608,1.0,0.32221309642920903,False
data_size,1790.0594419330469,precision_region_2,λ=8,divtree_lambda8_region2,470,0.4443684374797192,0.3150281587187718,0.46484375,0.029563492063492073,1.0,0.31867392607990874,False
data_size,1421.9004443801273,precision_region_2,λ=2,divtree_lambda2_region2,436,0.4995341829390613,0.3149443988296975,0.5370452619519784,0.04940476190476191,1.0,0.3176964253032731,False
dispersion,0.1687805109426452,precision_region_2,λ=8,divtree_lambda8_region2,753,0.5375700471130698,0.3146778802609381,0.5333832335329342,0.06666666666666667,1.0,0.34277236287307356,False
noise,0.2047504283424231,precision_region_2,λ=4,divtree_lambda4_region2,381,0.5945223190066076,0.3146385958700919,0.5821706658128358,0.08333333333333333,1.0,0.32221309642920903,False
sparsity,3.0,f1_region_2,λ=2,divtree_lambda2_region2,1708,0.26465774292348204,0.314465237066656,0.5686439793047372,0.0,0.8617179876240492,0.32042417507994103,False
sparsity,5.0,f1_region_2,λ=4,divtree_lambda4_region2,1741,0.24797987923610468,0.31441055575410864,0.5689469478511622,0.0,0.8499754058042303,0.3168613779798698,False
rareness,0.41677372843092897,f1_region_2,λ=8,divtree_lambda8_region2,981,0.48072027352320845,0.31408078459136,0.48621439527035293,0.0776896106292674,1.0,0.3773597443848267,False
dispersion,0.03519200285202227,precision_region_2,λ=2,divtree_lambda2_region2,82,0.6357604534085007,0.31401697672112233,0.5772291110981937,0.02793040293040292,1.0,0.32230125594218284,False
data_size,2837.030326379124,precision_region_2,λ=2,divtree_lambda2_region2,451,0.5035814319434323,0.3140050945637908,0.5209993546128844,0.06969402622632345,1.0,0.3176964253032731,False
dispersion,0.1687805109426452,precision_region_2,λ=4,divtree_lambda4_region2,729,0.5478357262392144,0.3138832652994988,0.548193302473904,0.07045645263827081,1.0,0.33917236320782856,False
data_size,1421.9004443801273,precision_region_2,λ=8,divtree_lambda8_region2,496,0.4615126751954258,0.31386044858775286,0.508973057473077,0.040178571428571425,1.0,0.31867392607990874,False
dispersion,0.21114977730367337,precision_region_2,λ=4,divtree_lambda4_region2,813,0.5366184337921104,0.31363081566400386,0.5097402597402597,0.0518209715708413,1.0,0.33917236320782856,False
data_size,5660.551766902119,precision_region_2,λ=2,divtree_lambda2_region2,383,0.5742931057037131,0.3136024589195933,0.5376341843424848,0.07534756928668787,1.0,0.3176964253032731,False
noise,0.012924172211646637,precision_region_2,λ=2,divtree_lambda2_region2,386,0.6259742592186198,0.31358937069424514,0.639842501929011,0.09656283566058002,1.0,0.31857080858748177,False
rareness,0.05668836221519578,fnr_region_2,λ=2,divtree_lambda2_region2,243,0.8475560153016719,0.3134962740387513,0.11256184716877404,0.0,1.0,0.4210176578267515,False
rareness,0.05668836221519578,recall_region_2,λ=2,divtree_lambda2_region2,243,0.1524439846983281,0.3134962740387513,0.11256184716877404,0.0,1.0,0.4210176578267515,False
sparsity,6.0,f1_region_2,λ=2,divtree_lambda2_region2,1633,0.25015077529405555,0.31346632969147364,0.5662621554287551,0.0,0.8538125365738167,0.32042417507994103,False
noise,0.08152374553859773,precision_region_2,λ=4,divtree_lambda4_region2,409,0.6112766420323273,0.3134515690422517,0.6275473257028992,0.1043956043956044,1.0,0.32221309642920903,False
dispersion,0.13491305194743766,precision_region_2,λ=2,divtree_lambda2_region2,595,0.5749510367010846,0.3133106527955693,0.5513428450028389,0.08233333333333334,1.0,0.32230125594218284,False
data_size,7126.183958196354,precision_region_2,λ=8,divtree_lambda8_region2,434,0.5446622233560663,0.3129221295213797,0.5355437229426097,0.07500000000000001,1.0,0.31867392607990874,False
dispersion,0.1687805109426452,precision_region_2,λ=2,divtree_lambda2_region2,693,0.568405428730382,0.3127944473445362,0.5636992154121029,0.07658862876254181,1.0,0.32230125594218284,False
noise,0.0051459082904443,precision_region_2,λ=4,divtree_lambda4_region2,392,0.5893230083971106,0.31259730097974797,0.5656468998855988,0.08849620493358634,1.0,0.32221309642920903,False
noise,3.2437464635937765,precision_region_2,λ=8,divtree_lambda8_region2,439,0.48662445771253326,0.312577670173584,0.49622627455646284,0.07058885941644562,1.0,0.3258113248335312,False
sparsity,5.0,f1_region_2,λ=8,divtree_lambda8_region2,1741,0.2496218001569177,0.31240984555758766,0.5689469478511622,0.0,0.8499754058042303,0.31479642463560176,False
data_size,2837.030326379124,precision_region_2,λ=4,divtree_lambda4_region2,482,0.48562267082157945,0.3123144438269314,0.5141511528581165,0.05566239316239316,1.0,0.3186120202421891,False
data_size,28369.168428963523,precision_region_2,λ=8,divtree_lambda8_region2,392,0.6147247268745627,0.31216841238695126,0.6172414894081293,0.10506336475442997,1.0,0.31867392607990874,False
dispersion,0.4134239376079035,precision_region_2,λ=4,divtree_lambda4_region2,762,0.547686237733997,0.31193510243522654,0.5357215259661086,0.08068578639836808,1.0,0.33917236320782856,False
noise,0.8149591878462659,precision_region_2,λ=2,divtree_lambda2_region2,400,0.5738487228239795,0.31188664063324295,0.5685165575774191,0.07857142857142858,1.0,0.31857080858748177,False
rareness,0.26752573998233714,precision_region_2,λ=2,divtree_lambda2_region2,765,0.5387539852842851,0.31158386839381075,0.6509351620510617,0.21032547699214366,1.0,0.44840864800223723,False
data_size,22534.52162028631,precision_region_2,λ=8,divtree_lambda8_region2,410,0.617115035189149,0.31155764245465484,0.6254533799079812,0.11191756272401433,1.0,0.31867392607990874,False
rareness,0.05668836221519578,f1_region_2,λ=0,divtree_lambda0,243,0.14244424913596285,0.3115115132349856,0.0738960113960114,0.0,1.0,0.365592354748749,False
rareness,0.17172392756746951,precision_region_2,TwoStep (recall),twostep_recall,376,0.40294744296875734,0.3114397863775038,0.456812096256499,0.0,1.0,0.3852468728546817,False
data_size,17899.87838123264,precision_region_2,λ=8,divtree_lambda8_region2,389,0.5897913026576312,0.3114280886733856,0.5861089082738566,0.10792567311338644,1.0,0.31867392607990874,False
noise,0.002048902761431835,precision_region_2,λ=2,divtree_lambda2_region2,414,0.5757805628699537,0.31117695542093127,0.5460114081041771,0.09061996779388085,1.0,0.31857080858748177,False
noise,0.2047504283424231,precision_region_2,λ=2,divtree_lambda2_region2,366,0.6075384843010817,0.3111606876610119,0.6149062651939223,0.08131720430107527,1.0,0.31857080858748177,False
sparsity,3.0,f1_region_2,λ=4,divtree_lambda4_region2,1708,0.2659177843072997,0.31113602504031646,0.5512985838196436,0.0,0.860862858253245,0.3168613779798698,False
rareness,0.05668836221519578,precision_region_2,TwoStep (tuned),twostep_tuned,64,0.2267167686386129,0.31108139303233207,0.4630526315789474,0.0,1.0,0.38740544582759256,False
noise,1.2915350821512999,precision_region_2,λ=4,divtree_lambda4_region2,395,0.5314559449608479,0.31101626472206717,0.5224849458645069,0.08257575757575758,1.0,0.32221309642920903,False
noise,3.2437464635937765,precision_region_2,λ=4,divtree_lambda4_region2,415,0.49638358740757577,0.3110150312464378,0.5044384223645972,0.07401194852941177,1.0,0.32221309642920903,False
noise,0.32448540397292847,precision_region_2,λ=8,divtree_lambda8_region2,462,0.5516600466685213,0.31100513267284313,0.5493811486530791,0.07366246498599441,1.0,0.3258113248335312,False
data_size,7126.183958196354,precision_region_2,λ=4,divtree_lambda4_region2,427,0.5532033270959759,0.31094194350021626,0.5536584632384047,0.07822115384615386,1.0,0.3186120202421891,False
dispersion,0.10784142958281023,precision_region_2,λ=4,divtree_lambda4_region2,522,0.574988427118119,0.31071796724825573,0.5689478456743697,0.08703177257525084,1.0,0.33917236320782856,False
data_size,2837.030326379124,precision_region_2,λ=8,divtree_lambda8_region2,493,0.48031110288998496,0.3107062334016886,0.5083874458874459,0.06388888888888888,1.0,0.31867392607990874,False
noise,1.2915350821512999,precision_region_2,λ=8,divtree_lambda8_region2,414,0.5183272585833537,0.31061891064407166,0.5058545496999152,0.08651960784313727,1.0,0.3258113248335312,False
rareness,0.07075567697181442,fnr_region_2,λ=0,divtree_lambda0,360,0.8599399561053189,0.31052094655928936,0.07168737060041408,0.0,1.0,0.4269225696109904,False
rareness,0.07075567697181442,recall_region_2,λ=0,divtree_lambda0,360,0.14006004389468107,0.31052094655928936,0.07168737060041408,0.0,1.0,0.42692256961099034,False
dispersion,0.5172064705241997,precision_region_2,λ=2,divtree_lambda2_region2,713,0.5741935831797583,0.3104960124649367,0.5554643234418515,0.08270422535211268,1.0,0.32230125594218284,False
data_size,11294.15008639454,precision_region_2,λ=2,divtree_lambda2_region2,379,0.6098622729002005,0.3104403196485363,0.607591362843369,0.10003167564143177,1.0,0.3176964253032731,False
sparsity,6.0,f1_region_2,λ=4,divtree_lambda4_region2,1633,0.25531758426248596,0.310295557851705,0.565145328859603,0.0,0.8540134572487101,0.3168613779798698,False
noise,0.020482034030709487,precision_region_2,λ=8,divtree_lambda8_region2,426,0.5626911334190269,0.31010412738549614,0.5407301170233092,0.08389364303178484,1.0,0.3258113248335312,False
rareness,0.26752573998233714,precision_region_2,λ=8,divtree_lambda8_region2,836,0.5200149577185132,0.3096847812213044,0.616912507966986,0.2103638726445744,1.0,0.44668270894847406,False
noise,3.2437464635937765,precision_region_2,λ=2,divtree_lambda2_region2,395,0.5214581784363921,0.30957229360964633,0.5232724396292633,0.07450443097014925,1.0,0.31857080858748177,False
data_size,1421.9004443801273,precision_region_2,λ=4,divtree_lambda4_region2,474,0.4661921290641603,0.3094830418975647,0.49056297160012324,0.02411347517730497,1.0,0.3186120202421891,False
rareness,0.17172392756746951,precision_region_2,TwoStep (tuned),twostep_tuned,358,0.4177265081271435,0.3094484771658034,0.4629781044713455,0.03847761194029852,1.0,0.38740544582759256,False
dispersion,0.10784142958281023,precision_region_2,λ=2,divtree_lambda2_region2,506,0.5863297792407501,0.30919610179383766,0.5727890976460284,0.09149953779992766,1.0,0.32230125594218284,False
data_size,28369.168428963523,precision_region_2,λ=4,divtree_lambda4_region2,381,0.6271265082334593,0.3089856936907919,0.6120276860668532,0.11538461538461539,1.0,0.3186120202421891,False
rareness,0.17172392756746951,fnr_region_2,TwoStep (recall),twostep_recall,878,0.8544077018844944,0.30897199659896973,0.07127054361567631,0.0,1.0,0.4067749558697657,False
rareness,0.17172392756746951,recall_region_2,TwoStep (recall),twostep_recall,878,0.14559229811550553,0.30897199659896973,0.07127054361567636,0.0,1.0,0.4067749558697657,False
sparsity,3.0,f1_region_2,λ=8,divtree_lambda8_region2,1708,0.2693639837536704,0.3089456297357058,0.536536541585388,0.0,0.8619789382355777,0.31479642463560176,False
noise,0.0051459082904443,precision_region_2,λ=2,divtree_lambda2_region2,374,0.6071334974991499,0.3088950182806961,0.580076064972475,0.1,1.0,0.31857080858748177,False
noise,8.146810152884804,f1_region_2,TwoStep (tuned),twostep_tuned,494,0.3328440797697596,0.30885492287197663,0.49416060699752457,0.0,0.913895301111518,0.3788721995127087,False
dispersion,0.21114977730367337,precision_region_2,λ=0,divtree_lambda0,675,0.6021653600789859,0.3084769999211591,0.5969864218993755,0.10033886085075705,1.0,0.30865922715890526,False
noise,0.514239595217779,precision_region_2,λ=8,divtree_lambda8_region2,389,0.5894770916625618,0.3083872554417862,0.559949494949495,0.09520777118186727,1.0,0.3258113248335312,False
noise,0.32448540397292847,precision_region_2,λ=4,divtree_lambda4_region2,452,0.5553519457818805,0.3083816005049848,0.537875616952384,0.10122128261895257,1.0,0.32221309642920903,False
rareness,0.07075567697181442,fnr_region_2,λ=4,divtree_lambda4_region2,360,0.8418902662616735,0.30834921457223763,0.10825499412455941,0.0,1.0,0.4158661160922854,False
rareness,0.07075567697181442,recall_region_2,λ=4,divtree_lambda4_region2,360,0.1581097337383264,0.30834921457223763,0.10825499412455934,0.0,1.0,0.4158661160922854,False
noise,0.020482034030709487,precision_region_2,λ=4,divtree_lambda4_region2,415,0.5715786207554281,0.308330923615654,0.5473534804753821,0.08804263358164961,1.0,0.32221309642920903,False
data_size,3571.5952849281794,precision_region_2,λ=8,divtree_lambda8_region2,462,0.4906954858544672,0.30824104495192006,0.4903776358030947,0.07205853658536585,1.0,0.31867392607990874,False
sparsity,6.0,f1_region_2,λ=8,divtree_lambda8_region2,1633,0.2555202569049292,0.3080986365393138,0.5596203282578603,0.0,0.8540134572487101,0.31479642463560176,False
data_size,8971.298187393322,precision_region_2,λ=2,divtree_lambda2_region2,407,0.568073603271175,0.30789118778291324,0.5289576667908844,0.07770979020979021,1.0,0.3176964253032731,False
dispersion,0.4134239376079035,precision_region_2,λ=2,divtree_lambda2_region2,718,0.5728286483076701,0.3078839288626504,0.5491104181660151,0.1,1.0,0.32230125594218284,False
data_size,56603.25340302813,precision_region_2,λ=8,divtree_lambda8_region2,410,0.6099729548304471,0.3076782318732451,0.597528248320073,0.10617747604603019,1.0,0.31867392607990874,False
data_size,2837.030326379124,precision_region_2,λ=0,divtree_lambda0,373,0.5689153785974078,0.3075219369278118,0.5208730639350488,0.0911278195488722,1.0,0.30911726842873716,False
rareness,0.26752573998233714,precision_region_2,λ=4,divtree_lambda4_region2,818,0.5237585320444457,0.30745734261447677,0.5978914760225891,0.21428571428571427,1.0,0.44723907984467964,False
noise,0.03245961994046289,precision_region_2,λ=4,divtree_lambda4_region2,428,0.5908196338590413,0.3073184638959336,0.5565212053423432,0.11073099415204678,1.0,0.32221309642920903,False
dispersion,0.028130383551941408,precision_region_2,λ=0,divtree_lambda0,58,0.709192469190539,0.30731576042733194,0.526444984604866,0.17186169526512707,1.0,0.30865922715890526,False
data_size,22534.52162028631,precision_region_2,λ=4,divtree_lambda4_region2,398,0.6240515248832833,0.30727309007951936,0.6151258169655232,0.11632183908045977,1.0,0.3186120202421891,False
noise,0.020482034030709487,precision_region_2,λ=2,divtree_lambda2_region2,397,0.5880815308897739,0.30708136024621113,0.5636377413771894,0.10526315789473684,1.0,0.31857080858748177,False
data_size,8971.298187393322,precision_region_2,λ=8,divtree_lambda8_region2,437,0.5443217438731284,0.3070056924111165,0.5202229712211563,0.0764418811002662,1.0,0.31867392607990874,False
dispersion,0.08620199281382501,precision_region_2,λ=2,divtree_lambda2_region2,352,0.6043607264608084,0.3068113808324377,0.6112660757089321,0.10957264957264957,1.0,0.32230125594218284,False
data_size,3571.5952849281794,precision_region_2,λ=2,divtree_lambda2_region2,419,0.5167569260884916,0.30672595163072847,0.4983280308148631,0.06444749485243652,1.0,0.3176964253032731,False
data_size,3571.5952849281794,precision_region_2,λ=4,divtree_lambda4_region2,447,0.49541563996268084,0.3067052202377917,0.49857475531510287,0.07344173441734417,1.0,0.3186120202421891,False
noise,0.03245961994046289,precision_region_2,λ=8,divtree_lambda8_region2,438,0.5846107162926918,0.3063211974692504,0.5730817441131704,0.1171875,1.0,0.3258113248335312,False
data_size,17899.87838123264,precision_region_2,λ=4,divtree_lambda4_region2,376,0.6028445449099794,0.30630939500315807,0.5703225691101939,0.10633116883116883,1.0,0.3186120202421891,False
noise,3.2437464635937765,precision_region_2,λ=0,divtree_lambda0,314,0.5878558539366237,0.3062304954819931,0.5411262904524492,0.10722222222222222,1.0,0.3066813765864899,False
noise,0.0012928585165887505,precision_region_2,λ=2,divtree_lambda2_region2,393,0.6258284254748067,0.3062053898345112,0.6053692155835211,0.1317013463892289,1.0,0.31857080858748177,False
dispersion,0.6470417138878943,precision_region_2,λ=4,divtree_lambda4_region2,636,0.5469142066234833,0.3061960019387792,0.521269660524255,0.09090909090909091,1.0,0.33917236320782856,False
dispersion,0.6470417138878943,precision_region_2,λ=8,divtree_lambda8_region2,654,0.5415216834539028,0.30608444624658754,0.5216354914163268,0.08735294117647059,1.0,0.34277236287307356,False
data_size,8971.298187393322,precision_region_2,λ=4,divtree_lambda4_region2,423,0.5504910698012677,0.3058319024857696,0.5366529951111636,0.08588072122052705,1.0,0.3186120202421891,False
data_size,14218.435672247866,precision_region_2,λ=8,divtree_lambda8_region2,354,0.5747534963110028,0.3057814185894613,0.5437951522382327,0.09424650938854118,1.0,0.31867392607990874,False
rareness,0.07075567697181442,fnr_region_2,λ=8,divtree_lambda8_region2,360,0.8384411546941226,0.30571211664865594,0.11566820276497702,0.0,1.0,0.41673009671363453,False
rareness,0.07075567697181442,recall_region_2,λ=8,divtree_lambda8_region2,360,0.16155884530587727,0.30571211664865594,0.11566820276497695,0.0,1.0,0.41673009671363453,False
data_size,7126.183958196354,precision_region_2,λ=2,divtree_lambda2_region2,399,0.5777265006068253,0.3055969745631477,0.5312763360739979,0.08101973684210527,1.0,0.3176964253032731,False
rareness,0.05668836221519578,precision_region_2,TwoStep (recall),twostep_recall,69,0.20961047665985186,0.30555721513222767,0.3103448275862069,0.0,1.0,0.3852468728546817,False
data_size,1129.460187950577,precision_region_2,λ=0,divtree_lambda0,329,0.5317552576351668,0.3054898672566386,0.4989565441188812,0.010666666666666724,1.0,0.30911726842873716,False
data_size,1129.460187950577,precision_region_2,λ=2,divtree_lambda2_region2,406,0.4799104636882634,0.3053003826359992,0.4755593395824623,0.030402861445783132,1.0,0.3176964253032731,False
rareness,0.07075567697181442,f1_region_2,λ=8,divtree_lambda8_region2,360,0.1699470605775595,0.30517991651972787,0.11883379711611435,0.0,1.0,0.3773597443848267,False
data_size,28369.168428963523,precision_region_2,λ=2,divtree_lambda2_region2,372,0.632771199331434,0.3051575787517147,0.6045983564187678,0.11921862948679916,1.0,0.3176964253032731,False
noise,0.514239595217779,precision_region_2,λ=2,divtree_lambda2_region2,366,0.6114216320921286,0.3048716745199498,0.525065238107778,0.09132481969773532,1.0,0.31857080858748177,False
data_size,5660.551766902119,precision_region_2,λ=0,divtree_lambda0,328,0.6306589631140196,0.3047792291534276,0.5440413561444113,0.11961852401511064,1.0,0.30911726842873716,False
noise,1.2915350821512999,precision_region_2,λ=2,divtree_lambda2_region2,382,0.5463075313111221,0.3047456742015218,0.5037582617790564,0.10485993208828523,1.0,0.31857080858748177,False
data_size,3571.5952849281794,precision_region_2,λ=0,divtree_lambda0,364,0.55861442265377,0.3046778578717538,0.5017732479285979,0.09433333333333335,1.0,0.30911726842873716,False
dispersion,0.6470417138878943,precision_region_2,λ=2,divtree_lambda2_region2,616,0.5639484427369887,0.3044212323272657,0.5173241919804987,0.09969135802469137,1.0,0.32230125594218284,False
data_size,35714.5241825939,precision_region_2,λ=8,divtree_lambda8_region2,397,0.6058006610825083,0.30439203074274024,0.6076653924087652,0.10956404929632464,1.0,0.31867392607990874,False
sparsity,2.0,f1_region_2,λ=0,divtree_lambda0,1669,0.4571322724451083,0.30422253094255935,0.5243522689482119,0.0,0.9382326012594454,0.32696038285494566,False
noise,0.08152374553859773,precision_region_2,λ=2,divtree_lambda2_region2,387,0.625781054129085,0.3040459128680257,0.606548339116637,0.1134645919339473,1.0,0.31857080858748177,False
rareness,0.07075567697181442,f1_region_2,λ=0,divtree_lambda0,360,0.1428339259422659,0.3039992052683721,0.09459260567526198,0.0,1.0,0.365592354748749,False
noise,1.2915350821512999,precision_region_2,λ=0,divtree_lambda0,326,0.5847192410485562,0.303964301998974,0.5422934890031962,0.10068493150684932,1.0,0.3066813765864899,False
data_size,17899.87838123264,precision_region_2,λ=2,divtree_lambda2_region2,365,0.6081719623615538,0.3029995131288848,0.5631664437894265,0.11265221265221265,1.0,0.3176964253032731,False
data_size,44961.74220908192,precision_region_2,λ=8,divtree_lambda8_region2,408,0.6488936490460725,0.30292572432988285,0.6000698368357564,0.16383854442565504,1.0,0.31867392607990874,False
data_size,1421.9004443801273,precision_region_2,λ=0,divtree_lambda0,329,0.5595583626268111,0.30288626166223026,0.4796918767507003,0.07444444444444444,1.0,0.30911726842873716,False
noise,0.8149591878462659,precision_region_2,λ=0,divtree_lambda0,354,0.6131693026513485,0.30266008280000684,0.5895729082835508,0.09787455080522327,1.0,0.3066813765864899,False
rareness,0.07075567697181442,fnr_region_2,λ=2,divtree_lambda2_region2,360,0.8547273287550045,0.3026480320692966,0.08326873385012923,0.0,1.0,0.4210176578267515,False
rareness,0.07075567697181442,recall_region_2,λ=2,divtree_lambda2_region2,360,0.1452726712449956,0.3026480320692966,0.0832687338501292,0.0,1.0,0.4210176578267515,False
data_size,11294.15008639454,precision_region_2,λ=0,divtree_lambda0,346,0.6443871868208414,0.3023082434524074,0.5874663882890632,0.12379349758699518,1.0,0.30911726842873716,False
noise,0.32448540397292847,precision_region_2,λ=2,divtree_lambda2_region2,435,0.5797934916652029,0.3022886946351397,0.526799470736451,0.1100854700854701,1.0,0.31857080858748177,False
noise,2.046805402410199,precision_region_2,λ=0,divtree_lambda0,349,0.6214937097108214,0.30224018213646026,0.5602208858164895,0.11534063676823009,1.0,0.3066813765864899,False
noise,0.0012928585165887505,precision_region_2,λ=0,divtree_lambda0,360,0.6469039192077644,0.3021406852611457,0.5943242556794417,0.14285714285714285,1.0,0.3066813765864899,False
noise,0.514239595217779,precision_region_2,λ=4,divtree_lambda4_region2,381,0.5979677637074008,0.30191172783899417,0.5418943870014771,0.1076923076923077,1.0,0.32221309642920903,False
data_size,4496.35407866857,precision_region_2,λ=0,divtree_lambda0,319,0.6048846684140521,0.3018389109508273,0.5592686040602977,0.12004981320049814,1.0,0.30911726842873716,False
noise,0.03245961994046289,precision_region_2,λ=2,divtree_lambda2_region2,405,0.6152832992794204,0.3015493876910957,0.5621491890217938,0.12990328820116057,1.0,0.31857080858748177,False
dispersion,0.06890472051252551,precision_region_2,λ=0,divtree_lambda0,258,0.6317098991142006,0.3014354321380983,0.5922445455315759,0.11801941747572817,1.0,0.30865922715890526,False
dispersion,0.10784142958281023,precision_region_2,TwoStep (recall),twostep_recall,405,0.5870678434591501,0.3014214700605754,0.5266876702471769,0.06719375073973252,1.0,0.30293362486690256,False
rareness,0.07075567697181442,f1_region_2,λ=4,divtree_lambda4_region2,360,0.1614961150214588,0.3013168834559084,0.12729409251148383,0.0,1.0,0.3769077654089158,False
noise,0.002048902761431835,precision_region_2,λ=0,divtree_lambda0,360,0.6210571568028647,0.3010417890104181,0.5415322009936065,0.10099303135888502,1.0,0.3066813765864899,False
dispersion,0.04402631277493798,precision_region_2,TwoStep (recall),twostep_recall,122,0.6379381141793908,0.30080073566882,0.558379535769159,0.07092264678471577,1.0,0.30293362486690256,False
dispersion,0.5172064705241997,precision_region_2,λ=0,divtree_lambda0,628,0.619267154875906,0.30078310177751516,0.5483966799453105,0.1,1.0,0.30865922715890526,False
dispersion,0.10784142958281023,precision_region_2,λ=0,divtree_lambda0,444,0.6326115436380042,0.30075668510545805,0.588358375464628,0.1181818181818182,1.0,0.30865922715890526,False
data_size,35714.5241825939,precision_region_2,λ=4,divtree_lambda4_region2,385,0.6224072717668654,0.30069406894354733,0.5848011891490152,0.11736900780379043,1.0,0.3186120202421891,False
data_size,44961.74220908192,precision_region_2,λ=4,divtree_lambda4_region2,408,0.6450225740416351,0.300593570985086,0.5977275680858639,0.15731298869465613,1.0,0.3186120202421891,False
noise,0.2047504283424231,precision_region_2,λ=0,divtree_lambda0,342,0.632957847502409,0.3003730441817019,0.5883443606326457,0.14103957636566333,1.0,0.3066813765864899,False
data_size,35714.5241825939,precision_region_2,λ=2,divtree_lambda2_region2,382,0.6275527425966999,0.3002886951578105,0.582273151186059,0.13380952380952382,1.0,0.3176964253032731,False
data_size,22534.52162028631,precision_region_2,λ=2,divtree_lambda2_region2,383,0.6429208103619897,0.30015073317457036,0.6057553931961948,0.14641463448030342,1.0,0.3176964253032731,False
data_size,1129.460187950577,precision_region_2,λ=8,divtree_lambda8_region2,461,0.4350859034387039,0.30009712950106504,0.4585759068517689,0.02857142857142857,1.0,0.31867392607990874,False
dispersion,0.264155074578139,precision_region_2,λ=0,divtree_lambda0,671,0.6498115972003444,0.30000620539404826,0.6008797077517689,0.15384615384615385,1.0,0.30865922715890526,False
noise,0.00815515817940046,precision_region_2,λ=0,divtree_lambda0,366,0.6736280464300111,0.29989995306085215,0.5885329131652661,0.1534072399530104,1.0,0.3066813765864899,False
noise,0.03245961994046289,precision_region_2,λ=0,divtree_lambda0,371,0.6394628802319587,0.29984665168030794,0.5563338086933861,0.12326939115929941,1.0,0.3066813765864899,False
data_size,1129.460187950577,precision_region_2,λ=4,divtree_lambda4_region2,450,0.4439890040847315,0.2997177287851199,0.44899098325461567,0.0,1.0,0.3186120202421891,False
data_size,14218.435672247866,precision_region_2,λ=4,divtree_lambda4_region2,345,0.5893256584997426,0.2993093508098562,0.5274458492291201,0.12564102564102564,1.0,0.3186120202421891,False
rareness,0.07075567697181442,f1_region_2,λ=2,divtree_lambda2_region2,360,0.15136371431662804,0.29886512887469213,0.09758064516129032,0.0,1.0,0.3714824320098797,False
data_size,56603.25340302813,precision_region_2,λ=4,divtree_lambda4_region2,399,0.625591879396186,0.2979421270170541,0.5703801687200329,0.14080205742410082,1.0,0.3186120202421891,False
dispersion,0.13491305194743766,precision_region_2,λ=0,divtree_lambda0,503,0.6338616629168233,0.2976593240431663,0.5730908074834105,0.14665054757502488,1.0,0.30865922715890526,False
rareness,0.17172392756746951,recall_region_2,TwoStep (tuned),twostep_tuned,878,0.1384642062121697,0.2975662292668151,0.06414687277449625,0.0,1.0,0.39211844455319544,False
rareness,0.17172392756746951,fnr_region_2,TwoStep (tuned),twostep_tuned,878,0.8615357937878303,0.29756622926681503,0.06414687277449627,0.0,1.0,0.39211844455319544,False
noise,0.12919760763693183,precision_region_2,λ=0,divtree_lambda0,356,0.6318061834429978,0.29732406902704867,0.6046704049000604,0.15437062937062937,1.0,0.3066813765864899,False
dispersion,0.4134239376079035,precision_region_2,λ=0,divtree_lambda0,625,0.6178447139314447,0.2973031310629093,0.5636442581818848,0.14225696140693697,1.0,0.30865922715890526,False
dispersion,0.8094697250919155,precision_region_2,λ=8,divtree_lambda8_region2,530,0.5690969501955905,0.29687756873289345,0.4985466093732326,0.1206649547236113,1.0,0.34277236287307356,False
dispersion,0.13491305194743766,precision_region_2,TwoStep (recall),twostep_recall,475,0.568212283238349,0.2968650681066467,0.4462133761962186,0.03953846153846154,1.0,0.30293362486690256,False
dispersion,0.6470417138878943,precision_region_2,λ=0,divtree_lambda0,533,0.6113952756620522,0.29664157996774093,0.5343915343915344,0.11538461538461539,1.0,0.30865922715890526,False
noise,0.020482034030709487,precision_region_2,λ=0,divtree_lambda0,349,0.6418496280605517,0.2961923293666904,0.5899849312541929,0.16424786025377902,1.0,0.3066813765864899,False
dispersion,0.1687805109426452,precision_region_2,λ=0,divtree_lambda0,589,0.630085128884874,0.2957557588098493,0.5849266039544349,0.14285714285714285,1.0,0.30865922715890526,False
dispersion,0.8094697250919155,precision_region_2,λ=4,divtree_lambda4_region2,520,0.5714473581003757,0.2952718342369384,0.48296870398787434,0.09999188311688312,1.0,0.33917236320782856,False
noise,5.140640682151394,precision_region_2,λ=2,divtree_lambda2_region2,351,0.48043664817527176,0.29431098446491977,0.46785542082527887,0.042690437601296594,1.0,0.31857080858748177,False
dispersion,0.13491305194743766,precision_region_2,TwoStep (tuned),twostep_tuned,465,0.5825742985355907,0.2940613476242551,0.46483849259757737,0.06699751861042187,1.0,0.296017843416024,False
dispersion,0.06890472051252551,precision_region_2,TwoStep (tuned),twostep_tuned,251,0.5907064254490604,0.29360152835419556,0.4847897737775313,0.09122112211221123,1.0,0.296017843416024,False
data_size,56603.25340302813,precision_region_2,λ=2,divtree_lambda2_region2,383,0.6384839710894896,0.29339569452650055,0.5487782323416819,0.14388588659481444,1.0,0.3176964253032731,False
data_size,14218.435672247866,precision_region_2,λ=2,divtree_lambda2_region2,330,0.6037839188772868,0.29301329247547736,0.5056155933298672,0.13004196849488328,1.0,0.3176964253032731,False
noise,8.146810152884804,precision_region_2,λ=2,divtree_lambda2_region2,388,0.4417858824028955,0.2929031811078369,0.4268460313728021,0.032301284624648735,1.0,0.31857080858748177,False
noise,0.0051459082904443,precision_region_2,λ=0,divtree_lambda0,329,0.6644304969168416,0.29281148498471204,0.5595400506723835,0.14508535489667565,1.0,0.3066813765864899,False
noise,5.140640682151394,precision_region_2,λ=8,divtree_lambda8_region2,394,0.44935566817970807,0.2926730158325387,0.4556577080174758,0.04683568727328857,1.0,0.3258113248335312,False
dispersion,0.8094697250919155,precision_region_2,λ=2,divtree_lambda2_region2,505,0.5877616517420483,0.292628833066965,0.48670121026219254,0.11312275295326144,1.0,0.32230125594218284,False
data_size,44961.74220908192,precision_region_2,λ=2,divtree_lambda2_region2,395,0.6584982620328038,0.29258035311475505,0.5727208134845355,0.16920895789459195,1.0,0.3176964253032731,False
dispersion,0.08620199281382501,precision_region_2,TwoStep (tuned),twostep_tuned,288,0.6144381903445586,0.29202981416188445,0.5292574862911488,0.12601744186046512,1.0,0.296017843416024,False
dispersion,0.03519200285202227,precision_region_2,λ=0,divtree_lambda0,72,0.6517174488886393,0.2919107738362876,0.4938081565796371,0.06930501930501934,1.0,0.30865922715890526,False
data_size,7126.183958196354,precision_region_2,λ=0,divtree_lambda0,349,0.6279884577939104,0.29170570969234166,0.5138336005797582,0.12339231238560099,1.0,0.30911726842873716,False
data_size,22534.52162028631,precision_region_2,λ=0,divtree_lambda0,353,0.6710099704904026,0.29163910162147905,0.575493612078978,0.18006448514783566,1.0,0.30911726842873716,False
noise,2.046805402410199,precision_region_2,TwoStep (tuned),twostep_tuned,336,0.5260643529654855,0.2915657992217019,0.4245315722651461,0.0,1.0,0.2920792478392795,False
data_size,17899.87838123264,precision_region_2,λ=0,divtree_lambda0,329,0.6478363547978837,0.29141338014211005,0.5773102636341191,0.16914479644994163,1.0,0.30911726842873716,False
data_size,14218.435672247866,precision_region_2,λ=0,divtree_lambda0,299,0.6350980089867275,0.2913810180077064,0.546100525586134,0.1398989898989899,1.0,0.30911726842873716,False
data_size,28369.168428963523,precision_region_2,λ=0,divtree_lambda0,339,0.6712547386459748,0.2913384763815408,0.5500040027902491,0.1779982363315697,1.0,0.30911726842873716,False
noise,0.012924172211646637,precision_region_2,λ=0,divtree_lambda0,345,0.6708834460597981,0.2911533506128933,0.5491596924542423,0.15533498759305212,1.0,0.3066813765864899,False
noise,2.046805402410199,precision_region_2,TwoStep (recall),twostep_recall,346,0.5158979782356437,0.29020367820264326,0.4248943807591339,0.006097560975609756,1.0,0.2908680371833374,False
data_size,71258.98905136844,precision_region_2,λ=8,divtree_lambda8_region2,368,0.6764576257800391,0.29001960186103387,0.5679029304029304,0.1654875469924812,1.0,0.31867392607990874,False
dispersion,0.08620199281382501,precision_region_2,TwoStep (recall),twostep_recall,294,0.6035311109493182,0.2898603712077232,0.49941414129361406,0.12402777777777778,1.0,0.30293362486690256,False
dispersion,0.06890472051252551,precision_region_2,TwoStep (recall),twostep_recall,260,0.5775665531463716,0.28981532486971623,0.4832863326256203,0.09966666666666668,1.0,0.30293362486690256,False
noise,5.140640682151394,precision_region_2,λ=4,divtree_lambda4_region2,376,0.4590384495819683,0.289745191366695,0.4615301783075365,0.04445232306861156,1.0,0.32221309642920903,False
rareness,0.41677372843092897,f1_region_2,TwoStep (tuned),twostep_tuned,981,0.4809141482642769,0.28962640067599454,0.3588159793422951,0.0,1.0,0.29532883924156567,False
sparsity,2.0,f1_region_2,λ=2,divtree_lambda2_region2,1669,0.48324097095245494,0.2893525959125503,0.4728781704162712,0.011225812024879071,0.9465447219045198,0.32042417507994103,False
dispersion,0.08620199281382501,precision_region_2,λ=0,divtree_lambda0,307,0.6531512800046282,0.2890643706532799,0.5880160078943041,0.16205646987769892,1.0,0.30865922715890526,False
data_size,89709.39328288496,precision_region_2,λ=8,divtree_lambda8_region2,407,0.6733259210248368,0.28855101706659864,0.5454526496167995,0.17506883604505633,1.0,0.31867392607990874,False
data_size,71258.98905136844,precision_region_2,λ=4,divtree_lambda4_region2,362,0.671196490536736,0.2882998787802424,0.5714044580765262,0.16547619047619047,1.0,0.3186120202421891,False
dispersion,0.04402631277493798,precision_region_2,TwoStep (tuned),twostep_tuned,120,0.6581606128580864,0.2878535060419073,0.5281447148592374,0.1419642857142857,1.0,0.296017843416024,False
data_size,44961.74220908192,precision_region_2,λ=0,divtree_lambda0,369,0.6855298373730471,0.28783116115298485,0.530515477883899,0.17921568627450982,1.0,0.30911726842873716,False
data_size,8971.298187393322,precision_region_2,λ=0,divtree_lambda0,350,0.6289024721169354,0.2876132393315211,0.5301781496800528,0.15655696497751978,1.0,0.30911726842873716,False
dispersion,0.8094697250919155,precision_region_2,λ=0,divtree_lambda0,461,0.6254125821707825,0.2875179084407473,0.4881126139275405,0.13975576662143827,1.0,0.30865922715890526,False
noise,0.08152374553859773,precision_region_2,λ=0,divtree_lambda0,350,0.6759097581001632,0.28715534152730343,0.5491303608172259,0.2,1.0,0.3066813765864899,False
data_size,89709.39328288496,precision_region_2,λ=2,divtree_lambda2_region2,393,0.6771250150963246,0.28689232272229664,0.5515723270440251,0.15846202857352903,1.0,0.3176964253032731,False
noise,0.32448540397292847,precision_region_2,λ=0,divtree_lambda0,374,0.6437175742536979,0.28660949629098764,0.5423250976618421,0.1742058823529412,1.0,0.3066813765864899,False
data_size,89709.39328288496,precision_region_2,λ=4,divtree_lambda4_region2,398,0.676723694202615,0.2858980731815581,0.5517179564527216,0.1921907084188912,1.0,0.3186120202421891,False
rareness,0.41677372843092897,f1_region_2,TwoStep (recall),twostep_recall,981,0.4868589597038339,0.2855868173488209,0.34708949198776806,0.0,1.0,0.29195352066298685,False
rareness,0.21433751607024035,f1_region_2,TwoStep (tuned),twostep_tuned,978,0.16331389464382323,0.2854776544213161,0.21707079458096706,0.0,0.9300884938051478,0.29532883924156567,False
rareness,0.21433751607024035,f1_region_2,TwoStep (recall),twostep_recall,978,0.16507281777123814,0.28464133398180347,0.21893888752945473,0.0,0.9300884938051478,0.29195352066298685,False
data_size,35714.5241825939,precision_region_2,λ=0,divtree_lambda0,346,0.663485384253802,0.28459326187272316,0.5555239437833552,0.17710534867362931,1.0,0.30911726842873716,False
data_size,14218.435672247866,precision_region_2,TwoStep (recall),twostep_recall,285,0.5577458199729728,0.28400925564968765,0.4079571414419248,0.06327731092436975,1.0,0.28451671930019684,False
noise,5.140640682151394,precision_region_2,λ=0,divtree_lambda0,280,0.5271891433615151,0.28380319150653827,0.3924582607623841,0.09241666666666669,1.0,0.3066813765864899,False
noise,8.146810152884804,precision_region_2,λ=8,divtree_lambda8_region2,452,0.41676166343284915,0.28298837467045346,0.4184363327560213,0.039293139293139295,1.0,0.3258113248335312,False
data_size,44961.74220908192,precision_region_2,TwoStep (recall),twostep_recall,346,0.5774491171381883,0.2829317337287744,0.40546121527954493,0.06283244680851063,1.0,0.28451671930019684,False
data_size,71258.98905136844,precision_region_2,λ=2,divtree_lambda2_region2,355,0.6792619964652528,0.28270660197784503,0.5534434708780381,0.1717958443552488,1.0,0.3176964253032731,False
noise,8.146810152884804,precision_region_2,λ=4,divtree_lambda4_region2,438,0.42127084661541403,0.2820173014066531,0.42277059151985097,0.03590701254017837,1.0,0.32221309642920903,False
data_size,2837.030326379124,precision_region_2,TwoStep (recall),twostep_recall,327,0.5002749993681962,0.2817995940044324,0.4073514843975071,0.05101710171017102,1.0,0.28451671930019684,False
data_size,56603.25340302813,precision_region_2,λ=0,divtree_lambda0,356,0.674965351333415,0.2817925826002739,0.53214084698077,0.17886363636363636,1.0,0.30911726842873716,False
data_size,1790.0594419330469,precision_region_2,TwoStep (recall),twostep_recall,297,0.4861492361704591,0.28135312531905315,0.39420417769932337,0.0,1.0,0.28451671930019684,False
noise,0.514239595217779,precision_region_2,λ=0,divtree_lambda0,327,0.6642419860416775,0.28114976980082446,0.5289789388977111,0.1817526188557615,1.0,0.3066813765864899,False
rareness,0.33391271330047,precision_region_2,λ=0,divtree_lambda0,743,0.5669927652175305,0.28104287711994824,0.5302754505753801,0.2867082961641392,1.0,0.4347942564941138,False
data_size,14218.435672247866,precision_region_2,TwoStep (tuned),twostep_tuned,276,0.579293912105121,0.2807130510671469,0.4043245805776085,0.08503798947983635,1.0,0.2812059992285255,False
data_size,44961.74220908192,precision_region_2,TwoStep (tuned),twostep_tuned,341,0.5882263750532808,0.2806620561365759,0.4235720704511446,0.0743879472693032,1.0,0.2812059992285255,False
sparsity,2.0,f1_region_2,λ=4,divtree_lambda4_region2,1669,0.4990063924684258,0.2800097184273327,0.4277779455162935,0.05023346303501946,0.9529160290212471,0.3168613779798698,False
dispersion,0.03519200285202227,precision_region_2,TwoStep (tuned),twostep_tuned,76,0.7059028703853851,0.2798737333874657,0.45442737368050723,0.18568313953488372,1.0,0.296017843416024,False
data_size,22534.52162028631,precision_region_2,TwoStep (recall),twostep_recall,319,0.5444347475445704,0.2798211977333869,0.426557001242439,0.018367346938775515,1.0,0.28451671930019684,False
data_size,2837.030326379124,precision_region_2,TwoStep (tuned),twostep_tuned,318,0.5117469026757654,0.27971372297669006,0.3994633014874972,0.022368421052631614,1.0,0.2812059992285255,False
rareness,0.26752573998233714,precision_region_2,TwoStep (tuned),twostep_tuned,573,0.4892213507362145,0.2796217985830293,0.4018934136736514,0.18897727272727274,1.0,0.38740544582759256,False
dispersion,0.04402631277493798,precision_region_2,λ=0,divtree_lambda0,109,0.6861448050190794,0.27943538491466435,0.5331455399061034,0.1654422758314139,1.0,0.30865922715890526,False
sparsity,2.0,f1_region_2,λ=8,divtree_lambda8_region2,1669,0.5078377757794799,0.2793546387451217,0.42681782102608506,0.052543285879184304,0.9597792300148238,0.31479642463560176,False
data_size,22534.52162028631,precision_region_2,TwoStep (tuned),twostep_tuned,312,0.5614404530822629,0.27915958959961057,0.40716414360596853,0.08105413105413106,1.0,0.2812059992285255,False
data_size,11294.15008639454,precision_region_2,TwoStep (recall),twostep_recall,310,0.5305931386315494,0.2791215700119284,0.4043726687765955,0.06561485755499459,1.0,0.28451671930019684,False
noise,8.146810152884804,precision_region_2,λ=0,divtree_lambda0,288,0.5142060695610654,0.2775005126705518,0.41742737925641105,0.08631537861046058,1.0,0.3066813765864899,False
rareness,0.26752573998233714,precision_region_2,TwoStep (recall),twostep_recall,599,0.47399306270429503,0.27678731019529473,0.3961843233262641,0.16666666666666666,1.0,0.3852468728546817,False
data_size,17899.87838123264,precision_region_2,TwoStep (recall),twostep_recall,296,0.5361607433031016,0.276455729054438,0.41070413802397976,0.04866951379763469,1.0,0.28451671930019684,False
dispersion,0.8094697250919155,precision_region_2,TwoStep (recall),twostep_recall,477,0.5918471574293843,0.2759049321099135,0.42618862042088856,0.10517826825127334,1.0,0.30293362486690256,False
data_size,1790.0594419330469,precision_region_2,TwoStep (tuned),twostep_tuned,283,0.5066952399170314,0.2756772193787764,0.3849011904030308,0.06616735537190088,1.0,0.2812059992285255,False
data_size,89709.39328288496,precision_region_2,λ=0,divtree_lambda0,368,0.7078149719594219,0.27553191555823664,0.5172901296759725,0.2481137489428537,1.0,0.30911726842873716,False
data_size,17899.87838123264,precision_region_2,TwoStep (tuned),twostep_tuned,294,0.5470218721688196,0.2752109462629348,0.4037907390855111,0.05978468899521531,1.0,0.2812059992285255,False
data_size,1421.9004443801273,precision_region_2,TwoStep (recall),twostep_recall,316,0.524123953033285,0.27486046045118523,0.3932976463353274,0.041743970315398886,1.0,0.28451671930019684,False
noise,0.002048902761431835,precision_region_2,TwoStep (recall),twostep_recall,321,0.5752254651154984,0.2738551723601692,0.3739977675549381,0.07976366322008863,1.0,0.2908680371833374,False
data_size,1129.460187950577,precision_region_2,TwoStep (tuned),twostep_tuned,321,0.4977725598068173,0.2728693906600514,0.35331516802906443,0.0,1.0,0.2812059992285255,False
data_size,1129.460187950577,precision_region_2,TwoStep (recall),twostep_recall,330,0.4806951926999077,0.27285011000540804,0.3616187671866255,0.0,1.0,0.28451671930019684,False
data_size,2253.5423055237598,precision_region_2,TwoStep (recall),twostep_recall,291,0.5451466890987477,0.27254471451383344,0.3907121658489089,0.10447282065915252,1.0,0.28451671930019684,False
data_size,11294.15008639454,precision_region_2,TwoStep (tuned),twostep_tuned,300,0.5447038672712822,0.2723291899401056,0.38177707868842725,0.08286854549769343,1.0,0.2812059992285255,False
noise,8.146810152884804,precision_region_2,TwoStep (tuned),twostep_tuned,447,0.3934766293330944,0.27225963810596626,0.39120175590649714,0.013000000000000008,0.9235928266206017,0.2920792478392795,False
noise,0.002048902761431835,precision_region_2,TwoStep (tuned),twostep_tuned,316,0.5864207412435759,0.27207713254360816,0.3726248082314417,0.08108893206123698,1.0,0.2920792478392795,False
noise,0.0012928585165887505,precision_region_2,TwoStep (recall),twostep_recall,307,0.61433070754841,0.27194789700513805,0.4232772502135021,0.16666666666666666,1.0,0.2908680371833374,False
dispersion,0.1687805109426452,precision_region_2,TwoStep (recall),twostep_recall,524,0.5444799609679571,0.2718593674502698,0.39475322175712657,0.08929924638894704,1.0,0.30293362486690256,False
dispersion,0.03519200285202227,precision_region_2,TwoStep (recall),twostep_recall,76,0.6954789596571973,0.27169449979797733,0.47856694924979926,0.16919061018957346,1.0,0.30293362486690256,False
data_size,35714.5241825939,precision_region_2,TwoStep (tuned),twostep_tuned,327,0.5514192356947102,0.2710522634081275,0.34241119845210105,0.06448636289400622,1.0,0.2812059992285255,False
data_size,56603.25340302813,precision_region_2,TwoStep (tuned),twostep_tuned,329,0.5738789455926971,0.27089513367743706,0.3655761364853878,0.0920173851174733,1.0,0.2812059992285255,False
data_size,7126.183958196354,precision_region_2,TwoStep (tuned),twostep_tuned,309,0.5411629280304842,0.27075363228147353,0.371831643130492,0.09329249617151608,1.0,0.2812059992285255,False
noise,8.146810152884804,precision_region_2,TwoStep (recall),twostep_recall,448,0.3897295128596097,0.2703863231448554,0.38722904305714606,0.022985973745729187,0.9094266145407155,0.2908680371833374,False
dispersion,0.8094697250919155,precision_region_2,TwoStep (tuned),twostep_tuned,473,0.602199144844067,0.27013512303844234,0.4097033821667571,0.11679738562091505,1.0,0.296017843416024,False
data_size,7126.183958196354,precision_region_2,TwoStep (recall),twostep_recall,319,0.5266481847056156,0.2700308103548339,0.3824283730897795,0.07949814027157374,1.0,0.28451671930019684,False
data_size,56603.25340302813,precision_region_2,TwoStep (recall),twostep_recall,329,0.5650728632605748,0.26993150271169813,0.37839336278246694,0.09202631156746352,1.0,0.28451671930019684,False
data_size,28369.168428963523,precision_region_2,TwoStep (recall),twostep_recall,304,0.5738188291486664,0.26964005914543127,0.39010953338480936,0.08291891891891892,1.0,0.28451671930019684,False
rareness,0.33391271330047,precision_region_2,λ=2,divtree_lambda2_region2,849,0.5388771840600961,0.26907027832143304,0.4383879650895728,0.27680082030248654,1.0,0.44840864800223723,False
data_size,1421.9004443801273,precision_region_2,TwoStep (tuned),twostep_tuned,299,0.5372498214658621,0.26892162066925845,0.40323591236154904,0.06110204081632653,1.0,0.2812059992285255,False
noise,0.00815515817940046,precision_region_2,TwoStep (recall),twostep_recall,315,0.5775358282782234,0.2687852136614224,0.3990337592373949,0.1289265536723164,1.0,0.2908680371833374,False
data_size,35714.5241825939,precision_region_2,TwoStep (recall),twostep_recall,334,0.5387754682728838,0.2685224767075695,0.35781271554753213,0.07284147204529376,1.0,0.28451671930019684,False
dispersion,0.1687805109426452,precision_region_2,TwoStep (tuned),twostep_tuned,507,0.5599202342915803,0.2684955549775186,0.3771894798647788,0.11619337390128466,1.0,0.296017843416024,False
noise,0.00815515817940046,precision_region_2,TwoStep (tuned),twostep_tuned,307,0.5917751612497604,0.2684501316349524,0.4063363860467697,0.14768477292965274,1.0,0.2920792478392795,False
rareness,0.33391271330047,precision_region_2,λ=8,divtree_lambda8_region2,924,0.5282404064682237,0.268164848708085,0.4158800523991648,0.2727272727272727,1.0,0.44668270894847406,False
noise,0.8149591878462659,precision_region_2,TwoStep (recall),twostep_recall,309,0.542887518455823,0.26810221073487883,0.36090206512099327,0.0865332693346133,1.0,0.2908680371833374,False
rareness,0.33391271330047,precision_region_2,λ=4,divtree_lambda4_region2,905,0.5290479502293478,0.2674177884480167,0.41548558110946066,0.27457860337117307,1.0,0.44723907984467964,False
data_size,8971.298187393322,precision_region_2,TwoStep (tuned),twostep_tuned,319,0.5306031331642339,0.26732570822025087,0.36905200033278607,0.07918954248366014,1.0,0.2812059992285255,False
dispersion,0.21114977730367337,precision_region_2,TwoStep (recall),twostep_recall,591,0.49611978939763457,0.267242987767228,0.35533353311785143,0.04173913043478261,1.0,0.30293362486690256,False
data_size,89709.39328288496,precision_region_2,TwoStep (recall),twostep_recall,357,0.6242743841433595,0.26650337546125585,0.4030124650342677,0.15119299305345815,1.0,0.28451671930019684,False
dispersion,0.21114977730367337,precision_region_2,TwoStep (tuned),twostep_tuned,575,0.5104992884223263,0.2664511264462221,0.3396750258967503,0.04662933684672816,1.0,0.296017843416024,False
noise,0.0032470703266739244,precision_region_2,TwoStep (tuned),twostep_tuned,285,0.607464763149975,0.26638514463484075,0.3920319543796912,0.1315537084398977,1.0,0.2920792478392795,False
data_size,2253.5423055237598,precision_region_2,TwoStep (tuned),twostep_tuned,282,0.5583346427007996,0.2663784387835576,0.3886731859993072,0.1251453488372093,1.0,0.2812059992285255,False
noise,0.0032470703266739244,precision_region_2,TwoStep (recall),twostep_recall,296,0.5930558120982775,0.2661882278084553,0.4016128196718787,0.12907608695652173,1.0,0.2908680371833374,False
data_size,89709.39328288496,precision_region_2,TwoStep (tuned),twostep_tuned,355,0.6352289853373514,0.26559185483820863,0.40285285419273015,0.15480008072573487,1.0,0.2812059992285255,False
data_size,28369.168428963523,precision_region_2,TwoStep (tuned),twostep_tuned,297,0.5893679379007357,0.2654447136772486,0.3664646215850197,0.11999366541894618,1.0,0.2812059992285255,False
noise,0.2047504283424231,precision_region_2,TwoStep (tuned),twostep_tuned,286,0.584759272211607,0.26498200519103365,0.37147526367347317,0.14332007433231458,1.0,0.2920792478392795,False
data_size,4496.35407866857,precision_region_2,TwoStep (tuned),twostep_tuned,282,0.5213894172719314,0.2647191242774028,0.372560041711474,0.09103030303030303,1.0,0.2812059992285255,False
noise,0.12919760763693183,precision_region_2,TwoStep (recall),twostep_recall,295,0.5662357969351121,0.263919280355305,0.35,0.10547152194211024,1.0,0.2908680371833374,False
noise,0.0012928585165887505,precision_region_2,TwoStep (tuned),twostep_tuned,298,0.63106889365873,0.2639079766633521,0.41628954349062086,0.1767857142857143,1.0,0.2920792478392795,False
data_size,4496.35407866857,precision_region_2,TwoStep (recall),twostep_recall,288,0.5118316127981798,0.26348813560076745,0.3505314709347997,0.05508064516129035,1.0,0.28451671930019684,False
noise,0.020482034030709487,precision_region_2,TwoStep (recall),twostep_recall,295,0.5573454278568526,0.26318723622258644,0.3679508582129454,0.11531997414350356,1.0,0.2908680371833374,False
noise,0.2047504283424231,precision_region_2,TwoStep (recall),twostep_recall,289,0.5766920332986034,0.2630323898479613,0.3586455159437791,0.14285714285714285,1.0,0.2908680371833374,False
dispersion,0.264155074578139,precision_region_2,TwoStep (recall),twostep_recall,594,0.48521850116392173,0.26296399466160186,0.3644602977231362,0.010072720125786165,0.9760024462356447,0.30293362486690256,False
data_size,8971.298187393322,precision_region_2,TwoStep (recall),twostep_recall,324,0.5238352154097433,0.2624713365756314,0.3586559481438098,0.08472161091549296,1.0,0.28451671930019684,False
noise,0.020482034030709487,precision_region_2,TwoStep (tuned),twostep_tuned,290,0.5688287074911639,0.26200435546252143,0.35860591117914226,0.12272173489278752,1.0,0.2920792478392795,False
noise,0.0051459082904443,precision_region_2,TwoStep (recall),twostep_recall,286,0.5906223181485798,0.26182124544747254,0.40049821489757464,0.1641156462585034,1.0,0.2908680371833374,False
noise,0.012924172211646637,precision_region_2,TwoStep (recall),twostep_recall,281,0.5919395288222141,0.2617720504500341,0.3917314981049272,0.1576923076923077,1.0,0.2908680371833374,False
rareness,0.13758257462279105,fnr_region_2,TwoStep (recall),twostep_recall,743,0.8997807360207126,0.2617146403812336,0.015001500150015001,0.0,1.0,0.4067749558697657,False
rareness,0.13758257462279105,recall_region_2,TwoStep (recall),twostep_recall,743,0.1002192639792873,0.26171464038123354,0.015001500150015001,0.0,1.0,0.4067749558697657,False
noise,0.8149591878462659,precision_region_2,TwoStep (tuned),twostep_tuned,298,0.5620533374394734,0.2615801687635968,0.3232553752100539,0.1111111111111111,1.0,0.2920792478392795,False
data_size,71258.98905136844,precision_region_2,λ=0,divtree_lambda0,332,0.7097191702763477,0.26110665277176576,0.5006894049346879,0.2824774372406864,1.0,0.30911726842873716,False
noise,1.2915350821512999,precision_region_2,TwoStep (recall),twostep_recall,319,0.5157988706171373,0.2604165302974352,0.36575004184263393,0.125,1.0,0.2908680371833374,False
dispersion,0.264155074578139,precision_region_2,TwoStep (tuned),twostep_tuned,575,0.4955556372468799,0.2592055982655428,0.3563835833866376,0.05417944785276081,0.9895461601375373,0.296017843416024,False
noise,0.12919760763693183,precision_region_2,TwoStep (tuned),twostep_tuned,288,0.5829182038024933,0.2587090312199846,0.3650186464927149,0.146578073089701,1.0,0.2920792478392795,False
data_size,3571.5952849281794,precision_region_2,TwoStep (recall),twostep_recall,317,0.5069019081634746,0.25853074990195546,0.358343962117547,0.08405315614617942,1.0,0.28451671930019684,False
rareness,0.5201968472338883,recall_region_2,λ=8,divtree_lambda8_region2,869,0.9001310302680899,0.25840703185111863,0.011197068403908772,0.0897500707728394,1.0,0.41673009671363453,False
rareness,0.5201968472338883,fnr_region_2,λ=8,divtree_lambda8_region2,869,0.09986896973191013,0.2584070318511186,0.011197068403908795,0.0,0.9102499292271605,0.41673009671363453,False
dispersion,0.6470417138878943,precision_region_2,TwoStep (recall),twostep_recall,535,0.5116706680157114,0.2583949169119465,0.36645428756583126,0.05092560211435157,0.9755547591993702,0.30293362486690256,False
rareness,0.13758257462279105,fnr_region_2,TwoStep (tuned),twostep_tuned,743,0.9019689115672175,0.2577726081961276,0.012913960820241988,0.0,1.0,0.39211844455319544,False
rareness,0.13758257462279105,recall_region_2,TwoStep (tuned),twostep_tuned,743,0.09803108843278263,0.2577726081961276,0.012913960820241977,0.0,1.0,0.39211844455319544,False
noise,0.0051459082904443,precision_region_2,TwoStep (tuned),twostep_tuned,279,0.6059407876367026,0.2574439758386499,0.3758887384407107,0.19724137931034486,1.0,0.2920792478392795,False
noise,1.2915350821512999,precision_region_2,TwoStep (tuned),twostep_tuned,303,0.5323551605908213,0.25713441085360056,0.3609957160832966,0.16266309571967633,1.0,0.2920792478392795,False
data_size,3571.5952849281794,precision_region_2,TwoStep (tuned),twostep_tuned,304,0.519940537388754,0.2569893726713223,0.35389845161499484,0.10279369474917456,1.0,0.2812059992285255,False
noise,0.012924172211646637,precision_region_2,TwoStep (tuned),twostep_tuned,272,0.6120290286073118,0.25642665026668193,0.39674435086405474,0.19475859869707163,1.0,0.2920792478392795,False
dispersion,0.6470417138878943,precision_region_2,TwoStep (tuned),twostep_tuned,522,0.5262280674856875,0.2564049529893062,0.36536055314130245,0.06055339265850946,1.0,0.296017843416024,False
dispersion,0.028130383551941408,precision_region_2,TwoStep (tuned),twostep_tuned,51,0.8049022745782071,0.25617903292850885,0.4347830519203677,0.2986337770120242,1.0,0.296017843416024,False
dispersion,0.5172064705241997,precision_region_2,TwoStep (tuned),twostep_tuned,547,0.5197136367337951,0.255682870407574,0.376700254210575,0.06666666666666667,0.9484378747348027,0.296017843416024,False
noise,0.05144151821540545,precision_region_2,TwoStep (recall),twostep_recall,251,0.5745221680537517,0.25545835141947054,0.3483794792674417,0.1664491275776116,1.0,0.2908680371833374,False
dispersion,0.5172064705241997,precision_region_2,TwoStep (recall),twostep_recall,554,0.5088152890974947,0.2544691184386981,0.3752357544394864,0.0701264880952381,0.9318128051272127,0.30293362486690256,False
noise,0.32448540397292847,precision_region_2,TwoStep (recall),twostep_recall,315,0.5601035655995844,0.2538012522763115,0.3431056893212606,0.13014705882352942,1.0,0.2908680371833374,False
noise,0.08152374553859773,precision_region_2,TwoStep (recall),twostep_recall,280,0.5867461280491372,0.2529370655702693,0.34963807240397227,0.18180444932710793,1.0,0.2908680371833374,False
noise,0.05144151821540545,precision_region_2,TwoStep (tuned),twostep_tuned,245,0.5870043941539899,0.25138841224078107,0.34653710977878854,0.1734286355783609,1.0,0.2920792478392795,False
dispersion,0.4134239376079035,precision_region_2,TwoStep (recall),twostep_recall,551,0.4878924023569623,0.25100365939564856,0.3353959309879363,0.0,0.8893188111952499,0.30293362486690256,False
rareness,0.5201968472338883,fnr_region_2,λ=4,divtree_lambda4_region2,869,0.09470487777495266,0.2505551987087674,0.016666666666666666,0.0,0.9076047654184182,0.4158661160922854,False
rareness,0.5201968472338883,recall_region_2,λ=4,divtree_lambda4_region2,869,0.9052951222250473,0.25055519870876736,0.01666666666666672,0.09239523458158168,1.0,0.4158661160922854,False
noise,0.32448540397292847,precision_region_2,TwoStep (tuned),twostep_tuned,303,0.5802582297870088,0.2499374137317157,0.31523195388607733,0.15408653846153847,1.0,0.2920792478392795,False
dispersion,0.4134239376079035,precision_region_2,TwoStep (tuned),twostep_tuned,531,0.5010238674697131,0.24978627691581562,0.3243166938225594,0.02578981302385558,0.8920059800226432,0.296017843416024,False
rareness,0.11022904674946227,fnr_region_2,TwoStep (recall),twostep_recall,626,0.9151129807122773,0.24856997567031203,0.003976286871023804,0.0,1.0,0.4067749558697657,False
rareness,0.11022904674946227,recall_region_2,TwoStep (recall),twostep_recall,626,0.08488701928772271,0.24856997567031203,0.003976286871023713,0.0,1.0,0.4067749558697657,False
noise,0.03245961994046289,precision_region_2,TwoStep (recall),twostep_recall,307,0.5875689128432372,0.24721213778507084,0.36190506078566753,0.20765822505082648,1.0,0.2908680371833374,False
noise,0.03245961994046289,precision_region_2,TwoStep (tuned),twostep_tuned,303,0.5996104327882957,0.24699136420835738,0.35796406412139437,0.21788623263724843,1.0,0.2920792478392795,False
noise,0.08152374553859773,precision_region_2,TwoStep (tuned),twostep_tuned,274,0.6025466357876702,0.2462629568701535,0.34778132814376794,0.21066024483243026,1.0,0.2920792478392795,False
sparsity,3.0,precision_region_2,λ=8,divtree_lambda8_region2,1527,0.4295486253851239,0.24577060766245878,0.36375192027627884,0.058823529411764705,0.8612169958236002,0.2528327631614482,False
rareness,0.11022904674946227,fnr_region_2,TwoStep (tuned),twostep_tuned,626,0.916615181482257,0.24566712297973048,0.000911053952244889,0.0,1.0,0.39211844455319544,False
rareness,0.11022904674946227,recall_region_2,TwoStep (tuned),twostep_tuned,626,0.08338481851774308,0.24566712297973048,0.0009110539522448492,0.0,1.0,0.39211844455319544,False
dispersion,0.330466384177277,precision_region_2,TwoStep (recall),twostep_recall,602,0.49748454082814936,0.24353518570204102,0.3435786001403861,0.06463222489426984,0.887225531669976,0.30293362486690256,False
noise,0.514239595217779,precision_region_2,TwoStep (recall),twostep_recall,278,0.5888199344014504,0.2431488255480332,0.3381091491685355,0.13630319148936174,1.0,0.2908680371833374,False
dispersion,0.330466384177277,precision_region_2,TwoStep (tuned),twostep_tuned,588,0.5068889677015057,0.2428879666775218,0.34760790047107715,0.06491528185076573,0.8926737993673698,0.296017843416024,False
rareness,0.26752573998233714,accuracy,λ=0,divtree_lambda0,967,0.5354987571001456,0.24219013567804118,0.29854873400084503,0.25095145425420656,1.0,0.242229978169876,False
sparsity,3.0,precision_region_2,TwoStep (tuned),twostep_tuned,1242,0.494759394382689,0.2420313279873827,0.34287559595903017,0.05532262609185687,0.8680801275255797,0.24690175635670192,False
rareness,0.33391271330047,precision_region_2,TwoStep (recall),twostep_recall,772,0.49349480608282514,0.24171067164587834,0.306032471052591,0.27774732710786304,1.0,0.3852468728546817,False
rareness,0.5201968472338883,fnr_region_2,λ=2,divtree_lambda2_region2,869,0.09067299614183472,0.24163659618896174,0.037747524752475246,0.0,0.9088941125020499,0.4210176578267515,False
rareness,0.5201968472338883,recall_region_2,λ=2,divtree_lambda2_region2,869,0.9093270038581653,0.24163659618896174,0.037747524752475226,0.09110588749795004,1.0,0.4210176578267515,False
rareness,0.029153571634755276,accuracy,λ=0,divtree_lambda0,68,0.7122274094484533,0.2412151524832623,0.391404713375884,0.288182450232079,1.0,0.242229978169876,False
rareness,0.33391271330047,precision_region_2,TwoStep (tuned),twostep_tuned,740,0.5078262186654506,0.24100957521236163,0.31646025383781695,0.28475956633755817,1.0,0.38740544582759256,False
rareness,0.17172392756746951,f1_region_2,TwoStep (tuned),twostep_tuned,878,0.11602433149659624,0.2409237821353125,0.1011494690366536,0.0,0.7510155461336563,0.29532883924156567,False
noise,0.00815515817940046,accuracy,λ=2,divtree_lambda2_region2,533,0.6254259693826276,0.24086954285166123,0.3887270994387376,0.2639229024943311,1.0,0.24109389024174385,False
rareness,0.17172392756746951,f1_region_2,TwoStep (recall),twostep_recall,878,0.11773405210055596,0.2408285568134048,0.11432625697722612,0.0,0.7510155461336563,0.29195352066298685,False
rareness,0.33391271330047,accuracy,λ=2,divtree_lambda2_region2,1004,0.4961848539749593,0.24082644038180198,0.24722229962794562,0.210989592131723,1.0,0.24357840857148774,False
noise,0.00815515817940046,accuracy,λ=0,divtree_lambda0,533,0.6265755372367011,0.24073524792232895,0.39405793349921575,0.27368735768171304,1.0,0.24102553982831249,False
rareness,0.41677372843092897,accuracy,λ=4,divtree_lambda4_region2,981,0.4982450974121122,0.24072989504445044,0.1695974640776477,0.17971431735134535,1.0,0.24319606941612096,False
sparsity,3.0,precision_region_2,λ=4,divtree_lambda4_region2,1488,0.4293791887733926,0.2407125530153607,0.3569212525774982,0.057747933884297525,0.8411223021582731,0.2478079381918113,False
rareness,0.41677372843092897,accuracy,λ=2,divtree_lambda2_region2,981,0.5003328492533823,0.24054109783108402,0.17477350963749116,0.18399152670600696,1.0,0.24357840857148774,False
noise,0.00815515817940046,accuracy,λ=4,divtree_lambda4_region2,533,0.6230580313548395,0.24033861085342667,0.3853715544450975,0.26316910281529776,1.0,0.24042728906914249,False
noise,0.00815515817940046,accuracy,λ=8,divtree_lambda8_region2,533,0.6221360783427079,0.24013780319790848,0.3763427813062849,0.26167473174836947,1.0,0.2402031401958454,False
rareness,0.26752573998233714,accuracy,λ=2,divtree_lambda2_region2,967,0.5371987173889198,0.24006684244871182,0.2983690489530093,0.2521042126538104,1.0,0.24357840857148774,False
rareness,0.41677372843092897,accuracy,λ=8,divtree_lambda8_region2,981,0.49621625452445856,0.23998548382985485,0.1704791444541372,0.17994505494505494,1.0,0.2412737949750702,False
noise,0.0032470703266739244,accuracy,λ=0,divtree_lambda0,516,0.6203432137168969,0.23990332266147804,0.3606965698399904,0.27208048243248373,1.0,0.24102553982831249,False
sparsity,3.0,precision_region_2,TwoStep (recall),twostep_recall,1243,0.48231750929577766,0.23963466459137148,0.34255709474941765,0.05026315789473685,0.8615043276374599,0.24493925745585982,False
rareness,0.33391271330047,accuracy,λ=4,divtree_lambda4_region2,1004,0.4980420665744637,0.23929152478871274,0.24489335019187197,0.2155478179481737,1.0,0.24319606941612096,False
noise,0.0032470703266739244,accuracy,λ=2,divtree_lambda2_region2,516,0.6210342340439516,0.23872938413619066,0.34733735912230834,0.27817678903304427,1.0,0.24109389024174385,False
rareness,0.26752573998233714,accuracy,λ=4,divtree_lambda4_region2,967,0.5379561704558736,0.23781734246742078,0.2917023233223529,0.2541170634920635,1.0,0.24319606941612096,False
rareness,0.33391271330047,accuracy,λ=8,divtree_lambda8_region2,1004,0.4976064835856381,0.23781166973683254,0.25098938626332057,0.21756017352663876,1.0,0.2412737949750702,False
noise,0.0032470703266739244,accuracy,λ=4,divtree_lambda4_region2,516,0.6208067626648627,0.23772555033908624,0.34966828598424715,0.2841776008261846,1.0,0.24042728906914249,False
rareness,0.26752573998233714,accuracy,λ=8,divtree_lambda8_region2,967,0.5367005948448276,0.23763641286681872,0.2845969751807852,0.2524661277106487,1.0,0.2412737949750702,False
dispersion,0.8094697250919155,accuracy,λ=0,divtree_lambda0,604,0.6283490752350771,0.23738815518772124,0.39926104522847106,0.2645640238868765,1.0,0.23890447326163222,False
sparsity,4.0,precision_region_2,TwoStep (recall),twostep_recall,1068,0.4412358366508484,0.23702572980485906,0.33866493939729714,0.02500000000000001,0.8394480263629199,0.24493925745585982,False
noise,0.514239595217779,precision_region_2,TwoStep (tuned),twostep_tuned,273,0.6009915165378723,0.2370114234054245,0.3224545102593883,0.1866666666666667,1.0,0.2920792478392795,False
data_size,22534.52162028631,accuracy,λ=0,divtree_lambda0,494,0.6066151535660643,0.23672432596207946,0.345468714679404,0.24726915038591948,1.0,0.2369753673320817,False
rareness,0.41677372843092897,precision_region_2,λ=0,divtree_lambda0,850,0.5763675145026093,0.23627675187006367,0.33400569259270163,0.3735281956227276,1.0,0.4347942564941138,False
sparsity,4.0,precision_region_2,TwoStep (tuned),twostep_tuned,1055,0.4428182599397215,0.2361499155732714,0.3384471210373453,0.03309315491507979,0.8358967293278288,0.24690175635670192,False
sparsity,1.0,precision_region_2,TwoStep (tuned),twostep_tuned,999,0.8166003643304011,0.23575250057327324,0.34929889826870797,0.37622228517750916,1.0,0.24690175635670192,False
sparsity,1.0,precision_region_2,TwoStep (recall),twostep_recall,999,0.8140197962024902,0.23556845579545888,0.35356568689902024,0.37370629370629377,1.0,0.24493925745585982,False
data_size,22534.52162028631,accuracy,λ=2,divtree_lambda2_region2,494,0.6089276435401935,0.2355128631118537,0.34084970561803346,0.24993317779084923,1.0,0.23584420976682907,False
sparsity,3.0,precision_region_2,λ=2,divtree_lambda2_region2,1401,0.4411912961711758,0.23544691401893508,0.3557922118345431,0.07317073170731707,0.8433119405505827,0.24441833111787253,False
data_size,22534.52162028631,accuracy,λ=8,divtree_lambda8_region2,494,0.6067687608937672,0.2349850259088941,0.33235368749002886,0.2506563841232443,1.0,0.23500163665211862,False
data_size,1129.460187950577,accuracy,λ=0,divtree_lambda0,483,0.545225698714726,0.23493583678902052,0.30746742235409785,0.21533098591549296,0.9971889400921659,0.2369753673320817,False
noise,0.0032470703266739244,accuracy,λ=8,divtree_lambda8_region2,516,0.6222769803372312,0.234655735693855,0.3443747754807308,0.28466561855558165,1.0,0.2402031401958454,False
data_size,22534.52162028631,accuracy,λ=4,divtree_lambda4_region2,494,0.6082343787284068,0.23460947029281223,0.3339651625509658,0.25169753350263097,1.0,0.2347678801736369,False
noise,0.012924172211646637,accuracy,λ=2,divtree_lambda2_region2,494,0.6264393051464754,0.2344108356041756,0.3666169503591489,0.3027101498281123,1.0,0.24109389024174385,False
noise,0.8149591878462659,accuracy,λ=4,divtree_lambda4_region2,507,0.5971702079735713,0.23439109602390654,0.3180309498046975,0.2346109827237928,1.0,0.24042728906914249,False
data_size,5660.551766902119,accuracy,λ=0,divtree_lambda0,477,0.600641822265808,0.23421393255315093,0.31653216996480826,0.25405181039266317,1.0,0.2369753673320817,False
noise,0.03245961994046289,accuracy,λ=0,divtree_lambda0,508,0.6098584047629373,0.2340093028231028,0.3501883250277794,0.2775604258811153,1.0,0.24102553982831249,False
sparsity,5.0,precision_region_2,TwoStep (recall),twostep_recall,993,0.43338795512278006,0.2338805598193548,0.31937760067000426,0.0,0.8199054240487946,0.24493925745585982,False
noise,0.012924172211646637,accuracy,λ=0,divtree_lambda0,494,0.626837228880525,0.23362715257131358,0.36528794470583037,0.30260406548289753,1.0,0.24102553982831249,False
noise,0.03245961994046289,accuracy,λ=8,divtree_lambda8_region2,508,0.6068289929341363,0.2336218525795657,0.3351748591234335,0.2576393763732684,1.0,0.2402031401958454,False
data_size,44961.74220908192,accuracy,λ=0,divtree_lambda0,513,0.6344085388027372,0.233502959538633,0.34823923606349416,0.3087250167305231,1.0,0.2369753673320817,False
dispersion,0.05507831494294404,accuracy,λ=0,divtree_lambda0,255,0.616705755822777,0.23345900627716692,0.3573986107055752,0.28459599390179474,1.0,0.23890447326163222,False
data_size,2253.5423055237598,accuracy,λ=0,divtree_lambda0,502,0.5936370954940726,0.23343556272879842,0.35685251686844255,0.2521699965979031,1.0,0.2369753673320817,False
data_size,1129.460187950577,accuracy,λ=4,divtree_lambda4_region2,483,0.5405407190834215,0.2333612893080477,0.2957108906187697,0.20824569747573501,0.9971889400921659,0.2347678801736369,False
dispersion,0.4134239376079035,accuracy,λ=0,divtree_lambda0,917,0.5901499136296567,0.23336052113281158,0.31942777569562447,0.2331363371373689,1.0,0.23890447326163222,False
dispersion,0.8094697250919155,accuracy,λ=4,divtree_lambda4_region2,604,0.6170150242346757,0.23326661415062527,0.3647765355374374,0.26242219785254844,1.0,0.2345341691739384,False
noise,0.03245961994046289,accuracy,λ=2,divtree_lambda2_region2,508,0.6090408669101993,0.233236519954012,0.3429031614094953,0.26355918518839866,1.0,0.24109389024174385,False
noise,0.8149591878462659,accuracy,λ=0,divtree_lambda0,507,0.5992728099164444,0.23322391768647302,0.31724137853573126,0.24350151069906048,1.0,0.24102553982831249,False
dispersion,0.8094697250919155,accuracy,λ=8,divtree_lambda8_region2,604,0.6123642964390328,0.23313604386664735,0.35863528213509804,0.2607601684329684,1.0,0.23459713158567463,False
rareness,0.02335739405554703,accuracy,λ=2,divtree_lambda2_region2,32,0.6646743334338168,0.2331146594294637,0.2666587991906505,0.26899550939018246,0.9994451450189156,0.24357840857148774,False
noise,0.8149591878462659,accuracy,λ=8,divtree_lambda8_region2,507,0.5957837062123428,0.23304170415203293,0.30709911777309795,0.2350896000258539,1.0,0.2402031401958454,False
dispersion,0.264155074578139,accuracy,λ=2,divtree_lambda2_region2,1025,0.5970966270007071,0.23301447224757912,0.32035005159958724,0.2549467928474965,1.0,0.2347657444588988,False
dispersion,0.8094697250919155,accuracy,λ=2,divtree_lambda2_region2,604,0.6220656990792321,0.23296438795435687,0.3700834469166676,0.26721655899120417,1.0,0.2347657444588988,False
dispersion,0.06890472051252551,accuracy,λ=4,divtree_lambda4_region2,378,0.5884153534906474,0.23292384104393338,0.34205863080474336,0.24963332687213285,1.0,0.2345341691739384,False
noise,0.002048902761431835,accuracy,λ=4,divtree_lambda4_region2,520,0.5985093555515713,0.23289896924803466,0.32825514977938186,0.23783374485596706,1.0,0.24042728906914249,False
data_size,1421.9004443801273,accuracy,λ=8,divtree_lambda8_region2,524,0.5680484246464657,0.23288410919150004,0.3087967248004366,0.22567255116388066,0.995943885012326,0.23500163665211862,False
dispersion,0.264155074578139,accuracy,λ=4,divtree_lambda4_region2,1025,0.5963110158297384,0.23286783046295598,0.3180411719260712,0.2549467928474965,1.0,0.2345341691739384,False
data_size,1421.9004443801273,accuracy,λ=4,divtree_lambda4_region2,524,0.5675973860644902,0.23284969353067075,0.3016610103347314,0.21480253089104764,1.0,0.2347678801736369,False
noise,0.8149591878462659,accuracy,λ=2,divtree_lambda2_region2,507,0.5978758922015228,0.23278666515513105,0.32470232381271147,0.23627195564204312,1.0,0.24109389024174385,False
data_size,5660.551766902119,accuracy,λ=4,divtree_lambda4_region2,477,0.6028779370689966,0.23273298841244913,0.3231040887864072,0.2551169120834347,1.0,0.2347678801736369,False
dispersion,0.264155074578139,accuracy,λ=8,divtree_lambda8_region2,1025,0.5954057405843637,0.23263931954110134,0.3151034840335187,0.2552042494290309,1.0,0.23459713158567463,False
noise,0.012924172211646637,accuracy,λ=4,divtree_lambda4_region2,494,0.6270274592888664,0.23243050604254817,0.36364341542457446,0.3026847988820274,1.0,0.24042728906914249,False
data_size,1129.460187950577,accuracy,λ=8,divtree_lambda8_region2,483,0.5417860841005027,0.23240280960317314,0.2879128322359209,0.21295582888527886,0.9971613817151574,0.23500163665211862,False
dispersion,0.06890472051252551,accuracy,λ=8,divtree_lambda8_region2,378,0.5909326893570688,0.2323836706275116,0.3459250493160777,0.24768882858435098,1.0,0.23459713158567463,False
dispersion,0.02248574717690055,accuracy,λ=4,divtree_lambda4_region2,27,0.6271296224948891,0.23238360819573467,0.3569353228062487,0.30714326523150054,0.9957584077923074,0.2345341691739384,False
dispersion,0.06890472051252551,accuracy,λ=2,divtree_lambda2_region2,378,0.5899903353046063,0.23226940723022693,0.3407496606233661,0.2515353862379358,1.0,0.2347657444588988,False
data_size,44961.74220908192,accuracy,λ=2,divtree_lambda2_region2,513,0.6341849873425277,0.23223959509466735,0.34034869845709737,0.3071010970199045,1.0,0.23584420976682907,False
dispersion,0.264155074578139,accuracy,λ=0,divtree_lambda0,1025,0.59772392537697,0.23217652170543798,0.3225226728901139,0.25765197960236064,1.0,0.23890447326163222,False
rareness,0.029153571634755276,fnr_region_2,TwoStep (tuned),twostep_tuned,68,0.9324338689844558,0.2320857926674138,0.0,0.3061666666666667,1.0,0.39211844455319544,False
rareness,0.029153571634755276,recall_region_2,TwoStep (tuned),twostep_tuned,68,0.06756613101554423,0.2320857926674138,0.0,0.0,0.6938333333333324,0.39211844455319544,False
dispersion,0.5172064705241997,accuracy,λ=0,divtree_lambda0,902,0.6047323530499983,0.23205843256561762,0.3369422716467818,0.266574843305312,1.0,0.23890447326163222,False
noise,0.08152374553859773,accuracy,λ=8,divtree_lambda8_region2,507,0.6152616907204685,0.2320037765218229,0.31867547628502546,0.28234402840132244,1.0,0.2402031401958454,False
data_size,4496.35407866857,accuracy,λ=0,divtree_lambda0,458,0.6004907544456115,0.23197285793145556,0.322758142580825,0.26925550945837934,1.0,0.2369753673320817,False
data_size,44961.74220908192,accuracy,λ=4,divtree_lambda4_region2,513,0.6326203205523276,0.23197038935830727,0.33594910621824287,0.2985320088087772,1.0,0.2347678801736369,False
data_size,5660.551766902119,accuracy,λ=2,divtree_lambda2_region2,477,0.6042737963365857,0.2319434712896086,0.31641435935714113,0.26018424843479754,1.0,0.23584420976682907,False
rareness,0.029153571634755276,fnr_region_2,TwoStep (recall),twostep_recall,68,0.9309469408798805,0.23186492618506646,0.0,0.3096666666666667,1.0,0.4067749558697657,False
rareness,0.029153571634755276,recall_region_2,TwoStep (recall),twostep_recall,68,0.06905305912011939,0.23186492618506643,0.0,0.0,0.6903333333333324,0.4067749558697657,False
data_size,1421.9004443801273,accuracy,λ=2,divtree_lambda2_region2,524,0.5697222551273332,0.23186273208159547,0.2992911395385909,0.2251943392465617,0.997713732111511,0.23584420976682907,False
rareness,0.02335739405554703,accuracy,λ=4,divtree_lambda4_region2,32,0.6649977894048414,0.23183901871570073,0.2674275998616038,0.2708079434506564,0.9994451450189156,0.24319606941612096,False
noise,0.08152374553859773,accuracy,λ=4,divtree_lambda4_region2,507,0.6172229816761631,0.23183024523499507,0.3202816709966949,0.2805576098079693,1.0,0.24042728906914249,False
data_size,1129.460187950577,accuracy,λ=2,divtree_lambda2_region2,483,0.5458384287944023,0.23182826408030557,0.29610460926399673,0.22103672887803263,0.9975295673825085,0.23584420976682907,False
data_size,5660.551766902119,accuracy,λ=8,divtree_lambda8_region2,477,0.6006794985094748,0.23170155648002147,0.315249091993278,0.254442969561199,1.0,0.23500163665211862,False
noise,0.03245961994046289,accuracy,λ=4,divtree_lambda4_region2,508,0.6090894261428474,0.23158561528766108,0.3310384121903977,0.2668380354859335,1.0,0.24042728906914249,False
data_size,4496.35407866857,accuracy,λ=2,divtree_lambda2_region2,458,0.601380133856852,0.23152228723151513,0.325967015124879,0.264333412202493,1.0,0.23584420976682907,False
dispersion,0.21114977730367337,accuracy,λ=2,divtree_lambda2_region2,1011,0.5863007158674817,0.23142485932040882,0.29457960102431513,0.24308979299070876,1.0,0.2347657444588988,False
dispersion,0.05507831494294404,accuracy,λ=2,divtree_lambda2_region2,255,0.6241997209320008,0.23130635152238482,0.3578733157691863,0.2968695759980164,1.0,0.2347657444588988,False
noise,0.08152374553859773,accuracy,λ=0,divtree_lambda0,507,0.6184494331060171,0.23130415741533566,0.32315723420261444,0.2837377772833286,1.0,0.24102553982831249,False
data_size,2253.5423055237598,accuracy,λ=8,divtree_lambda8_region2,502,0.595752439874604,0.2312364691758215,0.3508455590349375,0.2751717443898764,1.0,0.23500163665211862,False
noise,0.020482034030709487,accuracy,λ=0,divtree_lambda0,511,0.6028715413072927,0.2311178768494066,0.31379221529788803,0.27037497529166216,1.0,0.24102553982831249,False
noise,0.002048902761431835,accuracy,λ=2,divtree_lambda2_region2,520,0.6005831784640555,0.23105810228751525,0.3253870854523247,0.24120710896586867,1.0,0.24109389024174385,False
rareness,0.03638808066694245,accuracy,λ=0,divtree_lambda0,116,0.6648589063855099,0.2310188992438248,0.4010339331572806,0.2902093633644631,1.0,0.242229978169876,False
data_size,2253.5423055237598,accuracy,λ=2,divtree_lambda2_region2,502,0.5937025150877162,0.2308941658165783,0.35248491303069857,0.27275005696058324,1.0,0.23584420976682907,False
rareness,0.21433751607024035,accuracy,λ=0,divtree_lambda0,978,0.5710004970436271,0.23074442327052375,0.28771177553710064,0.24704299412690114,1.0,0.242229978169876,False
data_size,44961.74220908192,accuracy,λ=8,divtree_lambda8_region2,513,0.6311478317917376,0.2305341422441105,0.33170899947895677,0.29665579910121526,1.0,0.23500163665211862,False
noise,0.012924172211646637,accuracy,λ=8,divtree_lambda8_region2,494,0.627731568502944,0.23047277847612177,0.36052874182304595,0.31103598182654085,1.0,0.2402031401958454,False
noise,0.08152374553859773,accuracy,λ=2,divtree_lambda2_region2,507,0.6177545076535657,0.2301964759449279,0.3110865420635802,0.28422859933714273,1.0,0.24109389024174385,False
data_size,2253.5423055237598,accuracy,λ=4,divtree_lambda4_region2,502,0.5934050882236773,0.23013224039542696,0.3426410779356275,0.27474623642253704,1.0,0.2347678801736369,False
data_size,17899.87838123264,accuracy,λ=0,divtree_lambda0,497,0.6062084509273402,0.22992990341163833,0.3226342922605998,0.2506240622697108,1.0,0.2369753673320817,False
dispersion,0.5172064705241997,accuracy,λ=2,divtree_lambda2_region2,902,0.6031526552881886,0.22989375331752035,0.33235234912834744,0.26072457178733804,1.0,0.2347657444588988,False
dispersion,0.06890472051252551,accuracy,λ=0,divtree_lambda0,378,0.5848894048657328,0.22988114477214128,0.30261902248649053,0.2476275455953226,1.0,0.23890447326163222,False
dispersion,0.5172064705241997,accuracy,λ=4,divtree_lambda4_region2,902,0.6026420685280321,0.22975725830252933,0.33548265504796865,0.2607928047865223,1.0,0.2345341691739384,False
dispersion,0.4134239376079035,accuracy,λ=2,divtree_lambda2_region2,917,0.5921296195928686,0.22970580751337424,0.3134685046137104,0.2421489333658744,1.0,0.2347657444588988,False
dispersion,0.330466384177277,accuracy,λ=4,divtree_lambda4_region2,1021,0.6027835555067406,0.2296686550601969,0.30627960324666226,0.26961058319359044,1.0,0.2345341691739384,False
rareness,0.02335739405554703,accuracy,λ=8,divtree_lambda8_region2,32,0.6575628668507948,0.22959780585556758,0.19881481803591372,0.2708079434506564,0.9994451450189156,0.2412737949750702,False
noise,0.020482034030709487,accuracy,λ=4,divtree_lambda4_region2,511,0.6017904206795115,0.22951844090541626,0.30690388138081187,0.26617633923307177,1.0,0.24042728906914249,False
dispersion,0.330466384177277,accuracy,λ=0,divtree_lambda0,1021,0.6044359030944612,0.22948577892268038,0.3072613630940649,0.27014995313964385,1.0,0.23890447326163222,False
dispersion,0.330466384177277,accuracy,λ=8,divtree_lambda8_region2,1021,0.6017327286800039,0.22944889064386967,0.30538086499071615,0.26405607191833,1.0,0.23459713158567463,False
dispersion,0.05507831494294404,accuracy,λ=4,divtree_lambda4_region2,255,0.6228256867287661,0.22944215858983508,0.3719950998793755,0.2983907408797975,1.0,0.2345341691739384,False
dispersion,0.330466384177277,accuracy,λ=2,divtree_lambda2_region2,1021,0.6035515609681993,0.22944208461887866,0.31019853349327514,0.26961058319359044,1.0,0.2347657444588988,False
noise,0.020482034030709487,accuracy,λ=8,divtree_lambda8_region2,511,0.6005147322083874,0.22933474265257295,0.3141631894882817,0.2701658874683524,1.0,0.2402031401958454,False
dispersion,0.13491305194743766,accuracy,λ=0,divtree_lambda0,768,0.5887980035335466,0.22932701525026414,0.30725053855028583,0.24982977054732658,1.0,0.23890447326163222,False
dispersion,0.4134239376079035,accuracy,λ=4,divtree_lambda4_region2,917,0.5909659997197264,0.22921650653840936,0.31202455326497874,0.24053835092659856,1.0,0.2345341691739384,False
dispersion,0.10784142958281023,accuracy,λ=4,divtree_lambda4_region2,621,0.6019377510655924,0.22915941312014082,0.3063954378122756,0.25650557620817843,1.0,0.2345341691739384,False
data_size,1421.9004443801273,accuracy,λ=0,divtree_lambda0,524,0.5673599972020802,0.2291355070353536,0.28941200191803956,0.2251943392465617,0.9997247706422018,0.2369753673320817,False
dispersion,0.10784142958281023,accuracy,λ=8,divtree_lambda8_region2,621,0.6030998328994466,0.22912020486686108,0.3145065795198144,0.25979331891372265,1.0,0.23459713158567463,False
noise,0.002048902761431835,accuracy,λ=8,divtree_lambda8_region2,520,0.5974618924222498,0.22909622246530792,0.3164657490762964,0.24303933307499279,1.0,0.2402031401958454,False
data_size,89709.39328288496,accuracy,λ=0,divtree_lambda0,509,0.6412904311017706,0.2290425583410614,0.35585234472708355,0.2943618382883741,1.0,0.2369753673320817,False
data_size,71258.98905136844,accuracy,λ=0,divtree_lambda0,492,0.6346261929408837,0.22902263643360146,0.33409655371210545,0.30300466563038186,1.0,0.2369753673320817,False
dispersion,0.02248574717690055,accuracy,λ=2,divtree_lambda2_region2,27,0.6328937077747449,0.22902034643448016,0.35508256619991796,0.30816136477901185,0.9962704172936435,0.2347657444588988,False
noise,2.046805402410199,accuracy,λ=0,divtree_lambda0,507,0.6055605073652875,0.22902015701196027,0.3248922467093297,0.2818245569297463,1.0,0.24102553982831249,False
noise,0.0051459082904443,accuracy,λ=0,divtree_lambda0,475,0.612918804150997,0.2289991997059179,0.3462770761297149,0.2624405388038812,1.0,0.24102553982831249,False
dispersion,0.4134239376079035,accuracy,λ=8,divtree_lambda8_region2,917,0.5896376745877291,0.2288739659546649,0.3133272415223233,0.2453628642626027,1.0,0.23459713158567463,False
data_size,4496.35407866857,accuracy,λ=4,divtree_lambda4_region2,458,0.6026103995659136,0.22877537573088053,0.3232250660011393,0.27786952160556927,1.0,0.2347678801736369,False
noise,0.002048902761431835,accuracy,λ=0,divtree_lambda0,520,0.6029051612173003,0.22874017087050075,0.3224209313814327,0.243098727612462,1.0,0.24102553982831249,False
dispersion,0.1687805109426452,accuracy,λ=0,divtree_lambda0,880,0.5881138315477445,0.2287205644221475,0.28992357257954043,0.24471828060840395,1.0,0.23890447326163222,False
data_size,4496.35407866857,accuracy,λ=8,divtree_lambda8_region2,458,0.6008902377349521,0.2286161997112511,0.31056019836100857,0.27868569347221755,1.0,0.23500163665211862,False
noise,1.2915350821512999,accuracy,λ=4,divtree_lambda4_region2,493,0.5790457275640154,0.2286089119441403,0.3040907363950384,0.2379076345982308,1.0,0.24042728906914249,False
dispersion,0.6470417138878943,accuracy,λ=0,divtree_lambda0,768,0.5991336958675443,0.22858109626434178,0.330414481861007,0.2684101286841013,1.0,0.23890447326163222,False
dispersion,0.1687805109426452,accuracy,λ=2,divtree_lambda2_region2,880,0.5882418611684342,0.22857544783635966,0.3001701494386144,0.24834171368497285,1.0,0.2347657444588988,False
dispersion,0.05507831494294404,accuracy,λ=8,divtree_lambda8_region2,255,0.6243399052114357,0.22856909957748592,0.35632134311213404,0.30070415900302316,1.0,0.23459713158567463,False
dispersion,0.21114977730367337,accuracy,λ=0,divtree_lambda0,1011,0.587861911950391,0.22850300252085778,0.2911345663537638,0.24919040184138985,1.0,0.23890447326163222,False
noise,0.32448540397292847,accuracy,λ=0,divtree_lambda0,536,0.6021482539558888,0.22845667804386469,0.30709506986760426,0.2633028924802704,1.0,0.24102553982831249,False
dispersion,0.10784142958281023,accuracy,λ=0,divtree_lambda0,621,0.5998352137839715,0.2283847753978044,0.3009381924245824,0.258033926878095,1.0,0.23890447326163222,False
sparsity,3.0,precision_region_2,λ=0,divtree_lambda0,1172,0.4696478674266354,0.228349053977151,0.3324066207611687,0.08052846975088969,0.8460043625645346,0.23618352437614304,False
noise,0.514239595217779,accuracy,λ=0,divtree_lambda0,458,0.6148743734229649,0.22827254853867596,0.3298019245029351,0.2688875343520476,1.0,0.24102553982831249,False
dispersion,0.1687805109426452,accuracy,λ=4,divtree_lambda4_region2,880,0.589510032509924,0.22825994716367462,0.29233402636666833,0.2616212885169636,1.0,0.2345341691739384,False
sparsity,5.0,precision_region_2,TwoStep (tuned),twostep_tuned,945,0.4417198530804686,0.22824923954353024,0.30872216330858954,0.01630769230769232,0.8161326611275833,0.24690175635670192,False
rareness,0.21433751607024035,accuracy,λ=2,divtree_lambda2_region2,978,0.5716804651790054,0.22824695176673596,0.27671250788698676,0.24992138364779873,1.0,0.24357840857148774,False
dispersion,0.21114977730367337,accuracy,λ=4,divtree_lambda4_region2,1011,0.5872400981724814,0.22813713348184197,0.2889113931883427,0.25342909847076167,1.0,0.2345341691739384,False
dispersion,0.10784142958281023,accuracy,λ=2,divtree_lambda2_region2,621,0.6016748136705667,0.2280730426962277,0.29097815875998123,0.257201646090535,1.0,0.2347657444588988,False
dispersion,0.02248574717690055,accuracy,λ=0,divtree_lambda0,27,0.6334049778595809,0.22799655029733265,0.36985662177854606,0.3090097810686046,0.9971247785096181,0.23890447326163222,False
dispersion,0.6470417138878943,accuracy,λ=2,divtree_lambda2_region2,768,0.5949740287267594,0.2279779046631231,0.32104637211597215,0.2524756800692822,1.0,0.2347657444588988,False
data_size,2837.030326379124,accuracy,λ=0,divtree_lambda0,555,0.5731026786164828,0.22793987470818858,0.314435869705501,0.24745117343023848,1.0,0.2369753673320817,False
data_size,2837.030326379124,accuracy,λ=2,divtree_lambda2_region2,555,0.5686870812832939,0.22792656695791616,0.3031246949654133,0.23797739657832537,1.0,0.23584420976682907,False
dispersion,0.02248574717690055,accuracy,λ=8,divtree_lambda8_region2,27,0.6390247693353334,0.22791533332084227,0.41478675975270207,0.3509885739491733,0.9948103607691751,0.23459713158567463,False
data_size,71258.98905136844,accuracy,λ=2,divtree_lambda2_region2,492,0.6347009815701125,0.22787443248449712,0.33206411470552516,0.298852891696788,1.0,0.23584420976682907,False
noise,0.32448540397292847,accuracy,λ=2,divtree_lambda2_region2,536,0.6014556724708845,0.22776986050040293,0.30833708753931305,0.260883143876964,1.0,0.24109389024174385,False
dispersion,0.6470417138878943,accuracy,λ=4,divtree_lambda4_region2,768,0.5926518626378563,0.22773981087547893,0.313546695806213,0.25089498309163283,1.0,0.2345341691739384,False
dispersion,0.21114977730367337,accuracy,λ=8,divtree_lambda8_region2,1011,0.5861636447848455,0.2276827270990073,0.2865849436357724,0.2540515881682075,1.0,0.23459713158567463,False
noise,0.020482034030709487,accuracy,λ=2,divtree_lambda2_region2,511,0.6029799119197337,0.227669544770097,0.3151794499014914,0.2787268548340367,1.0,0.24109389024174385,False
data_size,71258.98905136844,accuracy,λ=4,divtree_lambda4_region2,492,0.6334086263121587,0.22752343347204831,0.3206386465130251,0.29598692245830893,1.0,0.2347678801736369,False
data_size,89709.39328288496,accuracy,λ=4,divtree_lambda4_region2,509,0.6391242776455998,0.22746946377518637,0.33639928191801094,0.2943618382883741,1.0,0.2347678801736369,False
dispersion,0.5172064705241997,accuracy,λ=8,divtree_lambda8_region2,902,0.5998156170158399,0.2274178325968041,0.3265282860553892,0.26218488666581374,1.0,0.23459713158567463,False
data_size,2837.030326379124,accuracy,λ=8,divtree_lambda8_region2,555,0.5726997626622723,0.22733890129581474,0.30532732670569185,0.24619500500870617,1.0,0.23500163665211862,False
dispersion,0.6470417138878943,accuracy,λ=8,divtree_lambda8_region2,768,0.5881993671961142,0.2273339173563046,0.3026397303399898,0.2487233239632008,1.0,0.23459713158567463,False
data_size,17899.87838123264,accuracy,λ=2,divtree_lambda2_region2,497,0.6053077765030629,0.22727190704977848,0.3163612393526444,0.260678463071546,1.0,0.23584420976682907,False
rareness,0.41677372843092897,precision_region_2,λ=2,divtree_lambda2_region2,935,0.5648314566015634,0.22726057637483774,0.27684791105571027,0.3674446842957367,1.0,0.44840864800223723,False
data_size,89709.39328288496,accuracy,λ=2,divtree_lambda2_region2,509,0.6407530224365765,0.22725877265572436,0.33870801700294406,0.2943618382883741,1.0,0.23584420976682907,False
data_size,2837.030326379124,accuracy,λ=4,divtree_lambda4_region2,555,0.5721001580882206,0.22717032482508684,0.3046585394671663,0.248854086862532,1.0,0.2347678801736369,False
rareness,0.045417845580381686,accuracy,λ=2,divtree_lambda2_region2,185,0.6584022098450449,0.22694436556885414,0.29632738710204254,0.24024930303825362,1.0,0.24357840857148774,False
noise,1.2915350821512999,accuracy,λ=8,divtree_lambda8_region2,493,0.5768691426891748,0.22686551969507734,0.3003626514013405,0.24657434077066176,1.0,0.2402031401958454,False
data_size,17899.87838123264,accuracy,λ=4,divtree_lambda4_region2,497,0.6046158858937359,0.22680264579934545,0.3217348110730609,0.26063861076875744,1.0,0.2347678801736369,False
rareness,0.13758257462279105,f1_region_2,TwoStep (tuned),twostep_tuned,743,0.09003823955495549,0.22675034405155098,0.02387280493592786,0.0,0.7004793506126105,0.29532883924156567,False
data_size,56603.25340302813,accuracy,λ=0,divtree_lambda0,513,0.6142285224579588,0.22663792050678527,0.32556995956526713,0.2856726706057388,1.0,0.2369753673320817,False
rareness,0.13758257462279105,f1_region_2,TwoStep (recall),twostep_recall,743,0.0907854650143416,0.22662350767005626,0.028239202657807307,0.0,0.7004793506126105,0.29195352066298685,False
sparsity,4.0,precision_region_2,λ=2,divtree_lambda2_region2,1112,0.40311928604117725,0.2265947381180042,0.3382714824660456,0.04419208306294614,0.8026804815781233,0.24441833111787253,False
dispersion,0.13491305194743766,accuracy,λ=2,divtree_lambda2_region2,768,0.5924216556920471,0.2265738321445063,0.3134880692153631,0.25496365524402903,1.0,0.2347657444588988,False
data_size,56603.25340302813,accuracy,λ=2,divtree_lambda2_region2,513,0.6132962988073595,0.22653688792452242,0.31065541788762896,0.276859627166417,1.0,0.23584420976682907,False
data_size,71258.98905136844,accuracy,λ=8,divtree_lambda8_region2,492,0.6321921415390276,0.22651419872275672,0.31564849435433384,0.2890284523315996,1.0,0.23500163665211862,False
dispersion,0.1687805109426452,accuracy,λ=8,divtree_lambda8_region2,880,0.5889575351454556,0.22649931640040813,0.29589505574864466,0.2627266933891161,1.0,0.23459713158567463,False
noise,2.046805402410199,accuracy,λ=2,divtree_lambda2_region2,507,0.6063068191591987,0.2263736653831246,0.3210138526428874,0.2936767824030117,1.0,0.24109389024174385,False
rareness,0.21433751607024035,accuracy,λ=4,divtree_lambda4_region2,978,0.5722692935123258,0.22631696022649492,0.265131032993751,0.2693989583039196,1.0,0.24319606941612096,False
data_size,89709.39328288496,accuracy,λ=8,divtree_lambda8_region2,509,0.6353541800555136,0.22626388050199583,0.33138737698827425,0.2943618382883741,1.0,0.23500163665211862,False
noise,1.2915350821512999,accuracy,λ=0,divtree_lambda0,493,0.5802033924268066,0.22624337706833705,0.2971049658515887,0.23815985888269345,1.0,0.24102553982831249,False
data_size,28369.168428963523,accuracy,λ=0,divtree_lambda0,492,0.6203732662291525,0.2262429430388431,0.30606328480115463,0.26512550576757055,1.0,0.2369753673320817,False
data_size,14218.435672247866,accuracy,λ=0,divtree_lambda0,445,0.6007356147954277,0.22623697125306982,0.3192598537321081,0.29318477184346475,1.0,0.2369753673320817,False
data_size,3571.5952849281794,accuracy,λ=0,divtree_lambda0,513,0.5750225476686956,0.2261492401225169,0.28500807527561267,0.23954380263137262,1.0,0.2369753673320817,False
dispersion,0.13491305194743766,accuracy,λ=4,divtree_lambda4_region2,768,0.590757096267489,0.225999475424179,0.3103927422056188,0.2563325925394891,1.0,0.2345341691739384,False
rareness,0.41677372843092897,precision_region_2,λ=8,divtree_lambda8_region2,965,0.5607629115861934,0.22598243607542992,0.2768799102132435,0.36374146085128745,1.0,0.44668270894847406,False
rareness,0.21433751607024035,accuracy,λ=8,divtree_lambda8_region2,978,0.5720396635054453,0.2259397878749681,0.26549915383190203,0.27017758021520355,1.0,0.2412737949750702,False
noise,0.05144151821540545,accuracy,λ=0,divtree_lambda0,502,0.6090826686812636,0.2259255806097142,0.2828213321398886,0.2862658446598109,1.0,0.24102553982831249,False
data_size,56603.25340302813,accuracy,λ=8,divtree_lambda8_region2,513,0.610072122371397,0.22586814344870434,0.30573874681696145,0.27314257368029043,1.0,0.23500163665211862,False
data_size,14218.435672247866,accuracy,λ=2,divtree_lambda2_region2,445,0.5992054519289971,0.22583160617131115,0.32416628162624533,0.2748740460084327,1.0,0.23584420976682907,False
data_size,7126.183958196354,accuracy,λ=8,divtree_lambda8_region2,503,0.6069872961995783,0.2258211331206161,0.2910643683953396,0.28064910783002617,1.0,0.23500163665211862,False
data_size,28369.168428963523,accuracy,λ=4,divtree_lambda4_region2,492,0.6191573505582398,0.22572872308708036,0.29451251094794934,0.26094634885714313,1.0,0.2347678801736369,False
data_size,28369.168428963523,accuracy,λ=2,divtree_lambda2_region2,492,0.6193490424107175,0.22570157234515756,0.31057866975328363,0.26121539846136965,1.0,0.23584420976682907,False
noise,2.046805402410199,accuracy,λ=4,divtree_lambda4_region2,507,0.6029413155615422,0.2256921777118004,0.31375117628254456,0.2809447915338519,1.0,0.24042728906914249,False
rareness,0.41677372843092897,precision_region_2,λ=4,divtree_lambda4_region2,956,0.5584646480257734,0.22561784050626685,0.2605199467688304,0.36416490486257924,1.0,0.44723907984467964,False
noise,0.32448540397292847,accuracy,λ=4,divtree_lambda4_region2,536,0.6020719914066062,0.22558187891456064,0.30789154424357446,0.2720579740235386,1.0,0.24042728906914249,False
noise,0.32448540397292847,accuracy,λ=8,divtree_lambda8_region2,536,0.6013161741129054,0.225528414065575,0.3082327367399381,0.26950239007260574,1.0,0.2402031401958454,False
data_size,56603.25340302813,accuracy,λ=4,divtree_lambda4_region2,513,0.6119814066537999,0.22550103483382436,0.31278755839470107,0.2776136434205096,1.0,0.2347678801736369,False
dispersion,0.13491305194743766,accuracy,λ=8,divtree_lambda8_region2,768,0.5921733639114091,0.225486640049553,0.30867333043051204,0.2576242668974137,1.0,0.23459713158567463,False
noise,1.2915350821512999,accuracy,λ=2,divtree_lambda2_region2,493,0.5809041990064412,0.22543273990676208,0.29502711349693067,0.24451977401129943,1.0,0.24109389024174385,False
rareness,0.045417845580381686,accuracy,λ=0,divtree_lambda0,185,0.6615502546627553,0.22535482151945757,0.29610092666244514,0.24211767313667149,1.0,0.242229978169876,False
rareness,0.11022904674946227,f1_region_2,TwoStep (tuned),twostep_tuned,626,0.07988835848149288,0.22531925155315186,0.0017495101339789537,0.0,0.7331243160474512,0.29532883924156567,False
rareness,0.03638808066694245,fnr_region_2,TwoStep (tuned),twostep_tuned,116,0.9417242015803375,0.22522027130732897,0.0,0.37836826347305386,1.0,0.39211844455319544,False
rareness,0.03638808066694245,recall_region_2,TwoStep (tuned),twostep_tuned,116,0.058275798419662524,0.22522027130732894,0.0,0.0,0.6216317365269461,0.39211844455319544,False
data_size,7126.183958196354,accuracy,λ=4,divtree_lambda4_region2,503,0.6086089556618977,0.22518155182880698,0.2939174250733203,0.28751607262119094,1.0,0.2347678801736369,False
rareness,0.11022904674946227,f1_region_2,TwoStep (recall),twostep_recall,626,0.08042544518878297,0.2251148261157211,0.007283946586568285,0.0,0.7331243160474512,0.29195352066298685,False
rareness,0.03638808066694245,fnr_region_2,TwoStep (recall),twostep_recall,116,0.9406295108304744,0.22509103598830799,0.0,0.37836826347305386,1.0,0.4067749558697657,False
rareness,0.03638808066694245,recall_region_2,TwoStep (recall),twostep_recall,116,0.059370489169525684,0.22509103598830799,0.0,0.0,0.6216317365269461,0.4067749558697657,False
sparsity,5.0,precision_region_2,λ=4,divtree_lambda4_region2,1204,0.3741215307435054,0.22507620458625055,0.34170925246019723,0.041666666666666664,0.7754451321452049,0.2478079381918113,False
data_size,14218.435672247866,accuracy,λ=4,divtree_lambda4_region2,445,0.5999009298504698,0.22506130788852802,0.3221002337298803,0.27869875881050826,1.0,0.2347678801736369,False
data_size,17899.87838123264,accuracy,λ=8,divtree_lambda8_region2,497,0.6030309688003219,0.22500861219902804,0.31639392764599406,0.2623865259496433,1.0,0.23500163665211862,False
sparsity,5.0,precision_region_2,λ=8,divtree_lambda8_region2,1271,0.36361414303448064,0.22490552692290722,0.337262532282813,0.041186440677966105,0.770788090667257,0.2528327631614482,False
data_size,3571.5952849281794,accuracy,λ=2,divtree_lambda2_region2,513,0.5767733782631695,0.22489372547434386,0.2830922240266726,0.2461964589040048,1.0,0.23584420976682907,False
data_size,28369.168428963523,accuracy,λ=8,divtree_lambda8_region2,492,0.616722254466126,0.22487347763964766,0.2869260988488298,0.2609125429667057,1.0,0.23500163665211862,False
data_size,8971.298187393322,accuracy,λ=2,divtree_lambda2_region2,522,0.59611985738896,0.22479533095967769,0.2844053360765342,0.23787891735497055,1.0,0.23584420976682907,False
noise,0.0051459082904443,accuracy,λ=2,divtree_lambda2_region2,475,0.613719361362641,0.22464173338402266,0.3162975769224871,0.26439021177055266,1.0,0.24109389024174385,False
noise,3.2437464635937765,accuracy,λ=0,divtree_lambda0,504,0.5743094845913435,0.224308933562761,0.3060388817629902,0.24824160681082408,0.9972411559974685,0.24102553982831249,False
sparsity,5.0,precision_region_2,λ=2,divtree_lambda2_region2,1092,0.39335242727918446,0.22406277816591003,0.3434367799768431,0.04633689839572193,0.7779495114885654,0.24441833111787253,False
noise,0.514239595217779,accuracy,λ=2,divtree_lambda2_region2,458,0.6160681094707275,0.22399543877217976,0.3175694872015798,0.2775785688582782,1.0,0.24109389024174385,False
rareness,0.045417845580381686,accuracy,λ=8,divtree_lambda8_region2,185,0.6576412372639456,0.22397060607962338,0.28747013993297355,0.24211767313667149,1.0,0.2412737949750702,False
data_size,8971.298187393322,accuracy,λ=0,divtree_lambda0,522,0.5957600490283661,0.2239325439149628,0.28240313233884085,0.24135770106919746,1.0,0.2369753673320817,False
data_size,7126.183958196354,accuracy,λ=2,divtree_lambda2_region2,503,0.6119395195370072,0.2238952870470124,0.29552437693395506,0.28792865292119446,1.0,0.23584420976682907,False
dispersion,0.04402631277493798,accuracy,λ=0,divtree_lambda0,157,0.6206583112386419,0.2238905840411169,0.3159889809732354,0.2985290793500014,1.0,0.23890447326163222,False
rareness,0.5201968472338883,recall_region_2,λ=0,divtree_lambda0,869,0.9075254570741527,0.22388184771975847,0.07369255150554677,0.10336916023980007,1.0,0.42692256961099034,False
rareness,0.5201968472338883,fnr_region_2,λ=0,divtree_lambda0,869,0.09247454292584721,0.22388184771975844,0.07369255150554675,0.0,0.8966308397601999,0.4269225696109904,False
sparsity,6.0,precision_region_2,TwoStep (recall),twostep_recall,953,0.41671699444459276,0.22383403866310292,0.2938243579783237,0.025345360499589985,0.8006967378113787,0.24493925745585982,False
data_size,3571.5952849281794,accuracy,λ=8,divtree_lambda8_region2,513,0.5768621016707595,0.22378237322553526,0.29558045440398384,0.2572457901878169,1.0,0.23500163665211862,False
sparsity,4.0,precision_region_2,λ=4,divtree_lambda4_region2,1217,0.3843761704731027,0.22369244182315637,0.33049809282512455,0.041666666666666664,0.780828686501668,0.2478079381918113,False
noise,0.2047504283424231,accuracy,λ=0,divtree_lambda0,476,0.6029011443556012,0.22368336304850905,0.28971469101722763,0.27118189274515575,1.0,0.24102553982831249,False
data_size,7126.183958196354,accuracy,λ=0,divtree_lambda0,503,0.611980023516828,0.22362618780097682,0.29422854030767875,0.2931629998205018,1.0,0.2369753673320817,False
rareness,0.045417845580381686,accuracy,λ=4,divtree_lambda4_region2,185,0.6590323545637148,0.22354012099682727,0.29640071553021585,0.24211767313667149,1.0,0.24319606941612096,False
data_size,14218.435672247866,accuracy,λ=8,divtree_lambda8_region2,445,0.5978145598948605,0.22348038548291577,0.3199672258015777,0.2794541789724294,1.0,0.23500163665211862,False
noise,0.05144151821540545,accuracy,λ=2,divtree_lambda2_region2,502,0.6103084907817163,0.2234697720022148,0.28420483113066475,0.29244795877666746,1.0,0.24109389024174385,False
data_size,3571.5952849281794,accuracy,λ=4,divtree_lambda4_region2,513,0.5762302667224148,0.22343764334836927,0.2911269486205761,0.24872701555869872,1.0,0.2347678801736369,False
noise,0.514239595217779,accuracy,λ=4,divtree_lambda4_region2,458,0.6157399434782861,0.22343608704843973,0.30688408853625554,0.2793832064976849,1.0,0.24042728906914249,False
noise,0.514239595217779,accuracy,λ=8,divtree_lambda8_region2,458,0.6120728252424317,0.22330066926132663,0.30747413410675906,0.268864083193736,1.0,0.2402031401958454,False
sparsity,6.0,precision_region_2,λ=2,divtree_lambda2_region2,1039,0.38870951974729095,0.22286322666840322,0.3275449779919196,0.06666666666666667,0.7907141714879269,0.24441833111787253,False
data_size,8971.298187393322,accuracy,λ=8,divtree_lambda8_region2,522,0.5949607387995409,0.22286055151678458,0.2770478523241177,0.238417466107805,1.0,0.23500163665211862,False
data_size,8971.298187393322,accuracy,λ=4,divtree_lambda4_region2,522,0.5955359287470721,0.2227844452150951,0.27272901151095374,0.24020295617454146,1.0,0.2347678801736369,False
dispersion,0.04402631277493798,accuracy,λ=2,divtree_lambda2_region2,157,0.625265977805371,0.22275561583676126,0.3004776094798454,0.30044014746210834,1.0,0.2347657444588988,False
noise,2.046805402410199,accuracy,λ=8,divtree_lambda8_region2,507,0.6052064512025468,0.22274296669903218,0.313886213157641,0.3000730796297299,1.0,0.2402031401958454,False
sparsity,6.0,precision_region_2,λ=4,divtree_lambda4_region2,1130,0.3730363929078869,0.22270294125608786,0.3271581818123837,0.06197115384615385,0.7814116618734261,0.2478079381918113,False
noise,0.0051459082904443,accuracy,λ=8,divtree_lambda8_region2,475,0.6129868353869662,0.22268382841966022,0.32065385217028,0.2763594882606059,1.0,0.2402031401958454,False
sparsity,6.0,precision_region_2,λ=8,divtree_lambda8_region2,1172,0.3652604285989083,0.22246055098551654,0.32664311457659984,0.0507480199471986,0.7803644848753899,0.2528327631614482,False
data_size,35714.5241825939,accuracy,λ=0,divtree_lambda0,513,0.6057823280610378,0.22245763042093544,0.3008590456470373,0.29473281675482943,1.0,0.2369753673320817,False
noise,0.05144151821540545,accuracy,λ=4,divtree_lambda4_region2,502,0.6094398204879027,0.22244957183500202,0.281929600236683,0.2891316144889965,1.0,0.24042728906914249,False
sparsity,4.0,precision_region_2,λ=0,divtree_lambda0,893,0.44341594615015895,0.22242792460072813,0.32285067873303164,0.07099784637473079,0.8274880409715224,0.23618352437614304,False
noise,0.05144151821540545,accuracy,λ=8,divtree_lambda8_region2,502,0.6081889176679154,0.22234039868172611,0.2837753166154164,0.29009113833337613,1.0,0.2402031401958454,False
noise,3.2437464635937765,accuracy,λ=2,divtree_lambda2_region2,504,0.5777887055041093,0.22225419025849594,0.3086179989774285,0.2584652062753399,0.997394036779261,0.24109389024174385,False
noise,0.2047504283424231,accuracy,λ=8,divtree_lambda8_region2,476,0.6056234779894694,0.2220627331445375,0.28525519768648955,0.27863794557483756,1.0,0.2402031401958454,False
noise,0.2047504283424231,accuracy,λ=2,divtree_lambda2_region2,476,0.6037610068389903,0.22194394238330428,0.28398868937075916,0.2737097520872244,1.0,0.24109389024174385,False
noise,0.2047504283424231,accuracy,λ=4,divtree_lambda4_region2,476,0.605290290527886,0.2219189067151517,0.2924205885552482,0.2727589147603511,1.0,0.24042728906914249,False
noise,0.0051459082904443,accuracy,λ=4,divtree_lambda4_region2,475,0.6140691415589752,0.22174570712836017,0.3105995268489974,0.27805046618289403,1.0,0.24042728906914249,False
dispersion,0.03519200285202227,accuracy,λ=8,divtree_lambda8_region2,102,0.6239772356320501,0.22168190704226012,0.3173852402539224,0.2799760265552004,1.0,0.23459713158567463,False
sparsity,6.0,precision_region_2,TwoStep (tuned),twostep_tuned,858,0.4467477162304603,0.22154278197153224,0.3023210342160668,0.07337055048775576,0.8174380802363116,0.24690175635670192,False
dispersion,0.03519200285202227,accuracy,λ=2,divtree_lambda2_region2,102,0.6270207188967845,0.2210967163918186,0.3428854542892172,0.3010025249512903,1.0,0.2347657444588988,False
sparsity,5.0,precision_region_2,λ=0,divtree_lambda0,862,0.43876489924672596,0.22098505306272292,0.319546043355547,0.06797820823244553,0.8061561481422006,0.23618352437614304,False
sparsity,4.0,precision_region_2,λ=8,divtree_lambda8_region2,1278,0.3771651251149588,0.220901496922289,0.3251796996607961,0.048557637462924935,0.7745622325153525,0.2528327631614482,False
dispersion,0.04402631277493798,accuracy,λ=8,divtree_lambda8_region2,157,0.6266072686177341,0.22086764112792906,0.28295828272620727,0.30044014746210834,1.0,0.23459713158567463,False
dispersion,0.8094697250919155,accuracy,TwoStep (recall),twostep_recall,604,0.6423794604222683,0.22068204738790725,0.39692777714656724,0.3107342173363558,0.9982473725094106,0.2214475147472897,False
rareness,0.17172392756746951,accuracy,λ=4,divtree_lambda4_region2,878,0.5796897908104649,0.22054892365865642,0.287136905878867,0.2780191803026788,1.0,0.24319606941612096,False
noise,3.2437464635937765,accuracy,λ=8,divtree_lambda8_region2,504,0.5762262500817522,0.22031069644443724,0.29398043153707876,0.2572743428439696,0.9952656644930341,0.2402031401958454,False
dispersion,0.03519200285202227,accuracy,λ=4,divtree_lambda4_region2,102,0.6245508482004706,0.2202048922051198,0.3158034721337615,0.30160493458984455,1.0,0.2345341691739384,False
rareness,0.11022904674946227,accuracy,λ=4,divtree_lambda4_region2,626,0.6315047804791103,0.22018019486585064,0.30421841860878257,0.3193956554216381,1.0,0.24319606941612096,False
rareness,0.17172392756746951,accuracy,λ=2,divtree_lambda2_region2,878,0.5805055941683244,0.2200889994326458,0.28804164322351244,0.27617664063161695,1.0,0.24357840857148774,False
rareness,0.05668836221519578,accuracy,λ=4,divtree_lambda4_region2,243,0.612723316733085,0.21989402758082577,0.28196059351322955,0.25350060746324937,1.0,0.24319606941612096,False
sparsity,6.0,precision_region_2,λ=0,divtree_lambda0,817,0.43632268671130414,0.21988534578514995,0.32174899244587557,0.08827738029719319,0.8095173566484848,0.23618352437614304,False
rareness,0.13758257462279105,accuracy,λ=8,divtree_lambda8_region2,743,0.6049325117167178,0.21986998591789686,0.28401290269772284,0.29277139339622266,1.0,0.2412737949750702,False
rareness,0.17172392756746951,accuracy,λ=0,divtree_lambda0,878,0.5810195267983612,0.21979428951266958,0.2878866033954621,0.2703295194508009,1.0,0.242229978169876,False
data_size,35714.5241825939,accuracy,λ=2,divtree_lambda2_region2,513,0.6055893488441839,0.21971787622535832,0.297775078278545,0.29879511980640905,1.0,0.23584420976682907,False
rareness,0.17172392756746951,accuracy,λ=8,divtree_lambda8_region2,878,0.5798263437520018,0.21967000768225076,0.2882425219950748,0.2802063768640673,1.0,0.2412737949750702,False
dispersion,0.03519200285202227,accuracy,λ=0,divtree_lambda0,102,0.6239295442138917,0.21966668939038964,0.2871210571387043,0.30484350336670063,1.0,0.23890447326163222,False
rareness,0.13758257462279105,accuracy,λ=4,divtree_lambda4_region2,743,0.6062875644935976,0.21908649997107643,0.2894257831950352,0.29594634478204757,1.0,0.24319606941612096,False
noise,3.2437464635937765,accuracy,λ=4,divtree_lambda4_region2,504,0.5764305447179657,0.21906560556480417,0.29383681552811386,0.2617388494917453,0.9954583787979775,0.24042728906914249,False
rareness,0.11022904674946227,accuracy,λ=2,divtree_lambda2_region2,626,0.632142304410768,0.21905142213926238,0.3033217419181208,0.3209897985916993,1.0,0.24357840857148774,False
rareness,0.13758257462279105,accuracy,λ=0,divtree_lambda0,743,0.608206623933333,0.2189595189927405,0.2784085190148466,0.30086493548913934,1.0,0.242229978169876,False
rareness,0.11022904674946227,accuracy,λ=0,divtree_lambda0,626,0.6339606634559494,0.2189098812629945,0.2974816399896993,0.32126042905446967,1.0,0.242229978169876,False
rareness,0.11022904674946227,accuracy,λ=8,divtree_lambda8_region2,626,0.6306950326452302,0.21887763642022565,0.29579260194928464,0.325562816896403,1.0,0.2412737949750702,False
data_size,35714.5241825939,accuracy,λ=4,divtree_lambda4_region2,513,0.6047857344154027,0.21882961556777314,0.2944767703882882,0.3028385528965479,1.0,0.2347678801736369,False
rareness,0.029153571634755276,f1_region_2,TwoStep (tuned),twostep_tuned,68,0.062499949711208334,0.21852877763754683,0.0,0.0,0.6065266412074914,0.29532883924156567,False
rareness,0.029153571634755276,f1_region_2,TwoStep (recall),twostep_recall,68,0.0632582073010046,0.21832369062956872,0.0,0.0,0.6038818372751339,0.29195352066298685,False
data_size,35714.5241825939,accuracy,λ=8,divtree_lambda8_region2,513,0.6023745593959438,0.21813176794789124,0.2941888898085926,0.30010554018676244,1.0,0.23500163665211862,False
rareness,0.05668836221519578,accuracy,λ=8,divtree_lambda8_region2,243,0.6124671785280034,0.21781736983108885,0.2711243609655326,0.26483029165956,1.0,0.2412737949750702,False
rareness,0.05668836221519578,accuracy,λ=2,divtree_lambda2_region2,243,0.6146757397768203,0.2177821691514076,0.2660874902850646,0.2520735792069528,1.0,0.24357840857148774,False
rareness,0.13758257462279105,accuracy,λ=2,divtree_lambda2_region2,743,0.60868672125175,0.21752996290364857,0.2825264407472552,0.31005593658564423,1.0,0.24357840857148774,False
dispersion,0.8094697250919155,accuracy,TwoStep (tuned),twostep_tuned,604,0.6475864367037527,0.21738621744462996,0.3930410237716745,0.317237458188579,0.9982473725094106,0.22012018879872716,False
dispersion,0.04402631277493798,accuracy,λ=4,divtree_lambda4_region2,157,0.6260984396850396,0.2171997391790085,0.2892842643443812,0.32496798295309015,1.0,0.2345341691739384,False
rareness,0.02335739405554703,accuracy,λ=0,divtree_lambda0,32,0.6758094674047239,0.21513686105375926,0.2661346169150005,0.30721199022740087,0.9994451450189156,0.242229978169876,False
rareness,0.05668836221519578,accuracy,λ=0,divtree_lambda0,243,0.6171373105549902,0.21486368474343176,0.2621735728859186,0.25813107080712716,1.0,0.242229978169876,False
rareness,0.07075567697181442,fnr_region_2,TwoStep (recall),twostep_recall,360,0.9374386304004291,0.21446914765736416,0.0,0.44255062680810026,1.0,0.4067749558697657,False
rareness,0.07075567697181442,recall_region_2,TwoStep (recall),twostep_recall,360,0.06256136959957098,0.21446914765736413,0.0,0.0,0.5574493731918997,0.4067749558697657,False
rareness,0.08831382012299085,fnr_region_2,TwoStep (recall),twostep_recall,473,0.9281708324335373,0.2125811705542139,0.004037685060565233,0.45267728217685604,1.0,0.4067749558697657,False
rareness,0.08831382012299085,recall_region_2,TwoStep (recall),twostep_recall,473,0.07182916756646282,0.2125811705542139,0.004037685060565276,0.0,0.5473227178231437,0.4067749558697657,False
rareness,0.08831382012299085,accuracy,λ=2,divtree_lambda2_region2,473,0.6151855702937263,0.21115438948273949,0.2787020017372126,0.2940969112449044,1.0,0.24357840857148774,False
rareness,0.07075567697181442,fnr_region_2,TwoStep (tuned),twostep_tuned,360,0.9393420473324827,0.2104458517633497,0.0,0.4955269409686808,1.0,0.39211844455319544,False
rareness,0.07075567697181442,recall_region_2,TwoStep (tuned),twostep_tuned,360,0.06065795266751746,0.2104458517633497,0.0,0.0,0.5044730590313194,0.39211844455319544,False
noise,5.140640682151394,accuracy,λ=8,divtree_lambda8_region2,454,0.5390124975884601,0.21010317443057647,0.2600899724022341,0.2020550801745052,0.9605755023835658,0.2402031401958454,False
rareness,0.08831382012299085,accuracy,λ=8,divtree_lambda8_region2,473,0.614319984004195,0.21007275544503473,0.2738057075546996,0.3031089203095949,1.0,0.2412737949750702,False
rareness,0.08831382012299085,accuracy,λ=4,divtree_lambda4_region2,473,0.6159900876279568,0.20943108373631464,0.2754223897288394,0.3063814358230602,1.0,0.24319606941612096,False
noise,8.146810152884804,accuracy,λ=2,divtree_lambda2_region2,494,0.5041902289696154,0.20918355934661217,0.26246573291347836,0.17256619515673544,0.8980996642612986,0.24109389024174385,False
dispersion,0.05507831494294404,accuracy,TwoStep (tuned),twostep_tuned,255,0.6121149441421463,0.20905798980580173,0.3447033299569802,0.3111874987652858,0.9718749213488619,0.22012018879872716,False
noise,8.146810152884804,accuracy,λ=0,divtree_lambda0,494,0.5076086687825794,0.20892895784990556,0.2585602135629545,0.18132763037069258,0.900809870322166,0.24102553982831249,False
noise,5.140640682151394,accuracy,λ=4,divtree_lambda4_region2,454,0.5398067341214626,0.208817133825934,0.2686050537422561,0.2020550801745052,0.962429646295123,0.24042728906914249,False
rareness,0.08831382012299085,accuracy,λ=0,divtree_lambda0,473,0.6216871880642194,0.2086069120518143,0.27206925059643683,0.3147219778686677,1.0,0.242229978169876,False
noise,5.140640682151394,accuracy,λ=2,divtree_lambda2_region2,454,0.5441164487327749,0.20773656030940196,0.2664855768621173,0.21795598327856394,0.9637241108827423,0.24109389024174385,False
rareness,0.07075567697181442,accuracy,λ=4,divtree_lambda4_region2,360,0.6152009355013512,0.20770353877333736,0.27139388914340223,0.2684879416632857,1.0,0.24319606941612096,False
rareness,0.03638808066694245,f1_region_2,TwoStep (tuned),twostep_tuned,116,0.054326263410414494,0.20695391699506244,0.0,0.0,0.5982238052005494,0.29532883924156567,False
rareness,0.03638808066694245,f1_region_2,TwoStep (recall),twostep_recall,116,0.055249908730611544,0.20682943493575745,0.0,0.0,0.5982238052005494,0.29195352066298685,False
noise,5.140640682151394,accuracy,λ=0,divtree_lambda0,454,0.541666738094991,0.20615072083395056,0.26207765813742967,0.21906170828603083,0.966797033949921,0.24102553982831249,False
dispersion,0.05507831494294404,accuracy,TwoStep (recall),twostep_recall,255,0.6074483042003715,0.20599648755827432,0.3169048122334517,0.3014730991192735,0.970886138488434,0.2214475147472897,False
noise,8.146810152884804,accuracy,λ=8,divtree_lambda8_region2,494,0.4995550885793832,0.2057110536225814,0.2616299354587792,0.17726023976023977,0.88726286104449,0.2402031401958454,False
rareness,0.08831382012299085,recall_region_2,TwoStep (tuned),twostep_tuned,473,0.06874950856133513,0.20545990167300285,0.0015479876160990713,0.0,0.4871479098484127,0.39211844455319544,False
rareness,0.08831382012299085,fnr_region_2,TwoStep (tuned),twostep_tuned,473,0.9312504914386649,0.20545990167300282,0.001547987616099089,0.5128520901515871,1.0,0.39211844455319544,False
noise,8.146810152884804,accuracy,λ=4,divtree_lambda4_region2,494,0.5047138926274463,0.2052272654486884,0.26950517460553103,0.18460410557184753,0.885843882016262,0.24042728906914249,False
dispersion,0.10784142958281023,accuracy,TwoStep (recall),twostep_recall,621,0.5701930495217546,0.20518361951815092,0.2922487062708465,0.2732480195003047,0.9623762376237623,0.2214475147472897,False
dispersion,0.10784142958281023,accuracy,TwoStep (tuned),twostep_tuned,621,0.5741572278490205,0.2049889120678576,0.28801063836421115,0.26644182124789206,0.9623762376237623,0.22012018879872716,False
rareness,0.07075567697181442,accuracy,λ=8,divtree_lambda8_region2,360,0.6169987233558701,0.20478776844327348,0.26590988228309453,0.27789359195141844,1.0,0.2412737949750702,False
rareness,0.07075567697181442,accuracy,λ=0,divtree_lambda0,360,0.6254202632011671,0.20380162641572638,0.27902681672484597,0.2994709062151676,1.0,0.242229978169876,False
rareness,0.07075567697181442,accuracy,λ=2,divtree_lambda2_region2,360,0.6204525650458761,0.20330939875875673,0.2653522838717744,0.2964529516407047,1.0,0.24357840857148774,False
dispersion,0.08620199281382501,accuracy,TwoStep (tuned),twostep_tuned,463,0.5810848770431472,0.20325631200602168,0.2951518467243088,0.305211300343139,0.9740567115595519,0.22012018879872716,False
data_size,44961.74220908192,accuracy,TwoStep (recall),twostep_recall,513,0.5927266064742123,0.20298334409971597,0.307307955012699,0.28548547853777584,0.9781591664771813,0.20325346961310944,False
rareness,0.5201968472338883,f1_region_2,λ=8,divtree_lambda8_region2,869,0.688797692049518,0.20247179164391407,0.070775219492478,0.15269954225000104,1.0,0.3773597443848267,False
data_size,44961.74220908192,accuracy,TwoStep (tuned),twostep_tuned,513,0.5981840518739304,0.2021552485697435,0.3120987686219344,0.2902070993041316,0.9794862113829824,0.20266057683426808,False
dispersion,0.08620199281382501,accuracy,TwoStep (recall),twostep_recall,463,0.5771530567236894,0.2021039136475203,0.29141198681893693,0.29738964551337776,0.9680932107351163,0.2214475147472897,False
dispersion,0.13491305194743766,accuracy,TwoStep (tuned),twostep_tuned,768,0.5747999588894723,0.20181204893919072,0.29759194758514734,0.28982455847953187,0.9676476033828814,0.22012018879872716,False
data_size,71258.98905136844,accuracy,TwoStep (tuned),twostep_tuned,492,0.5944105191884319,0.20154339777574384,0.30268418283987325,0.295305667187992,0.9592159499199907,0.20266057683426808,False
dispersion,0.03519200285202227,accuracy,TwoStep (tuned),twostep_tuned,102,0.6425195684174383,0.20129880612468712,0.2960176271942938,0.3121541950113379,0.9857179038909806,0.22012018879872716,False
noise,0.12919760763693183,accuracy,TwoStep (tuned),twostep_tuned,498,0.5681760925109025,0.20123018587377284,0.28735337327543525,0.2641276865300213,0.9129799747015203,0.20150129695213972,False
data_size,71258.98905136844,accuracy,TwoStep (recall),twostep_recall,492,0.5893960901041024,0.20070742622381746,0.30009801267586883,0.28960298324005973,0.9570360830618709,0.20325346961310944,False
data_size,17899.87838123264,accuracy,TwoStep (recall),twostep_recall,497,0.5674100254498775,0.20039536490047616,0.30384895453156247,0.2694809482196607,0.9208796060814268,0.20325346961310944,False
dispersion,0.06890472051252551,accuracy,TwoStep (tuned),twostep_tuned,378,0.5675746714181058,0.2001514854872799,0.29304603134903884,0.27723479564933445,0.9353676104646923,0.22012018879872716,False
data_size,5660.551766902119,accuracy,TwoStep (recall),twostep_recall,477,0.5692521411721925,0.20009848977454128,0.2896485800330966,0.28055422316425194,0.9284559894938452,0.20325346961310944,False
dispersion,0.13491305194743766,accuracy,TwoStep (recall),twostep_recall,768,0.5719985181792432,0.20003960460013243,0.2962256942037975,0.2922004152857086,0.9587812992295018,0.2214475147472897,False
dispersion,0.6470417138878943,accuracy,TwoStep (recall),twostep_recall,768,0.5832226949729034,0.20000696198931114,0.3086728064387221,0.285389977849624,0.9334369474704841,0.2214475147472897,False
noise,0.12919760763693183,accuracy,TwoStep (recall),twostep_recall,498,0.5651103431280101,0.19974295560916527,0.2869563267179094,0.26396495956873317,0.9117756322185298,0.20017053805959426,False
data_size,1129.460187950577,accuracy,TwoStep (recall),twostep_recall,483,0.5471496214932426,0.1996425706589084,0.28708861427180743,0.27078674797928465,0.9464490615039546,0.20325346961310944,False
noise,0.0032470703266739244,accuracy,TwoStep (recall),twostep_recall,516,0.5889287403154133,0.19964002369376624,0.298497347630127,0.2969157279502107,0.9495559288204912,0.20017053805959426,False
dispersion,0.6470417138878943,accuracy,TwoStep (tuned),twostep_tuned,768,0.5872552803517334,0.19957905877472928,0.30634743691007205,0.2837836881941006,0.9334369474704841,0.22012018879872716,False
noise,0.0032470703266739244,accuracy,TwoStep (tuned),twostep_tuned,516,0.5938890190303194,0.19942533602844434,0.30121529299185723,0.2969157279502107,0.952063252355199,0.20150129695213972,False
data_size,5660.551766902119,accuracy,TwoStep (tuned),twostep_tuned,477,0.5725617690447721,0.19933055885824055,0.2897974891997268,0.2908639021261788,0.9306406688092346,0.20266057683426808,False
dispersion,0.06890472051252551,accuracy,TwoStep (recall),twostep_recall,378,0.5657399996874994,0.1990401116235278,0.2932306305611865,0.276997459901748,0.9353676104646923,0.2214475147472897,False
data_size,11294.15008639454,accuracy,TwoStep (tuned),twostep_tuned,495,0.5762429756601489,0.19899378757387315,0.3025609040554492,0.2911617618088043,0.9385160387585062,0.20266057683426808,False
noise,0.03245961994046289,accuracy,TwoStep (tuned),twostep_tuned,508,0.5798941279080909,0.19878220592907506,0.2924740267724015,0.28418500881191866,0.925929140178514,0.20150129695213972,False
data_size,17899.87838123264,accuracy,TwoStep (tuned),twostep_tuned,497,0.5729963766778109,0.19854811074643036,0.2985731060303609,0.2822613232934505,0.9213169756663621,0.20266057683426808,False
data_size,11294.15008639454,accuracy,TwoStep (recall),twostep_recall,495,0.5728852199899113,0.19843778107284527,0.29862133853306927,0.2870014083346135,0.9380603598540956,0.20325346961310944,False
rareness,0.5201968472338883,f1_region_2,λ=4,divtree_lambda4_region2,869,0.6920249136514482,0.1983256591274594,0.07130648055912081,0.15735839823838846,1.0,0.3769077654089158,False
data_size,89709.39328288496,accuracy,TwoStep (recall),twostep_recall,509,0.6041391582627172,0.19831552274549216,0.30220143756336687,0.28814199525882506,0.9576093641783043,0.20325346961310944,False
noise,0.8149591878462659,accuracy,TwoStep (recall),twostep_recall,507,0.5658979847954912,0.19805744212326912,0.2730305738552672,0.2691953682245978,0.9157243805515743,0.20017053805959426,False
data_size,1129.460187950577,accuracy,TwoStep (tuned),twostep_tuned,483,0.5518217137531674,0.19800351391462775,0.27879429585309123,0.2741442647715178,0.9464490615039546,0.20266057683426808,False
noise,0.03245961994046289,accuracy,TwoStep (recall),twostep_recall,508,0.576725146158504,0.1979941021987342,0.2922226879024098,0.28535451689068675,0.925929140178514,0.20017053805959426,False
dispersion,0.5172064705241997,accuracy,TwoStep (recall),twostep_recall,902,0.5699152131035781,0.1977997945621627,0.30915317582917284,0.2746433032564847,0.8984221081925544,0.2214475147472897,False
rareness,0.5201968472338883,f1_region_2,λ=2,divtree_lambda2_region2,869,0.6945671365493832,0.19760593409723456,0.07264313680884882,0.15425050301810866,1.0,0.3714824320098797,False
noise,3.2437464635937765,accuracy,TwoStep (tuned),twostep_tuned,504,0.5552580215129543,0.19741704995307027,0.30888069672777607,0.2776749842586881,0.9186234874288531,0.20150129695213972,False
noise,0.012924172211646637,accuracy,TwoStep (tuned),twostep_tuned,494,0.5925343799584302,0.19740061850735247,0.30422040743950607,0.31751521945242334,0.9428905837749785,0.20150129695213972,False
data_size,2253.5423055237598,accuracy,TwoStep (tuned),twostep_tuned,502,0.5714528563666018,0.19717979166842226,0.3035910737226865,0.2918734885186498,0.9290888335408883,0.20266057683426808,False
rareness,0.5201968472338883,accuracy,λ=0,divtree_lambda0,869,0.5863043528330413,0.19710368222684305,0.10305604355296438,0.4067141234800432,1.0,0.242229978169876,False
noise,0.0051459082904443,accuracy,TwoStep (recall),twostep_recall,475,0.5874054553446496,0.19709720265376565,0.295652577971248,0.2846638654192503,0.9351104878685418,0.20017053805959426,False
noise,5.140640682151394,accuracy,TwoStep (recall),twostep_recall,454,0.5326170006506754,0.19708526552895972,0.2861171580731291,0.25356961285960106,0.9226966336555376,0.20017053805959426,False
noise,0.020482034030709487,accuracy,TwoStep (tuned),twostep_tuned,511,0.5744655699989569,0.19708206633691822,0.2891538044267513,0.28893593781031013,0.9214793828784694,0.20150129695213972,False
data_size,89709.39328288496,accuracy,TwoStep (tuned),twostep_tuned,509,0.6120907076561372,0.19688349701127408,0.2984085539184994,0.29763738937214856,0.9600634292845162,0.20266057683426808,False
data_size,1421.9004443801273,accuracy,TwoStep (recall),twostep_recall,524,0.5673138731960649,0.1968266004301482,0.2884893175540873,0.26903620273531775,0.9297143561566635,0.20325346961310944,False
noise,0.012924172211646637,accuracy,TwoStep (recall),twostep_recall,494,0.5866755610887796,0.19682055639521978,0.29472318457128766,0.3052162637833637,0.9345958448817174,0.20017053805959426,False
data_size,1421.9004443801273,accuracy,TwoStep (tuned),twostep_tuned,524,0.5673697034079297,0.1966516682878607,0.2822007314955072,0.26915280464216634,0.9314870756773591,0.20266057683426808,False
noise,0.8149591878462659,accuracy,TwoStep (tuned),twostep_tuned,507,0.5711391819292804,0.19664552490799084,0.2740199547897857,0.27094316579847216,0.9214905660377358,0.20150129695213972,False
sparsity,2.0,accuracy,TwoStep (tuned),twostep_tuned,1669,0.6206395433286331,0.19651724143881183,0.32149568492321157,0.29308259190555147,0.9039810860731438,0.2040129409175267,False
sparsity,1.0,fnr_region_2,λ=0,divtree_lambda0,1602,0.05094608306812981,0.196340315141699,0.0,0.0,0.35233354880413686,0.45101120398933037,False
sparsity,1.0,recall_region_2,λ=0,divtree_lambda0,1602,0.94905391693187,0.19634031514169897,0.0,0.647666451195863,1.0,0.45101120398933037,False
noise,0.0051459082904443,accuracy,TwoStep (tuned),twostep_tuned,475,0.5919432127431534,0.1963287592207564,0.28743403153746616,0.2854410146747948,0.9351104878685418,0.20150129695213972,False
noise,0.020482034030709487,accuracy,TwoStep (recall),twostep_recall,511,0.5702255062817354,0.19626197235323445,0.2910600546501453,0.28675078064929255,0.9141735495054553,0.20017053805959426,False
dispersion,0.5172064705241997,accuracy,TwoStep (tuned),twostep_tuned,902,0.5743401184904691,0.19620988120273197,0.3096522665373265,0.27493445836662017,0.8984221081925544,0.22012018879872716,False
noise,3.2437464635937765,accuracy,TwoStep (recall),twostep_recall,504,0.5527275219128864,0.19611351790162324,0.2968055668675693,0.27713899220342253,0.9186234874288531,0.20017053805959426,False
data_size,14218.435672247866,accuracy,TwoStep (tuned),twostep_tuned,445,0.5699057984747712,0.1960555709141418,0.2629287248440508,0.27835158345740907,0.9298261395711553,0.20266057683426808,False
rareness,0.26752573998233714,accuracy,TwoStep (recall),twostep_recall,967,0.4908990562409054,0.19599090435049132,0.2713490153149738,0.26089815045327697,0.920295085778292,0.20177250287395795,False
noise,5.140640682151394,accuracy,TwoStep (tuned),twostep_tuned,454,0.5282901823880274,0.19593106838959168,0.27405552584836856,0.2636929460580913,0.9226966336555376,0.20150129695213972,False
rareness,0.5201968472338883,accuracy,λ=8,divtree_lambda8_region2,869,0.5805228302385564,0.1958843109027103,0.0861725415356982,0.3276469103862094,1.0,0.2412737949750702,False
data_size,2253.5423055237598,accuracy,TwoStep (recall),twostep_recall,502,0.5706767439629471,0.1958682198423173,0.3014614831822432,0.295241975308642,0.91846318356252,0.20325346961310944,False
data_size,7126.183958196354,accuracy,TwoStep (recall),twostep_recall,503,0.574176805493359,0.19565663635066236,0.2877214911676243,0.2864173457452277,0.9294925351035214,0.20325346961310944,False
sparsity,2.0,accuracy,TwoStep (recall),twostep_recall,1669,0.6134876342718557,0.19562237956737819,0.3157232375903348,0.29116335332626847,0.8981196189582369,0.20314396535333862,False
data_size,7126.183958196354,accuracy,TwoStep (tuned),twostep_tuned,503,0.5749966009907214,0.19543932850928264,0.28972627286096797,0.2864173457452277,0.9296558004096438,0.20266057683426808,False
rareness,0.5201968472338883,accuracy,λ=2,divtree_lambda2_region2,869,0.585767773435544,0.19543309041309567,0.1013911540335532,0.3604704615714516,1.0,0.24357840857148774,False
noise,2.046805402410199,accuracy,TwoStep (tuned),twostep_tuned,507,0.5776619780807036,0.1954295169811045,0.28998538058642265,0.2989249753955636,0.9564554117915622,0.20150129695213972,False
data_size,14218.435672247866,accuracy,TwoStep (recall),twostep_recall,445,0.5660181341688875,0.19509041703086097,0.2649407332146176,0.279483075006002,0.9298261395711553,0.20325346961310944,False
rareness,0.5201968472338883,accuracy,λ=4,divtree_lambda4_region2,869,0.583347928208281,0.1950353704564793,0.0958734920652689,0.3515621344635672,1.0,0.24319606941612096,False
rareness,0.26752573998233714,accuracy,TwoStep (tuned),twostep_tuned,967,0.49655610530408917,0.1949405598904226,0.2683683516001829,0.26174502212389383,0.920295085778292,0.2019846824322885,False
data_size,4496.35407866857,accuracy,TwoStep (tuned),twostep_tuned,458,0.5590624068992339,0.19487020506824423,0.29005709110042066,0.2711906966444074,0.8923508379953278,0.20266057683426808,False
noise,2.046805402410199,accuracy,TwoStep (recall),twostep_recall,507,0.5757829612634662,0.19484018530827626,0.289711198163795,0.2979728864736965,0.9541025369065296,0.20017053805959426,False
rareness,0.045417845580381686,accuracy,TwoStep (tuned),twostep_tuned,185,0.6430817445258175,0.1948319419862911,0.25014212305499395,0.28203896103896103,0.9579597632810324,0.2019846824322885,False
rareness,0.045417845580381686,accuracy,TwoStep (recall),twostep_recall,185,0.6377727741624111,0.19480573258109476,0.2558788521468145,0.2798297257891357,0.9568263968677062,0.20177250287395795,False
rareness,0.41677372843092897,precision_region_2,TwoStep (tuned),twostep_tuned,897,0.5360458279502156,0.19477853943970952,0.17914438502673802,0.3717498818711608,1.0,0.38740544582759256,False
noise,0.08152374553859773,accuracy,TwoStep (recall),twostep_recall,507,0.5755126621758653,0.19456721078111294,0.2775322518864892,0.27463365814947965,0.9259493144993768,0.20017053805959426,False
rareness,0.41677372843092897,precision_region_2,TwoStep (recall),twostep_recall,914,0.5237190723185083,0.19420612642854482,0.1551708881594756,0.3711861822978605,1.0,0.3852468728546817,False
noise,0.002048902761431835,accuracy,TwoStep (recall),twostep_recall,520,0.5897678739583696,0.19396549900999924,0.2806404104788422,0.29297818375105444,0.927626536698353,0.20017053805959426,False
data_size,4496.35407866857,accuracy,TwoStep (recall),twostep_recall,458,0.5585166517597178,0.19389314014498701,0.28872838036308685,0.27271889290668944,0.8858774155200471,0.20325346961310944,False
rareness,0.05668836221519578,fnr_region_2,TwoStep (recall),twostep_recall,243,0.9456591396219176,0.1938223595859379,0.0,0.7073235294117647,1.0,0.4067749558697657,False
rareness,0.05668836221519578,recall_region_2,TwoStep (recall),twostep_recall,243,0.05434086037808249,0.1938223595859379,0.0,0.0,0.29267647058823515,0.4067749558697657,False
rareness,0.5201968472338883,f1_region_2,λ=0,divtree_lambda0,869,0.6981799696438248,0.19380943605495832,0.07730704662186672,0.17290336493437544,1.0,0.365592354748749,False
rareness,0.41677372843092897,accuracy,TwoStep (tuned),twostep_tuned,981,0.4728690885081704,0.1937662042216601,0.1433532959534788,0.22598425196850394,0.9220532319391636,0.2019846824322885,False
rareness,0.045417845580381686,fnr_region_2,TwoStep (recall),twostep_recall,185,0.9523846515907369,0.19375046729230225,0.0,0.7337373737373739,1.0,0.4067749558697657,False
rareness,0.045417845580381686,recall_region_2,TwoStep (recall),twostep_recall,185,0.04761534840926299,0.19375046729230225,0.0,0.0,0.26626262626262337,0.4067749558697657,False
noise,0.002048902761431835,accuracy,TwoStep (tuned),twostep_tuned,520,0.5953822659742058,0.19362905635264505,0.2833275469676934,0.3033004769475358,0.9401460945473296,0.20150129695213972,False
noise,0.08152374553859773,accuracy,TwoStep (tuned),twostep_tuned,507,0.5785708365666676,0.19355713973377583,0.2774947458633673,0.2841116461597215,0.9259493144993768,0.20150129695213972,False
dispersion,0.03519200285202227,accuracy,TwoStep (recall),twostep_recall,102,0.6300796793741908,0.19348322371627544,0.25618602666274215,0.3120861678004535,0.9581618274773913,0.2214475147472897,False
rareness,0.045417845580381686,fnr_region_2,TwoStep (tuned),twostep_tuned,185,0.9529748155251633,0.19312559744708666,0.0,0.7337373737373739,1.0,0.39211844455319544,False
rareness,0.045417845580381686,recall_region_2,TwoStep (tuned),twostep_tuned,185,0.047025184474836765,0.19312559744708666,0.0,0.0,0.26626262626262337,0.39211844455319544,False
noise,0.514239595217779,accuracy,TwoStep (recall),twostep_recall,458,0.5837149453293071,0.1930238729486414,0.28999075645795763,0.2971622796916289,0.9380832559828887,0.20017053805959426,False
noise,0.2047504283424231,accuracy,TwoStep (tuned),twostep_tuned,476,0.57538075452326,0.1929800811352302,0.2699838728500724,0.2696892901897601,0.9468548618446206,0.20150129695213972,False
rareness,0.02335739405554703,accuracy,TwoStep (tuned),twostep_tuned,32,0.6570716001892896,0.19262229087618904,0.2144283902216625,0.29109848206004035,0.9669049223811802,0.2019846824322885,False
noise,0.2047504283424231,accuracy,TwoStep (recall),twostep_recall,476,0.5714698310728938,0.19246736264322845,0.26689163362419965,0.27210032125055433,0.9405540104660227,0.20017053805959426,False
sparsity,1.0,f1_region_2,λ=0,divtree_lambda0,1602,0.9442652127520506,0.19239919804651137,0.0010323212581384578,0.672094470969069,1.0,0.32696038285494566,False
data_size,8971.298187393322,accuracy,TwoStep (tuned),twostep_tuned,522,0.5618711761295601,0.19229150087227068,0.2681787936492024,0.2636931084643241,0.9109302856909276,0.20266057683426808,False
rareness,0.05668836221519578,fnr_region_2,TwoStep (tuned),twostep_tuned,243,0.9461516314445491,0.19207347622073206,0.0,0.6600471976401181,1.0,0.39211844455319544,False
rareness,0.05668836221519578,recall_region_2,TwoStep (tuned),twostep_tuned,243,0.05384836855545094,0.19207347622073206,0.0,0.0,0.3399528023598808,0.39211844455319544,False
data_size,56603.25340302813,accuracy,TwoStep (recall),twostep_recall,513,0.5828222262183529,0.19188282632293274,0.2920111820727898,0.29800495220221357,0.9059551828575748,0.20325346961310944,False
rareness,0.33391271330047,accuracy,TwoStep (tuned),twostep_tuned,1004,0.4590811126321618,0.19186587455219187,0.2103909735068918,0.24127940951084495,0.888726161060482,0.2019846824322885,False
rareness,0.02335739405554703,accuracy,TwoStep (recall),twostep_recall,32,0.6573804242208184,0.19183091601309746,0.2143397534551318,0.29852935763607724,0.9669049223811802,0.20177250287395795,False
data_size,56603.25340302813,accuracy,TwoStep (tuned),twostep_tuned,513,0.5886932321624031,0.19171069983419353,0.29312115208419803,0.29877197720017173,0.9080161163356271,0.20266057683426808,False
noise,0.514239595217779,accuracy,TwoStep (tuned),twostep_tuned,458,0.5873556094153137,0.19168732086736193,0.2865931136676466,0.3046167553949199,0.9397713549876675,0.20150129695213972,False
data_size,2837.030326379124,accuracy,TwoStep (tuned),twostep_tuned,555,0.5526375034314662,0.1916860275310462,0.2851603457236338,0.2822475772727075,0.9092678554410085,0.20266057683426808,False
dispersion,0.1687805109426452,accuracy,TwoStep (recall),twostep_recall,880,0.5515197825207803,0.19159532764157722,0.26628691499826396,0.2773652139828243,0.9162199060719588,0.2214475147472897,False
data_size,2837.030326379124,accuracy,TwoStep (recall),twostep_recall,555,0.551981911484225,0.19154555208842433,0.2851889948919751,0.28129995185363504,0.9092678554410085,0.20325346961310944,False
dispersion,0.1687805109426452,accuracy,TwoStep (tuned),twostep_tuned,880,0.5536927194958442,0.1911878286134782,0.2664030677550552,0.28385739531364823,0.9197756791707237,0.22012018879872716,False
rareness,0.05668836221519578,accuracy,TwoStep (recall),twostep_recall,243,0.6123686938688162,0.1910960778323748,0.2871858153000221,0.31064927891652444,0.9396457729347861,0.20177250287395795,False
data_size,8971.298187393322,accuracy,TwoStep (recall),twostep_recall,522,0.5588926426697148,0.19107128715662255,0.2603796966945777,0.2614630307852245,0.8992391725391952,0.20325346961310944,False
rareness,0.05668836221519578,accuracy,TwoStep (tuned),twostep_tuned,243,0.6154272627036637,0.1908298676448077,0.27598308451859876,0.3125622140386118,0.9396457729347861,0.2019846824322885,False
noise,0.32448540397292847,accuracy,TwoStep (tuned),twostep_tuned,536,0.5758897491527849,0.19079262504107766,0.2742440547249874,0.29443775825908675,0.9312027265673717,0.20150129695213972,False
rareness,0.33391271330047,accuracy,TwoStep (recall),twostep_recall,1004,0.4535462764159095,0.19047460027697535,0.20491375269725215,0.2418900240299329,0.8858117488558547,0.20177250287395795,False
data_size,28369.168428963523,accuracy,TwoStep (recall),twostep_recall,492,0.5775732091855845,0.18993032017409378,0.2565567350604822,0.27143272547914554,0.9166414331833477,0.20325346961310944,False
noise,0.32448540397292847,accuracy,TwoStep (recall),twostep_recall,536,0.5718118313766438,0.18982254708705637,0.2710544661350878,0.2909555312590726,0.9179962107448567,0.20017053805959426,False
noise,8.146810152884804,accuracy,TwoStep (recall),twostep_recall,494,0.5003815605568398,0.18964321137374351,0.28143516786656514,0.26236044342570275,0.8612976354919963,0.20017053805959426,False
data_size,28369.168428963523,accuracy,TwoStep (tuned),twostep_tuned,492,0.5823233980833226,0.18906014406304178,0.2555788796090906,0.275977011681014,0.9284211430846806,0.20266057683426808,False
rareness,0.41677372843092897,accuracy,TwoStep (recall),twostep_recall,981,0.4698734727502441,0.1886991045915328,0.10860603968593435,0.22598425196850394,0.9152542372881356,0.20177250287395795,False
noise,8.146810152884804,accuracy,TwoStep (tuned),twostep_tuned,494,0.492641245279243,0.18846385614388786,0.2743595278345652,0.263162025911785,0.8580049552923452,0.20150129695213972,False
dispersion,0.21114977730367337,accuracy,TwoStep (tuned),twostep_tuned,1011,0.5501556125454327,0.18821583032732733,0.2589312387435754,0.2680600970074654,0.9095996332403491,0.22012018879872716,False
dispersion,0.21114977730367337,accuracy,TwoStep (recall),twostep_recall,1011,0.547400885055099,0.18801757847627906,0.2606716643519916,0.2679883469357154,0.9047578341370688,0.2214475147472897,False
sparsity,1.0,fnr_region_2,λ=2,divtree_lambda2_region2,1602,0.046992122536519465,0.1874238762060912,0.0,0.0,0.31844434094084717,0.4494067659717432,False
sparsity,1.0,recall_region_2,λ=2,divtree_lambda2_region2,1602,0.9530078774634805,0.1874238762060912,0.0,0.6815556590591523,1.0,0.4494067659717432,False
noise,1.2915350821512999,accuracy,TwoStep (tuned),twostep_tuned,493,0.5584840722362628,0.18697707025876723,0.26953417587298206,0.28350657343304675,0.9006845260875112,0.20150129695213972,False
dispersion,0.04402631277493798,accuracy,TwoStep (recall),twostep_recall,157,0.5980685125219943,0.18684699544114267,0.27786114840849857,0.31090504310947953,0.9569086157236881,0.2214475147472897,False
rareness,0.21433751607024035,accuracy,TwoStep (recall),twostep_recall,978,0.5346941880844283,0.18680330865604802,0.24877700787646773,0.2603837205702105,0.9383431289910148,0.20177250287395795,False
noise,0.05144151821540545,accuracy,TwoStep (tuned),twostep_tuned,502,0.5658574737684725,0.18648106102275594,0.2678048373349373,0.2754147377176566,0.9001170687661576,0.20150129695213972,False
data_size,3571.5952849281794,accuracy,TwoStep (tuned),twostep_tuned,513,0.5543131829876161,0.18637115054216088,0.2722905623050194,0.29688502008624185,0.9065253582960439,0.20266057683426808,False
noise,1.2915350821512999,accuracy,TwoStep (recall),twostep_recall,493,0.5549219461476279,0.18625102609138985,0.2711026603688143,0.2803407805621632,0.8933152548563079,0.20017053805959426,False
noise,0.05144151821540545,accuracy,TwoStep (recall),twostep_recall,502,0.5617560661206731,0.18620490158474987,0.2595726175796248,0.2754147377176566,0.9001170687661576,0.20017053805959426,False
dispersion,0.04402631277493798,accuracy,TwoStep (tuned),twostep_tuned,157,0.6018774436145926,0.18616748799865465,0.27060560198026407,0.31090504310947953,0.9571298507521924,0.22012018879872716,False
rareness,0.045417845580381686,f1_region_2,TwoStep (recall),twostep_recall,185,0.04567828843222084,0.1852720599530324,0.0,0.0,0.16630389533154785,0.29195352066298685,False
dispersion,0.264155074578139,accuracy,TwoStep (recall),twostep_recall,1025,0.5463896304310871,0.18514250092037793,0.25839711069212373,0.2611693552164929,0.8783601995205095,0.2214475147472897,False
data_size,35714.5241825939,accuracy,TwoStep (recall),twostep_recall,513,0.5767887602901881,0.18507304487874776,0.2686457341574902,0.3037181893134956,0.8989825513839873,0.20325346961310944,False
data_size,3571.5952849281794,accuracy,TwoStep (recall),twostep_recall,513,0.5550504571312357,0.18501064818830096,0.2669762427961358,0.29580824736709677,0.901367060009267,0.20325346961310944,False
rareness,0.045417845580381686,f1_region_2,TwoStep (tuned),twostep_tuned,185,0.045321509026709714,0.18499636930715224,0.0,0.0,0.16596491228070037,0.29532883924156567,False
dispersion,0.264155074578139,accuracy,TwoStep (tuned),twostep_tuned,1025,0.5482574440228459,0.18497570716999728,0.259371478824855,0.26250685921796696,0.8800722286384717,0.22012018879872716,False
data_size,35714.5241825939,accuracy,TwoStep (tuned),twostep_tuned,513,0.5801080021332047,0.18495864128368703,0.2646631877584509,0.29920958097023204,0.9005438831718865,0.20266057683426808,False
rareness,0.07075567697181442,f1_region_2,TwoStep (tuned),twostep_tuned,360,0.05268685998811462,0.18494386204260366,0.0,0.0,0.25982494278579826,0.29532883924156567,False
rareness,0.07075567697181442,f1_region_2,TwoStep (recall),twostep_recall,360,0.053010549318107114,0.1847956503856118,0.0,0.0,0.2579706792199064,0.29195352066298685,False
dispersion,0.330466384177277,accuracy,TwoStep (tuned),twostep_tuned,1021,0.5621324493860215,0.18456925611418548,0.2791515293566155,0.2808219178082192,0.8706099815157117,0.22012018879872716,False
rareness,0.21433751607024035,accuracy,TwoStep (tuned),twostep_tuned,978,0.5390144503084408,0.1843208428304157,0.24765104571115715,0.28769522466167874,0.9399782765067047,0.2019846824322885,False
dispersion,0.330466384177277,accuracy,TwoStep (recall),twostep_recall,1021,0.5608216527938106,0.18401423189721194,0.27359739161455254,0.2796019900497512,0.8703071672354948,0.2214475147472897,False
rareness,0.08831382012299085,accuracy,TwoStep (recall),twostep_recall,473,0.5957329054210275,0.18365407606810316,0.26720303506017784,0.31519980020688804,0.9044149004781497,0.20177250287395795,False
rareness,0.08831382012299085,f1_region_2,TwoStep (tuned),twostep_tuned,473,0.06265223657614212,0.18358114479351967,0.0030745580322828594,0.0,0.427352396013281,0.29532883924156567,False
rareness,0.08831382012299085,f1_region_2,TwoStep (recall),twostep_recall,473,0.06330455226927889,0.18357456562248045,0.006691449814126394,0.0,0.427352396013281,0.29195352066298685,False
rareness,0.08831382012299085,accuracy,TwoStep (tuned),twostep_tuned,473,0.600598021380656,0.18333572887082722,0.27565620896556753,0.3196115288220552,0.9051356023225952,0.2019846824322885,False
dispersion,0.4134239376079035,accuracy,TwoStep (recall),twostep_recall,917,0.5527387202852875,0.18297656809696106,0.25880148705280215,0.2737491783464689,0.8870615285986599,0.2214475147472897,False
dispersion,0.4134239376079035,accuracy,TwoStep (tuned),twostep_tuned,917,0.5558422243582929,0.1828043558677067,0.26259506651663517,0.28007326985101166,0.8870615285986599,0.22012018879872716,False
rareness,0.17172392756746951,accuracy,TwoStep (recall),twostep_recall,878,0.5504632691663957,0.18222420335194153,0.2750623543433846,0.2957106490001227,0.8818653429285114,0.20177250287395795,False
rareness,0.07075567697181442,accuracy,TwoStep (recall),twostep_recall,360,0.6102466903116598,0.18186702947681316,0.27018275093465205,0.3252216559785543,0.9185979407163313,0.20177250287395795,False
rareness,0.07075567697181442,accuracy,TwoStep (tuned),twostep_tuned,360,0.6128400384639434,0.18048680790289998,0.2661656636238255,0.33616073932441043,0.9185979407163313,0.2019846824322885,False
sparsity,1.0,f1_region_2,λ=2,divtree_lambda2_region2,1602,0.9486083176811176,0.1792943539778007,0.0,0.6568226873212754,1.0,0.32042417507994103,False
rareness,0.17172392756746951,accuracy,TwoStep (tuned),twostep_tuned,878,0.5539969356458905,0.17924400369855323,0.27130593408874615,0.2972026177568903,0.8818653429285114,0.2019846824322885,False
rareness,0.5201968472338883,precision_region_2,λ=0,divtree_lambda0,854,0.6112423779343238,0.1791526342394984,0.10181002653424426,0.4658984112513585,1.0,0.4347942564941138,False
sparsity,1.0,fnr_region_2,λ=4,divtree_lambda4_region2,1602,0.043715687365601066,0.17818363339204035,0.0,0.0,0.28211462450592706,0.4475644281862241,False
sparsity,1.0,recall_region_2,λ=4,divtree_lambda4_region2,1602,0.9562843126343988,0.17818363339204035,0.0,0.7178853754940713,1.0,0.4475644281862242,False
rareness,0.5201968472338883,precision_region_2,λ=8,divtree_lambda8_region2,869,0.6101562922933776,0.1779018058112668,0.10892767503216871,0.4656934978962073,1.0,0.44668270894847406,False
rareness,0.5201968472338883,precision_region_2,λ=2,divtree_lambda2_region2,865,0.6090683745934611,0.17652035103395813,0.11009612084981096,0.46514627313986223,1.0,0.44840864800223723,False
rareness,0.5201968472338883,precision_region_2,λ=4,divtree_lambda4_region2,867,0.6097292781231497,0.17617124724434902,0.11560156528319199,0.4661618463402845,1.0,0.44723907984467964,False
rareness,0.11022904674946227,accuracy,TwoStep (recall),twostep_recall,626,0.6020993041260516,0.17608442174655406,0.2483120211593265,0.3410374988215101,0.9004997079209159,0.20177250287395795,False
rareness,0.11022904674946227,accuracy,TwoStep (tuned),twostep_tuned,626,0.6051631850272319,0.175283876399863,0.24743235410027808,0.34224183847843936,0.9004997079209159,0.2019846824322885,False
rareness,0.13758257462279105,accuracy,TwoStep (recall),twostep_recall,743,0.5758009144073066,0.17420566990561195,0.23953403071118645,0.31344545315692,0.8781091577362594,0.20177250287395795,False
sparsity,1.0,fnr_region_2,λ=8,divtree_lambda8_region2,1602,0.04249483998647983,0.17414045660416932,0.0,0.0,0.27151675485008786,0.44563878230870924,False
sparsity,1.0,recall_region_2,λ=8,divtree_lambda8_region2,1602,0.9575051600135202,0.17414045660416932,0.0,0.7284832451499118,1.0,0.44563878230870924,False
sparsity,1.0,f1_region_2,λ=4,divtree_lambda4_region2,1602,0.9497614540105674,0.17386053815920544,0.0,0.6805357395946522,1.0,0.3168613779798698,False
rareness,0.13758257462279105,accuracy,TwoStep (tuned),twostep_tuned,743,0.5783295062465557,0.17272165871509304,0.23822799699656905,0.319855472578441,0.8781091577362594,0.2019846824322885,False
rareness,0.5201968472338883,fnr_region_2,TwoStep (tuned),twostep_tuned,869,0.08022042531516463,0.17118646291015027,0.061744022503516176,0.0,0.48561242348049966,0.39211844455319544,False
rareness,0.5201968472338883,recall_region_2,TwoStep (tuned),twostep_tuned,869,0.9197795746848354,0.17118646291015024,0.06174402250351618,0.5143875765194996,1.0,0.39211844455319544,False
sparsity,1.0,f1_region_2,λ=8,divtree_lambda8_region2,1602,0.9521107314729984,0.16819528729066707,0.0005755144140836554,0.7077515565374574,1.0,0.31479642463560176,False
rareness,0.05668836221519578,f1_region_2,TwoStep (tuned),twostep_tuned,243,0.04634639079344431,0.16671287473276836,0.0,0.0,0.19984796537333785,0.29532883924156567,False
rareness,0.05668836221519578,f1_region_2,TwoStep (recall),twostep_recall,243,0.04624011804763553,0.16660296600834937,0.0,0.0,0.19984796537333785,0.29195352066298685,False
sparsity,3.0,accuracy,λ=0,divtree_lambda0,1708,0.5115521780681104,0.1655511478469587,0.21875301332846964,0.2372171606962337,0.8108524665470498,0.16695194788555223,False
sparsity,3.0,accuracy,λ=2,divtree_lambda2_region2,1708,0.5123617167481209,0.16529630122002786,0.21874744399994517,0.24100920447074292,0.8071322821822488,0.16606143884679433,False
sparsity,6.0,accuracy,λ=0,divtree_lambda0,1633,0.4871295191781277,0.16527100055337762,0.22238960174004668,0.22249699142411342,0.7742027555586876,0.16695194788555223,False
sparsity,6.0,accuracy,λ=2,divtree_lambda2_region2,1633,0.4893863875569974,0.1641953582954883,0.21718636693255988,0.22868013706723384,0.7776848111212209,0.16606143884679433,False
sparsity,6.0,accuracy,λ=4,divtree_lambda4_region2,1633,0.49062982737083566,0.16383307551122522,0.21835759311680986,0.22868013706723384,0.7776848111212209,0.16438422713933698,False
sparsity,2.0,accuracy,λ=4,divtree_lambda4_region2,1669,0.6418096492540718,0.16367778569481625,0.22988126257011054,0.3743380354777479,0.9019225314476179,0.16438422713933698,False
sparsity,5.0,accuracy,λ=4,divtree_lambda4_region2,1741,0.49384079889378785,0.16335437949293705,0.22134621433934276,0.2252650176678445,0.7742130750605327,0.16438422713933698,False
sparsity,6.0,accuracy,λ=8,divtree_lambda8_region2,1633,0.49138167248628317,0.16306343955562674,0.21862982853012997,0.23400629900679057,0.7776482449556226,0.16381639547334115,False
sparsity,2.0,accuracy,λ=8,divtree_lambda8_region2,1669,0.6364085931687158,0.16297438356848898,0.2246590894129603,0.3664192487465507,0.8930788745061183,0.16381639547334115,False
sparsity,5.0,accuracy,λ=8,divtree_lambda8_region2,1741,0.4939284781444391,0.1627098481874819,0.221242104661465,0.2264788732394366,0.7742130750605327,0.16381639547334115,False
sparsity,5.0,accuracy,λ=2,divtree_lambda2_region2,1741,0.4945343330930728,0.16208854638357964,0.21959432314710114,0.22739018087855298,0.7735434956105347,0.16606143884679433,False
sparsity,5.0,accuracy,λ=0,divtree_lambda0,1741,0.49309576983792763,0.16193611854422854,0.21984919202903763,0.22705314009661837,0.7692307692307693,0.16695194788555223,False
sparsity,4.0,accuracy,λ=2,divtree_lambda2_region2,1647,0.5026616485735799,0.1615509306357653,0.2195660763624912,0.2346109827237928,0.7776003827665349,0.16606143884679433,False
sparsity,4.0,accuracy,λ=4,divtree_lambda4_region2,1647,0.5020921623515058,0.16147078287206743,0.21777545036698864,0.23458989685018652,0.778558331834406,0.16438422713933698,False
sparsity,4.0,accuracy,λ=8,divtree_lambda8_region2,1647,0.5019650823524664,0.16130118447893174,0.21701945281344104,0.23260863172982316,0.7786423917033775,0.16381639547334115,False
sparsity,4.0,accuracy,λ=0,divtree_lambda0,1647,0.5012890680848036,0.16112784927385915,0.21424399594359272,0.23322665523386799,0.7781508924639274,0.16695194788555223,False
sparsity,6.0,accuracy,TwoStep (recall),twostep_recall,1633,0.4973597264924144,0.1610697976953514,0.23257386319343254,0.26008937082936134,0.7796101191576404,0.20314396535333862,False
sparsity,6.0,accuracy,TwoStep (tuned),twostep_tuned,1633,0.4970807080306749,0.16019311690304752,0.23334326886466478,0.2625783093320316,0.7789568869960911,0.2040129409175267,False
sparsity,5.0,accuracy,TwoStep (tuned),twostep_tuned,1741,0.5016123324895689,0.1586494641030778,0.23169269389061165,0.26479750778816197,0.7775,0.2040129409175267,False
sparsity,5.0,accuracy,TwoStep (recall),twostep_recall,1741,0.5021103167916887,0.15840459882204702,0.23115155740136983,0.26456542502387775,0.7773293318155162,0.20314396535333862,False
sparsity,4.0,accuracy,TwoStep (recall),twostep_recall,1647,0.51159369533638,0.15649569561098006,0.22534408157522917,0.26924042051743774,0.7878577598378762,0.20314396535333862,False
sparsity,4.0,accuracy,TwoStep (tuned),twostep_tuned,1647,0.5130197876792022,0.15563948362607888,0.22543500053300436,0.2713660369333286,0.7912186717295577,0.2040129409175267,False
sparsity,3.0,accuracy,TwoStep (recall),twostep_recall,1708,0.5415970704091781,0.15508958807871387,0.22782629715816527,0.3100106504822153,0.8204447623962698,0.20314396535333862,False
sparsity,3.0,accuracy,TwoStep (tuned),twostep_tuned,1708,0.5509512465894459,0.1531703803135206,0.22566704677437133,0.3139004402672661,0.8256875981820276,0.2040129409175267,False
rareness,0.5201968472338883,accuracy,TwoStep (tuned),twostep_tuned,869,0.5620035055223628,0.1525188527813694,0.08520183195069919,0.3846705309220148,0.9238214462234325,0.2019846824322885,False
rareness,0.5201968472338883,fnr_region_2,TwoStep (recall),twostep_recall,869,0.04867495807530541,0.15050294876749118,0.0015233949945593036,0.0,0.40840856746556203,0.4067749558697657,False
rareness,0.5201968472338883,recall_region_2,TwoStep (recall),twostep_recall,869,0.9513250419246947,0.15050294876749115,0.001523394994559335,0.5915914325344378,1.0,0.4067749558697657,False
rareness,0.6492845911637737,accuracy,λ=0,divtree_lambda0,803,0.7072041051406077,0.14995007061910398,0.11593801819439187,0.5628816551334558,1.0,0.242229978169876,False
rareness,0.5201968472338883,precision_region_2,TwoStep (tuned),twostep_tuned,867,0.5869630226260429,0.14730995710915792,0.07330165156857238,0.46837512147424293,1.0,0.38740544582759256,False
rareness,0.5201968472338883,accuracy,TwoStep (recall),twostep_recall,869,0.5616310649570124,0.14497398527921868,0.07821108758096806,0.4383755488010807,0.9214589725980421,0.20177250287395795,False
rareness,0.6492845911637737,accuracy,λ=2,divtree_lambda2_region2,803,0.712169923260554,0.143629194205721,0.10886323686653376,0.5778741893544044,1.0,0.24357840857148774,False
rareness,0.5201968472338883,precision_region_2,TwoStep (recall),twostep_recall,867,0.5775058908704509,0.1427272011973365,0.07060026526491198,0.467061498475952,1.0,0.3852468728546817,False
rareness,0.6492845911637737,accuracy,λ=4,divtree_lambda4_region2,803,0.7103279417576207,0.1417822988856789,0.10369855512825144,0.581512780027917,1.0,0.24319606941612096,False
rareness,0.6492845911637737,accuracy,λ=8,divtree_lambda8_region2,803,0.7089240575416832,0.14128712629314846,0.10136704455057188,0.581314492717389,1.0,0.2412737949750702,False
rareness,0.6492845911637737,precision_region_2,λ=2,divtree_lambda2_region2,803,0.7185150857144139,0.13831364486246633,0.1093359485695592,0.5844852429314378,1.0,0.44840864800223723,False
rareness,0.6492845911637737,precision_region_2,λ=0,divtree_lambda0,802,0.7186790739009238,0.13795437761212256,0.10536144856955343,0.5858621119899315,1.0,0.4347942564941138,False
rareness,0.6492845911637737,precision_region_2,λ=4,divtree_lambda4_region2,803,0.715862979659111,0.1372454125703424,0.10266724377937786,0.5849528314145378,1.0,0.44723907984467964,False
rareness,0.6492845911637737,precision_region_2,λ=8,divtree_lambda8_region2,803,0.7153297723601649,0.13655484480441057,0.10019100055642705,0.5851786645493285,1.0,0.44668270894847406,False
rareness,0.5201968472338883,f1_region_2,TwoStep (tuned),twostep_tuned,869,0.7010498159914256,0.13311213315589893,0.07292456972835193,0.5052879182713373,1.0,0.29532883924156567,False
rareness,0.5201968472338883,f1_region_2,TwoStep (recall),twostep_recall,869,0.7038992700779726,0.12439991076404253,0.06527437381082324,0.5512530306719887,1.0,0.29195352066298685,False
rareness,0.6492845911637737,precision_region_2,TwoStep (tuned),twostep_tuned,803,0.6995512409806462,0.12257332284690783,0.0953142890480646,0.5851539189029437,1.0,0.38740544582759256,False
sparsity,1.0,precision_region_2,λ=4,divtree_lambda4_region2,1588,0.9690866476868248,0.12077072256842858,0.0,0.80931344356578,1.0,0.2478079381918113,False
rareness,0.6492845911637737,precision_region_2,TwoStep (recall),twostep_recall,803,0.6936819167733157,0.1196252960887411,0.09311445376044503,0.5844253667664348,1.0,0.3852468728546817,False
sparsity,1.0,precision_region_2,λ=2,divtree_lambda2_region2,1590,0.9717147337647956,0.11797745328463886,0.0,0.8278041415012942,1.0,0.24441833111787253,False
rareness,0.6492845911637737,accuracy,TwoStep (tuned),twostep_tuned,803,0.6879948944383347,0.11622592403719377,0.09875999948350689,0.5781289458636693,0.9656012964383176,0.2019846824322885,False
sparsity,1.0,precision_region_2,λ=8,divtree_lambda8_region2,1595,0.9709033901936729,0.11575692415383493,0.0,0.8337911417359795,1.0,0.2528327631614482,False
rareness,0.6492845911637737,accuracy,TwoStep (recall),twostep_recall,803,0.686788487322583,0.11081450049197489,0.0941554804039404,0.5825046390586106,0.9646844060176066,0.20177250287395795,False
sparsity,1.0,precision_region_2,λ=0,divtree_lambda0,1567,0.9755599202395129,0.10543218480526531,0.0,0.8717410110988478,1.0,0.23618352437614304,False
rareness,0.6492845911637737,f1_region_2,λ=0,divtree_lambda0,803,0.8187024643471954,0.10439973517693588,0.07906750168871712,0.7237178629504073,1.0,0.365592354748749,False
rareness,0.6492845911637737,f1_region_2,λ=8,divtree_lambda8_region2,803,0.8202629569755366,0.10199095920179363,0.07175664310885344,0.7357537114579368,1.0,0.3773597443848267,False
rareness,0.8104056811654687,accuracy,λ=0,divtree_lambda0,625,0.8361421982882373,0.10008781572900506,0.128218174694547,0.718755485228626,1.0,0.242229978169876,False
rareness,0.6492845911637737,f1_region_2,λ=2,divtree_lambda2_region2,803,0.8229242732912211,0.09759466344339454,0.07571448983547513,0.7333610857061048,1.0,0.3714824320098797,False
sparsity,1.0,accuracy,λ=8,divtree_lambda8_region2,1602,0.9692648685033082,0.09743597838154197,0.011544033765421013,0.8000048648177573,1.0,0.16381639547334115,False
rareness,0.6492845911637737,f1_region_2,λ=4,divtree_lambda4_region2,803,0.8216500320824143,0.0969359315353494,0.07358408000601624,0.7354295750315382,1.0,0.3769077654089158,False
sparsity,1.0,accuracy,λ=4,divtree_lambda4_region2,1602,0.9696903574719884,0.0967869400485295,0.00966696838896719,0.7995950315475148,1.0,0.16438422713933698,False
rareness,0.8104056811654687,accuracy,λ=2,divtree_lambda2_region2,625,0.8394988661884738,0.09344340722896041,0.1243226078477877,0.729191790965831,1.0,0.24357840857148774,False
rareness,0.8104056811654687,accuracy,λ=4,divtree_lambda4_region2,625,0.8397362977495126,0.09208010619317333,0.12412771809072631,0.7293855731573363,1.0,0.24319606941612096,False
sparsity,1.0,accuracy,λ=2,divtree_lambda2_region2,1602,0.9720305702996743,0.091447755973302,0.007734568085043025,0.8324865563179474,1.0,0.16606143884679433,False
rareness,0.8104056811654687,accuracy,λ=8,divtree_lambda8_region2,625,0.8386352329118046,0.09079316280134288,0.123084869240491,0.7299545779708595,1.0,0.2412737949750702,False
rareness,0.8104056811654687,precision_region_2,λ=4,divtree_lambda4_region2,625,0.8430633801684767,0.08674088911171805,0.12404133895302616,0.7312603878116343,1.0,0.44723907984467964,False
rareness,0.8104056811654687,precision_region_2,λ=2,divtree_lambda2_region2,624,0.844561685949887,0.08661487284969849,0.12321211454663628,0.7314676386425389,1.0,0.44840864800223723,False
rareness,0.8104056811654687,precision_region_2,λ=0,divtree_lambda0,623,0.8459936826843539,0.0864430997326724,0.12417292152337434,0.7320074779806324,1.0,0.4347942564941138,False
sparsity,1.0,accuracy,λ=0,divtree_lambda0,1602,0.9736667110843634,0.08595707557232557,0.006992248325859651,0.8398638495613654,1.0,0.16695194788555223,False
rareness,0.8104056811654687,precision_region_2,λ=8,divtree_lambda8_region2,625,0.8417811820233484,0.08591265675079302,0.12158775904445673,0.7314096561072693,1.0,0.44668270894847406,False
rareness,0.8104056811654687,accuracy,TwoStep (tuned),twostep_tuned,625,0.8212542219404877,0.08377604991786912,0.1105182067566044,0.7244248673951612,0.9693617130627273,0.2019846824322885,False
rareness,0.6492845911637737,f1_region_2,TwoStep (tuned),twostep_tuned,803,0.8121421471243869,0.08280723566844952,0.07063744765077429,0.733898576588974,1.0,0.29532883924156567,False
rareness,0.6492845911637737,fnr_region_2,λ=0,divtree_lambda0,803,0.0260812027687839,0.07963231254820295,0.029757442038143792,0.0,0.09471437740693196,0.4269225696109904,False
rareness,0.6492845911637737,recall_region_2,λ=0,divtree_lambda0,803,0.973918797231216,0.07963231254820295,0.02975744203814379,0.9052856225930681,1.0,0.42692256961099034,False
rareness,0.8104056811654687,precision_region_2,TwoStep (tuned),twostep_tuned,625,0.8327386207513052,0.07941541531546764,0.11111445714593238,0.7300530660996303,1.0,0.38740544582759256,False
rareness,0.8104056811654687,accuracy,TwoStep (recall),twostep_recall,625,0.8209764116466207,0.07870925465091674,0.10793827955043755,0.7277745773857741,0.9668708547581786,0.20177250287395795,False
rareness,0.6492845911637737,fnr_region_2,λ=8,divtree_lambda8_region2,803,0.013906795176864791,0.07817402220440801,0.0007240538912699888,0.0,0.05507376847078786,0.41673009671363453,False
rareness,0.6492845911637737,recall_region_2,λ=8,divtree_lambda8_region2,803,0.9860932048231352,0.07817402220440801,0.00072405389127006,0.9449262315292121,1.0,0.41673009671363453,False
rareness,0.6492845911637737,f1_region_2,TwoStep (recall),twostep_recall,803,0.8115370758073626,0.07756550889139144,0.06814261493259233,0.7364417200583455,1.0,0.29195352066298685,False
rareness,0.8104056811654687,precision_region_2,TwoStep (recall),twostep_recall,625,0.8290001265365834,0.07670876646681676,0.11086065425173464,0.7293855731573363,1.0,0.3852468728546817,False
rareness,0.8104056811654687,f1_region_2,λ=0,divtree_lambda0,625,0.9073520876409199,0.07356439809627659,0.07622079093116496,0.8379649392609919,1.0,0.365592354748749,False
rareness,0.6492845911637737,fnr_region_2,λ=4,divtree_lambda4_region2,803,0.01258983969080977,0.06850019287387553,0.0,0.0,0.05281484963300288,0.4158661160922854,False
rareness,0.6492845911637737,recall_region_2,λ=4,divtree_lambda4_region2,803,0.9874101603091903,0.06850019287387552,0.0,0.9471851503669971,1.0,0.4158661160922854,False
rareness,0.6492845911637737,fnr_region_2,λ=2,divtree_lambda2_region2,803,0.01440523128087816,0.06463826680813353,0.004042818328532614,0.0,0.07741018350995084,0.4210176578267515,False
rareness,0.6492845911637737,recall_region_2,λ=2,divtree_lambda2_region2,803,0.985594768719122,0.06463826680813353,0.004042818328532594,0.9225898164900491,1.0,0.4210176578267515,False
rareness,0.8104056811654687,f1_region_2,λ=2,divtree_lambda2_region2,625,0.9101864100005524,0.06263364165096505,0.07438177417657577,0.8434769007230776,1.0,0.3714824320098797,False
rareness,0.8104056811654687,f1_region_2,λ=4,divtree_lambda4_region2,625,0.9103890184233125,0.061010573715992084,0.07435824525296142,0.8435974292105678,1.0,0.3769077654089158,False
rareness,0.8104056811654687,fnr_region_2,λ=0,divtree_lambda0,625,0.01288607887421955,0.060727400392233725,0.0027116601385959627,0.0,0.07335502554219195,0.4269225696109904,False
rareness,0.8104056811654687,recall_region_2,λ=0,divtree_lambda0,625,0.9871139211257806,0.060727400392233725,0.002711660138595917,0.926644974457808,1.0,0.42692256961099034,False
rareness,0.8104056811654687,f1_region_2,λ=8,divtree_lambda8_region2,625,0.9098181231327962,0.06051763414842808,0.0736462132292075,0.8438228385195972,1.0,0.3773597443848267,False
rareness,0.8104056811654687,f1_region_2,TwoStep (tuned),twostep_tuned,625,0.9019502521028125,0.06048764720549496,0.06730160613972624,0.8402874116950487,1.0,0.29532883924156567,False
rareness,0.6492845911637737,recall_region_2,TwoStep (tuned),twostep_tuned,803,0.985422475773418,0.05968161721907058,0.0,0.9165780879312349,1.0,0.39211844455319544,False
rareness,0.6492845911637737,fnr_region_2,TwoStep (tuned),twostep_tuned,803,0.014577524226581906,0.059681617219070573,0.0,0.0,0.08342191206876515,0.39211844455319544,False
rareness,0.8104056811654687,f1_region_2,TwoStep (recall),twostep_recall,625,0.9014344581809557,0.05715713800217636,0.06628942543441407,0.8424415743244648,1.0,0.29195352066298685,False
rareness,0.8104056811654687,recall_region_2,TwoStep (tuned),twostep_tuned,625,0.9912193629419452,0.055146064827212474,0.0,0.9748814185712477,1.0,0.39211844455319544,False
rareness,0.8104056811654687,fnr_region_2,TwoStep (tuned),twostep_tuned,625,0.008780637058054635,0.05514606482721247,0.0,0.0,0.025118581428752333,0.39211844455319544,False
rareness,0.8104056811654687,fnr_region_2,TwoStep (recall),twostep_recall,625,0.0052752408094476596,0.04730697205723342,0.0,0.0,0.003027432705867917,0.4067749558697657,False
rareness,0.8104056811654687,recall_region_2,TwoStep (recall),twostep_recall,625,0.9947247591905524,0.04730697205723342,0.0,0.9969725672941321,1.0,0.4067749558697657,False
rareness,0.8104056811654687,fnr_region_2,λ=2,divtree_lambda2_region2,625,0.005815680407986038,0.04264065242001991,0.0,0.0,0.023071770334928212,0.4210176578267515,False
rareness,0.8104056811654687,recall_region_2,λ=2,divtree_lambda2_region2,625,0.9941843195920139,0.04264065242001991,0.0,0.9769282296650718,1.0,0.4210176578267515,False
rareness,0.8104056811654687,fnr_region_2,λ=4,divtree_lambda4_region2,625,0.003828836409884763,0.04005048525652411,0.0,0.0,0.01090572372041825,0.4158661160922854,False
rareness,0.8104056811654687,recall_region_2,λ=4,divtree_lambda4_region2,625,0.9961711635901153,0.04005048525652411,0.0,0.9890942762795818,1.0,0.4158661160922854,False
rareness,0.8104056811654687,fnr_region_2,λ=8,divtree_lambda8_region2,625,0.003454049969677134,0.03994846540275553,0.0,0.0,0.01090572372041825,0.41673009671363453,False
rareness,0.8104056811654687,recall_region_2,λ=8,divtree_lambda8_region2,625,0.9965459500303229,0.03994846540275553,0.0,0.9890942762795818,1.0,0.41673009671363453,False
rareness,0.6492845911637737,fnr_region_2,TwoStep (recall),twostep_recall,803,0.005901271033537825,0.038390316561081474,0.0,0.0,0.013702476958525318,0.4067749558697657,False
rareness,0.6492845911637737,recall_region_2,TwoStep (recall),twostep_recall,803,0.994098728966462,0.038390316561081474,0.0,0.9862975230414747,1.0,0.4067749558697657,False
rareness,0.02335739405554703,recall_region_2,TwoStep (recall),twostep_recall,32,0.007271527596047611,0.03194466986171184,0.0,0.0,0.02276723321761867,0.4067749558697657,False
rareness,0.02335739405554703,fnr_region_2,TwoStep (recall),twostep_recall,32,0.9927284724039523,0.03194466986171183,0.0,0.9772327667823814,1.0,0.4067749558697657,False
rareness,0.02335739405554703,recall_region_2,TwoStep (tuned),twostep_tuned,32,0.006798042747562762,0.029361903297845625,0.0,0.0,0.02276723321761867,0.39211844455319544,False
rareness,0.02335739405554703,fnr_region_2,TwoStep (tuned),twostep_tuned,32,0.9932019572524372,0.029361903297845618,0.0,0.9772327667823814,1.0,0.39211844455319544,False
rareness,0.02335739405554703,f1_region_2,TwoStep (recall),twostep_recall,32,0.0035628960366799623,0.011815523898034311,0.0,0.0,0.026021906943615586,0.29195352066298685,False
rareness,0.02335739405554703,f1_region_2,TwoStep (tuned),twostep_tuned,32,0.0032164851114202444,0.010459950109811614,0.0,0.0,0.02477647197779482,0.29532883924156567,False
